id,sender,received_at,text
0,الراجحي,2024-12-11T02:34:00,"Bill payment AED 35,537.14 to jarir bookstore succeeded. Fee AED 82.31. Ref 565623510"
1,الأهلي,2024-07-29T02:48:00,"Purchase of ر.س 4,467.79 at starbucks on card ending ****5744 on 29/07/2024 02:48. Available balance ر.س 110,579.86 -alrajhi"
2,بنك الرياض,2024-07-12T14:14:00,"‏سحب نقدي 69,951.70 ر.س من الحساب ***815 بتاريخ 12/07/2024 الرصيد المتاح 232,827.65‎"
3,alrajhi,2024-02-25T08:03:00,"Bill payment Ø±.Ø³ 37,955.74 to Ù‡Ù†Ù‚Ø±Ø³ØªÙŠØ´Ù† succeeded. Fee ر.س 8.68. Ref 173833652"
4,الراجحي,2024-09-17T21:59:00,"Salary of ر.س 79,834.19 credited to account ***160 on 17/09/2024"
5,snb,2024-07-19T07:53:00,عزيزنا  العميل تم تفعيل خدمة المدفوعات الدولية على حسابك ***280 للاستفسار اتصل على 966589070818
6,الراجحي,2024-09-08T09:37:00,‏Your OTP is 420894. Valid for 5 minutes. Do not share it with anyone‎ -snb
7,snb,2024-08-11T10:55:00,"Bill payment SAR 6,333.05 to نون succeeded. Fee SAR 38.25. Ref 624059081"
8,snb,2024-03-15T17:11:00,"Purchase of USD 13,198.50 at نون on card ending xxxx5278 on 2024-03-15 17:11. Available balance USD 271,609.05"
9,snb,2024-09-26T09:06:00,Your card xxxx8737 was declined at amazon.sa due to insufficient funds
10,الراجحي,2024-11-01T23:50:00,رمز التحقق الخاص بك هو 828468 صالح لمدة 15 دقائق لا تشاركه مع احد
11,snb,2024-08-03T02:35:00,Your OTP is 762654. Valid for 15 minutes. Do not share it with anyone
12,snb,2024-04-28T16:32:00,رمز التحقق الخاص بك هو 160211 صالح لمدة 15 دقائق لا تشاركه مع احد
13,الراجحي,2024-07-21T14:33:00,"Transfer of SAR 29,341.76 to نورة الشمري completed. Ref 929209046. Balance SAR 259,198.44"
14,alrajhi,2024-07-13T03:55:00,"تم تحويل مبلغ 45,700.13 ر.س الى mohammed ali رقم المرجع 521298041 الرصيد 123,865.52"
15,الراجحي,2024-08-28T09:24:00,"سحب نقدي 12,872.39 USD من الحساب ***266 بتاريخ 28/08/2024 الرصيد المتاح 441,422.28 thank you"
16,بنك الرياض,2024-05-19T22:27:00,"Purchase of USD 46,571.46 at jarir bookstore on card ending ****4744 on 2024-05-19 22:27. Available balance USD 147,762.28"
17,الراجحي,2024-04-29T01:47:00,"تم Ø§ÙŠØ¯Ø§Ø¹ Ø±Ø§ØªØ¨ Ø¨Ù…Ø¨Ù„Øº 25,119.21 SAR Ùي الحساب ***920 بتاريخ 2024-04-29"
18,alrajhi,2024-07-10T20:15:00,"‏Purchase  of AED ٨٤,٤٣١.٦٤ at starbucks on card ending xxxx٦١١١ on ١٠/٠٧/٢٠٢٤ ٢٠:١٥. Available balance AED ٤٨٤,٦٠٧.٩٥‎"
19,snb,2024-06-21T20:31:00,"‏تم تحويل مبلغ 84,118.18 AED الى خالد العتيبي رقم المرجع 838457070 الرصيد 53,185.36‎"
20,alrajhi,2024-11-16T08:17:00,"تم ايداع راتب بمبلغ 38,769.51 USD في الحساب ***809 بتاريخ 2024-11-16"
21,alrajhi,2024-04-22T16:52:00,"Dear customer, service المدفوعات الدولية was activated on account ***354. Call 966588759061 for help"
22,snb,2024-09-30T06:19:00,عزيزنا العميل تم تفعيل خدمة المدفوعات الدولية على حسابك ***390 للاستفسار ات
23,alrajhi,2024-07-31T15:36:00,"سحب  نقدي 7,662.83 AED من الحساب ***742 بتاريخ 31/07/2024 الرصيد المتاح 20,978.96"
24,بنك الرياض,2024-01-25T01:09:00,"تم  تحويل مبلغ 22,701.16 ر.س الى خالد العتيبي رقم المرجع 182398815 الرصيد 37,271.28"
25,alrajhi,2024-08-14T03:41:00,"Salary  of AED ١,١٢٧.١٧ credited to account ***٨٢٥ on ٢٠٢٤-٠٨-١٤"
26,بنك الرياض,2024-04-07T19:33:00,"عملية شراء بمبلغ 18,889.30 ر.س لدى jarir bookstore بالبطاقة xxxx9586 بتاريخ 07/04/2024 الرصيد المتاح 472,796.36"
27,بنك الرياض,2024-09-05T03:48:00,"عملية شراء بمبلغ 36,490.71 ر.س لدى بنده بالبطاقة xxxx2980 بتاريخ 2024-09-05 الرصيد المتاح 363,605.03"
28,بنك الرياض,2024-12-02T22:24:00,"Bill payment ر.س 68,010.30 to amazon.sa succeeded. Fee ر.س 28.78. Ref 648642331"
29,riyad bank,2024-09-23T15:23:00,"Dear customer, service الحوالات الفورية was activated on account ***274. Call 966597619725 for help"
30,الأهلي,2024-02-28T20:34:00,"سحب نقدي 18,712.49 SAR من الحساب ***537 بتاريخ 28/02/2024 الرصيد المتاح 452,984.66"
31,riyad bank,2024-11-12T23:33:00,"تم ايداع راتب بمبلغ 34,458.49 ر.س في الحساب ***384 بتاريخ 2024-11-12"
32,الأهلي,2024-11-13T19:26:00,عزيزنا  العميل تم تفعيل خدمة apple pay على حسابك ***٥٠٠ للاستفسار اتصل على ٩٦٦٥٣٠٤١٠٢٥٣
33,riyad bank,2024-06-15T12:10:00,"Dear customer, service sms alerts was activated on account ***741. Call 966519442473 for help"
34,snb,2024-07-14T16:32:00,"Purchase of USD 89,673.68 at carrefour hyper on card ending ****8787 on 14/07/2024 16:32. Available balance USD 139,337.89"
35,snb,2024-05-14T19:00:00,"Dear customer, service apple pay was activated on account ***916. Call 966576531138 for help"
36,الراجحي,2024-02-09T16:31:00,"Salary of ر.س 54,910.80 credited to account ***318 on 09/02/2024"
37,riyad bank,2024-04-29T20:58:00,Your OTP is 115250. Valid for 5 minutes. Do not share it with anyone
38,بنك الرياض,2024-10-26T03:01:00,‏خصم  رسوم 5.88 USD على الحساب ***297 رقم العملية 491109235‎ thank you
39,alrajhi,2024-11-23T03:39:00,"Transfer of USD 32,670.87 to mohammed ali completed. Ref 874782108. Balance USD 167,518.71"
40,snb,2024-10-23T15:49:00,‏Your  card xxxx4868 was declined at نون due to insufficient funds‎
41,بنك الرياض,2024-11-17T15:55:00,Your card xxxx9167 was declined at jarir bookstore due to insufficient funds
42,alrajhi,2024-09-25T17:19:00,"Salary of USD 17,931.11 credited to account ***166 on 2024-09-25"
43,الأهلي,2024-06-12T05:16:00,‏عزيزنا العميل تم تفعيل خدمة sms alerts على حسابك ***624 للاستفسار اتصل
44,alrajhi,2024-01-14T22:06:00,"Salary of AED 73,327.86 credited to account ***308 on 14/01/2024"
45,snb,2024-09-10T04:32:00,Your card xxxx٦٨٥٢ was declined at amazon.sa due to insufficient funds
46,alrajhi,2024-11-17T10:21:00,رمز التحقق الخاص بك هو 365846 صالح لمدة 10 دقائق لا تشاركه مع احد
47,snb,2024-12-09T08:43:00,عزيزنا Ø§Ù„Ø¹Ù…ÙŠÙ„ ØªÙ… ØªÙØ¹ÙŠÙ„ Ø®Ø¯Ù…Ø© apple pay Ø¹Ù„Ù‰ Ø­Ø³Ø§Ø¨ك ***735 للاستفسار اتصل على 966585890364
48,الأهلي,2024-10-23T23:15:00,"تم ايداع راتب بمبلغ 3,703.71 AED في الحساب ***713 بتاريخ 2024-10-23"
49,الأهلي,2024-08-13T07:57:00,"Purchase  of ر.س 41,877.26 at صيدلية النهدي on card ending xxxx8753 on 13/08/2024 07:57. Available balance ر.س 223,437.09"
50,الأهلي,2024-09-19T06:53:00,خصم رسوم 38.41 SAR على الحساب ***298 رقم العملية 628141355
51,riyad bank,2024-04-02T12:53:00,Your OTP is 668493. Valid for 10 minutes. Do not share it with anyone
52,الأهلي,2024-07-08T20:31:00,"تم  تحويل مبلغ 22,686.58 SAR الى نورة الشمري رقم المرجع 486816983 الرصيد 267,873.85"
53,alrajhi,2024-08-01T07:24:00,عزيزنا العميل تم تفعيل خدمة sms alerts على حسابك ***148 للاستفسار اتصل على 966517300509
54,alrajhi,2024-08-02T11:33:00,"Salary of AED 18,380.57 credited to account ***561 on 02/08/2024"
55,الراجحي,2024-12-07T05:00:00,رمز التحقق الخاص بك هو 111014 صالح لمدة 5 دقائق لا تشاركه مع احد
56,snb,2024-07-04T04:00:00,Your OTP is ٩٥٧٥٧٣. Valid for ١٠ minutes. Do not share it with anyone
57,snb,2024-09-10T01:57:00,"Dear customer, service apple pay was activated on account ***757. Call 966544946088 for help"
58,الراجحي,2024-04-29T14:56:00,Your  card ****8735 was declined at صيدلية النهدي due to ins
59,بنك الرياض,2024-08-14T10:50:00,"Transfer of AED 31,041.01 to Ø®Ø§Ù„Ø¯ Ø§Ù„Ø¹ØªÙŠØ¨ÙŠ completed. Ref 170614917. Balance AED 70,963.70"
60,riyad bank,2024-03-14T23:14:00,"ATM  withdrawal SAR 3,052.29 from account ***235 on 14/03/2024. Available balance SAR 474,628.27"
61,الأهلي,2024-11-27T10:37:00,"‏Bill payment USD 69,232.53 to نون succeeded. Fee USD 48.13. Ref 472353978‎"
62,alrajhi,2024-01-02T14:06:00,"Purchase of USD ٤٤,١٧٦.٦٢ at starbucks on card ending xxxx٦٦٨٨ on ٠٢/٠١/٢٠٢٤ ١٤:٠٦. Available balance USD ٢٤٥,٧٦٧.٤٧"
63,بنك الرياض,2024-08-16T14:57:00,"Transfer of USD 32,008.76 to acme trading llc completed. Ref 382603930. Balance USD 200,665.22"
64,بنك الرياض,2024-01-13T08:05:00,"سحب نقدي 52,344.39 USD من الحساب ***549 بتاريخ 2024-01-13 الرصيد المتاح 260,890.00"
65,snb,2024-09-20T08:36:00,Your OTP is ١٠٧٧٥١. Valid for ٥ minutes. Do not share it with anyone
66,بنك الرياض,2024-11-27T19:57:00,"سحب نقدي 25,275.99 SAR من الحساب ***612 بتاريخ 2024-11-27 الرصيد المتاح 442,629.79"
67,الراجحي,2024-03-24T05:13:00,عزيزنا العميل تم تفعيل خدمة الحوالات الفورية على حسابك ***348 للاستفسار اتصل على 966566851924
68,snb,2024-11-21T16:12:00,Your OTP is 366122. Valid for 5 minutes. Do not share it with anyone
69,بنك الرياض,2024-09-27T04:39:00,Your card xxxx1927 was declined at jarir bookstore due to insufficient funds
70,الأهلي,2024-03-20T16:53:00,"تم تحويل مبلغ 41,593.18 ر.س الى نورة الشمري رقم المرجع 479172294 الرصيد 82,308.45"
71,riyad bank,2024-05-16T22:50:00,"تم  ايداع راتب بمبلغ 88,460.28 USD في الحساب ***428 بتاريخ 2024-05-16"
72,الراجحي,2024-07-12T04:52:00,Your OTP is 195682. Valid for 10 minutes. Do not share it with anyone
73,الراجحي,2024-11-24T06:40:00,"سحب نقدي 17,767.36 USD من الحساب ***529 بتاريخ 24/11/2024 الرصيد المتاح 346,411.71"
74,alrajhi,2024-01-03T09:43:00,"تم ايداع راتب بمبلغ 75,669.87 AED في الحساب ***528 بتاريخ 03/01/2024"
75,alrajhi,2024-10-02T16:16:00,"عملية شراء بمبلغ 3,055.56 AED لدى هنقرستيشن بالبطاقة xxxx6999 بتاريخ 02/10/2024 الرصيد المتاح 359,106.15"
76,الأهلي,2024-11-13T20:04:00,"‏Salary of USD 87,749.72 credited to account ***230 on 13/11/2024‎"
77,الراجحي,2024-10-05T21:16:00,رمز التحقق الخاص بك هو 800722 صالح لمدة 5 دقائق لا تشاركه مع احد
78,alrajhi,2024-04-22T15:06:00,خصم Ø±Ø³ÙˆÙ… 4.39 USD Ø¹Ù„Ù‰ Ø§Ù„Ø­Ø³Ø§Ø¨ ***681 رقم العملية 985575275
79,riyad bank,2024-10-07T07:22:00,"عملية شراء بمبلغ 49,394.73 ر.س لدى starbucks بالبطاقة ****1254 بتاريخ 07/10/2024 الرصيد المتاح 41,508.22"
80,riyad bank,2024-09-29T01:29:00,خصم رسوم 63.23 AED على الحساب ***834 رقم العملية 112241697
81,riyad bank,2024-05-13T19:50:00,"Bill payment Ø±.Ø³ 42,284.83 to jarir bookstore succeeded. Fee ر.س 96.67. Ref 935471350"
82,riyad bank,2024-09-21T05:20:00,رمز التحقق الخاص بك هو 809919 صالح لمدة 5 دقائق لا تشاركه مع احد
83,riyad bank,2024-04-15T01:08:00,"Purchase of AED 73,058.66 at نون on card ending xxxx9191 on 15/04/2024 01:08. Available balance AED 433,609.22"
84,snb,2024-01-04T09:52:00,خصم رسوم 80.85 ر.س على الحساب ***953 رقم العملية 611730563
85,alrajhi,2024-07-07T07:30:00,خصم رسوم 49.83 AED على الحساب ***259 رقم العملية 741251925
86,riyad bank,2024-10-10T16:40:00,"Dear customer, service sms alerts was activated on account ***305. Call 966584810310 for help"
87,riyad bank,2024-08-20T23:01:00,رمز  التحقق الخاص بك هو ٣٨٩٩٢٨ صالح لمدة ٥ دقائق لا تشاركه مع احد thank you
88,الراجحي,2024-09-26T06:28:00,"تم ايداع راتب بمبلغ 5,023.82 ر.س في الحساب ***582 بتا"
89,snb,2024-11-28T06:18:00,"تم ايداع راتب بمبلغ 71,897.44 AED في الحساب ***199 بتاريخ 2024-11-28"
90,riyad bank,2024-06-13T08:11:00,"تم ايداع راتب بمبلغ 39,510.20 AED في الحساب ***684 بتاريخ 2024-06-13"
91,بنك الرياض,2024-08-31T07:31:00,خصم  رسوم ١٢.٨٠ AED على الحساب ***٣٤٤ رقم العملية ٢٠٤٧٥٩٤٦٣
92,snb,2024-02-21T00:35:00,"‏تم تحويل مبلغ 178.06 ر.س الى sara a. رقم المرجع 397262470 الرصيد 416,130.76‎"
93,riyad bank,2024-10-04T04:09:00,"عملية شراء بمبلغ 15,782.74 USD لدى carrefour hyper بالبطاقة ****6046 بتاريخ 2024-10-04 الرصيد المتاح 68,563.56 شكرا لك"
94,الأهلي,2024-03-31T10:01:00,"Salary  of AED 50,683.67 credited to account ***628 on 31/03/2024"
95,الأهلي,2024-01-10T08:03:00,"تم تحويل مبلغ 1,866.80 AED الى sara a. رقم المرجع 120885531 الرصيد 483,714.77"
96,الأهلي,2024-09-18T02:05:00,"Transfer of AED 4,070.13 to sara a. completed. Ref 681536088. Balance AED 61,568.43 thank you"
97,الأهلي,2024-11-01T17:36:00,رمز التحقق الخاص بك هو 844451 صالح لمدة 10 دقائق لا تشاركه مع احد
98,riyad bank,2024-05-12T16:27:00,"‏Purchase of SAR 47,774.20 at amazon.sa on card ending xxxx3284 on 2024-05-12 16:27. Available balance SAR 34,678.64‎"
99,snb,2024-06-06T21:39:00,"Purchase of AED 85,578.17 at starbucks on card ending xxxx1988 on 2024-06-06 21:39. Available balance AED 143,797.05"
100,riyad bank,2024-07-17T21:46:00,"تم ايداع راتب بمبلغ 75,578.05 USD في الحساب ***571 بتا"
101,الراجحي,2024-02-29T02:09:00,"Bill payment AED 29,159.11 to carrefour hyper succeeded. Fee AED 27.72. Ref 750606214"
102,alrajhi,2024-09-25T22:18:00,"سحب نقدي 37,510.58 AED من الحساب ***856 بتاريخ 2024-09-25 الرصيد المتاح 334,137.99"
103,riyad bank,2024-06-01T03:45:00,Your OTP is 552678. Valid for 15 minutes. Do not share it with anyone
104,الأهلي,2024-04-20T16:40:00,"تم تحويل مبلغ 39,210.95 AED الى خالد العتيبي رقم المرجع 111480744 الرصيد 188,530.68"
105,الراجحي,2024-06-05T13:53:00,"سحب نقدي 41,785.04 ر.س من الحساب ***201 بتاريخ 2024-06-05 الرصيد المتاح 20,403.93"
106,riyad bank,2024-09-28T18:43:00,"تم تحويل مبلغ 15,369.16 SAR الى نورة الشمري رقم المرجع 840760722 الرصيد 159,072.97"
107,alrajhi,2024-08-07T14:12:00,رمز التحقق الخاص بك هو 417878 صالح لمدة 5 دقائق لا تشاركه مع احد
108,الراجحي,2024-07-06T06:20:00,"‏تم  تحويل مبلغ 51,704.22 AED الى نورة الشمري رقم المرجع 181744047 الرصيد 205,579.68‎"
109,alrajhi,2024-03-27T17:58:00,"‏تم ايداع راتب بمبلغ 24,793.92 USD في الحساب ***738 بتاريخ 2024-03-27‎"
110,alrajhi,2024-01-03T05:51:00,"Bill payment ر.س 27,334.37 to صيدلية النهدي succeeded. Fee ر.س 96.04. Ref 543986830"
111,الراجحي,2024-05-12T03:23:00,"تم ØªØ­ÙˆÙŠÙ„ Ù…Ø¨Ù„Øº 30,154.63 SAR Ø§Ù„Ù‰ Ø®Ø§Ù„Ø¯ Ø§Ù„Ø¹ØªÙŠØ¨ي رقم المرجع 515928494 الرصيد 435,748.87"
112,الراجحي,2024-03-12T11:15:00,"Transfer of USD 49,040.24 to acme trading llc completed. Ref 875742278. Balance USD 393,741.47"
113,alrajhi,2024-08-04T23:31:00,"Salary  of ر.س 52,882.80 credited to account ***655 on 2024-08-04"
114,الراجحي,2024-11-20T12:28:00,"سحب نقدي 6,131.93 SAR من الحساب ***190 بتاريخ 20/11/2024 الرصيد المتاح 456,929.42"
115,alrajhi,2024-04-10T16:16:00,"Dear customer, service apple pay was activated on account ***354. Call 966549121311 for help"
116,alrajhi,2024-02-28T23:41:00,رمز التحقق الخاص بك هو 547076 صالح لمدة 10 دقائق لا تشاركه مع احد -الأهلي
117,riyad bank,2024-09-04T23:16:00,"ATM withdrawal SAR 3,346.59 from account ***865 on 04/09/2024. Available balance SAR 159,309.77"
118,alrajhi,2024-09-03T08:06:00,"‏Purchase of AED 38,554.39 at starbucks on card ending ****9020 on 2024-09-03 08:06. Available balance AED 255,964.94‎"
119,الراجحي,2024-09-14T09:37:00,"سحب نقدي 60,331.74 ر.س من الحساب ***236 بتاريخ 14/09/2024 الرصيد المتاح 118,974.42"
120,riyad bank,2024-05-27T20:32:00,خصم رسوم 36.69 AED على الحساب ***411 رقم العمل
121,بنك الرياض,2024-09-30T05:29:00,"عملية شراء بمبلغ 7,562.04 ر.س لدى نون بالبطاقة xxxx9009 بتاريخ 30/09/2024 الرصيد المتاح 358,584.80"
122,riyad bank,2024-02-20T11:33:00,"Transfer of SAR 2,281.25 to نورة الشمري completed. Ref 897063427. Balance SAR 197,666.81"
123,بنك الرياض,2024-01-22T00:22:00,"ATM  withdrawal SAR 9,655.71 from account ***533 on 2024-01-22. Available balance SAR 401,402.17"
124,alrajhi,2024-06-09T00:25:00,عزيزنا العميل تم تفعيل خدمة sms alerts على حسابك ***777 للاستفسار اتصل على 966568880433
125,الأهلي,2024-10-19T18:53:00,"عملية شراء بمبلغ 51,078.53 USD لدى صيدلية النهدي بالبطاقة ****8018 بتاريخ 19/10/2024 الرصيد المتاح 234,445.45"
126,snb,2024-11-18T06:09:00,"تم تحويل مبلغ ٧٦,٣٣٠.٦٨ SAR الى خالد العتيبي رقم المرجع ٧٠٦٤٦٥٤٩٥ الرصيد ١١١,٢٨٠.٥٢"
127,الأهلي,2024-02-04T13:48:00,"سحب نقدي 47,772.18 AED من الحساب ***853 بتاريخ 04/02/2024 الرصيد المتاح 125,808.50"
128,بنك الرياض,2024-02-07T04:06:00,"تم تحويل مبلغ 74,719.81 ر.س الى خالد العتيبي رقم المرجع 534174483 الرصيد 196,011.78"
129,alrajhi,2024-02-01T22:22:00,"Dear customer, service الحوالات الفورية was activated on account ***945. Call 966575630862 for help"
130,الراجحي,2024-12-02T21:53:00,"Purchase of AED 22,917.94 at صيدلية النهدي on card ending xxxx1343 on 02/12/2024 21:53. Available balance AED 96,614.33"
131,الأهلي,2024-12-11T10:26:00,"Salary of ر.س 1,246.99 credited to account ***286 on 2024-12-11"
132,الراجحي,2024-01-16T21:28:00,رمز التحقق الخاص بك هو 507921 صالح لمدة 10 دقائق لا تشاركه مع احد
133,snb,2024-04-09T12:27:00,Your card ****1558 was declined at starbucks due to insufficient funds
134,snb,2024-05-12T00:54:00,"تم Ø§ÙŠØ¯Ø§Ø¹ Ø±Ø§ØªØ¨ Ø¨Ù…Ø¨Ù„Øº 31,541.93 AED Ùي الحساب ***615 بتاريخ 2024-05-12"
135,riyad bank,2024-12-04T09:55:00,"Salary of AED ٥٢,٨١٣.٤٢ credited to account ***٦٩٧ on ٠٤/١٢/٢٠٢٤"
136,بنك الرياض,2024-11-23T08:30:00,"‏Bill payment AED 24,832.10 to starbucks succeeded. Fee AED 3.28"
137,بنك الرياض,2024-10-21T17:15:00,"Transfer of USD 64,712.69 to نورة الشمري completed. Ref 904580945. Balance USD 2,574.79"
138,alrajhi,2024-05-01T19:04:00,رمز  التحقق الخاص بك هو 745639 صالح لمدة 15 دقائق لا تشاركه مع احد
139,riyad bank,2024-05-05T06:51:00,Your card xxxx1518 was declined at نون due to insufficient funds
140,بنك الرياض,2024-03-24T01:45:00,"سحب نقدي 68,094.16 ر.س من الحساب ***668 بتاريخ 24/03/2024 الرصيد المتاح 45,001.63"
141,الراجحي,2024-11-09T01:21:00,"عملية شراء بمبلغ 19,186.11 ر.س لدى بنده بالبطاقة xxxx4474 بتاريخ 09/11/2024 الرصيد المتاح 456,181.11"
142,snb,2024-12-10T01:06:00,Your card ****4790 was declined at carrefour hyper due to insufficient funds
143,snb,2024-04-12T21:05:00,"Salary  of SAR 29,840.88 credited to account ***693 on 12/04/2024"
144,الأهلي,2024-11-28T07:15:00,Your OTP is 435321. Valid for 10 minutes. Do not share it with anyone -الأهلي
145,بنك الرياض,2024-09-11T06:55:00,Your card xxxx2973 was declined at jarir bookstore due to insufficient funds
146,الأهلي,2024-05-07T05:28:00,"Transfer of AED ٧٦,٧٨٦.٦٤ to acme trading llc completed. Ref ١٧٤٠٠٣١٦٦. Balance AED ٤٨٦,٠٣٥.٩٨ -الراجحي"
147,alrajhi,2024-09-08T07:49:00,"Bill payment ر.س 88,412.61 to بنده succeeded. Fee ر.س 72.06. Ref 515621437"
148,بنك الرياض,2024-10-27T13:48:00,"ATM withdrawal AED 59,710.10 from account ***801 on 2024-10-27. Available balance AED 43,452.25"
149,snb,2024-08-17T04:46:00,عزيزنا  العميل تم تفعيل خدمة المدفوعات الدولية على حسابك ***٧٢٧ للاستفسار اتصل على ٩٦٦٥٨٦٥٩٨٧٩٢
150,بنك الرياض,2024-10-23T03:11:00,Your  OTP is 906565. Valid for 10 minutes. Do not share it with anyone
151,بنك الرياض,2024-08-29T02:43:00,"عملية شراء بمبلغ 24,754.85 SAR لدى jarir bookstore بالبطاقة ****8361 بتاريخ 29/08/2024 ا"
152,snb,2024-01-01T07:03:00,"ATM withdrawal USD 5,200.83 from account ***371 on 2024-01-01. Available ba"
153,بنك الرياض,2024-05-16T19:08:00,"‏عملية شراء بمبلغ 3,762.52 USD لدى بنده بالبطاقة ****5207 بتاريخ 16/05/2024 الرصيد المتاح 376,560.23‎"
154,snb,2024-06-29T19:21:00,‏Your card ****7797 was declined at بنده due to insufficient funds‎
155,alrajhi,2024-05-21T01:56:00,خصم رسوم 8.64 ر.س على الحساب ***968 رقم العملية 706034682
156,الراجحي,2024-11-13T11:03:00,"Purchase of AED 28,847.36 at starbucks on card ending xxxx5500 on 2024-11-13 11:03. Available balance AED 95,165.69"
157,alrajhi,2024-04-03T14:26:00,"تم تحويل مبلغ 18,184.65 USD الى acme trading llc رقم المرجع 315034026 الرصيد 26,101.01"
158,alrajhi,2024-06-08T20:58:00,‏خصم رسوم 97.34 USD على الحساب ***999 رقم العملية 161972495‎
159,alrajhi,2024-06-30T09:29:00,Your OTP is 106761. Valid for 10 minutes. Do not share it with anyone
160,بنك الرياض,2024-11-12T02:13:00,‏Your OTP is ٩٥٧٢٠٠. Valid for ١٠ minutes. Do not share it with anyone‎
161,الراجحي,2024-08-26T09:58:00,"ATM withdrawal SAR 17,838.05 from account ***948 on 2024-08-26. Available balance SAR 74,503.41"
162,snb,2024-04-11T22:40:00,"‏عملية شراء بمبلغ ٥٣,٨٠١.٩٤ USD لدى starbucks بالبطاقة ****٨٧٠٧ بتاريخ ٢٠٢٤-٠٤-١١ الرصيد المتاح ٢٧٠,٣٨١.١٧‎"
163,الأهلي,2024-04-29T23:41:00,"ATM withdrawal USD 16,101.27 from account ***906 on 29/04/2024. Available balance USD 393,873.70"
164,riyad bank,2024-05-16T10:17:00,"Transfer  of AED 32,352.55 to mohammed ali completed. Ref 214391565. Balance AED 331,389.78"
165,alrajhi,2024-04-03T06:56:00,"تم تحويل مبلغ 85,445.81 USD الى نورة الشمري رقم المرجع 213553240 الرصيد 141,777.72 -الراجحي"
166,alrajhi,2024-07-26T11:05:00,"Salary of SAR 7,593.92 credited to account ***200 on 26/07"
167,الأهلي,2024-03-30T03:25:00,خصم رسوم 15.97 AED على الحساب ***324 رقم العملية 860851084
168,snb,2024-01-19T07:44:00,"سحب نقدي 70,796.60 USD من الحساب ***238 بتاريخ 2024-01-19 الرصيد المتاح 46,238.61"
169,الراجحي,2024-07-12T13:48:00,رمز التحقق الخاص بك هو 603935 صالح لمدة 15 دقائق لا تشاركه مع احد
170,riyad bank,2024-03-24T03:19:00,"Transfer of USD 59,696.85 to نورة الشمري completed. Ref 218752777. Balance USD 452,071.80"
171,riyad bank,2024-01-12T20:35:00,رمز التحقق الخاص بك هو 658612 صالح لمدة 5 دقائق لا تشاركه مع احد
172,بنك الرياض,2024-11-21T11:00:00,"Dear customer, service الحوالات الفورية was activated on account ***100. Call 966557285432 for help"
173,riyad bank,2024-10-01T06:40:00,"Dear  customer, service المدفوعات الدولية was activated on account ***412. Call 966576215060 for help"
174,snb,2024-06-12T00:21:00,Your card xxxx6328 was declined at صيدلية النهدي due to insufficient funds
175,snb,2024-01-10T09:28:00,"تم تحويل مبلغ 49,341.09 ر.س الى mohammed ali رقم المرجع 994961299 الرصيد 203,811.17"
176,riyad bank,2024-11-26T10:37:00,"Salary of SAR 52,856.66 credited to account ***586 on 26/11/2024"
177,الراجحي,2024-08-14T17:31:00,"Dear customer, service sms alerts was activated on account ***875. Call 966546962137 for help"
178,snb,2024-06-12T17:10:00,"Salary of SAR 3,724.51 credited to account ***171 on 12/06/2024"
179,الأهلي,2024-11-02T10:08:00,Your card xxxx9712 was declined at starbucks due to insufficient funds
180,الأهلي,2024-04-09T16:36:00,"تم ايداع راتب بمبلغ 13,608.29 AED في الحساب ***999 بتاريخ 2024-04-09"
181,الأهلي,2024-09-03T03:03:00,"Bill  payment SAR 32,377.63 to هنقرستيشن succeeded. Fee SAR 8.15. Ref 579825521"
182,alrajhi,2024-08-17T04:12:00,"‏Salary of USD ٨٦,٨٢٤.٨٤ credited to account ***٣٢٨ on ١٧/٠٨/٢٠٢٤‎"
183,riyad bank,2024-05-28T22:08:00,رمز  التحقق الخاص بك هو 141239 صالح لمدة 10 دقائق لا تشاركه مع احد
184,snb,2024-07-06T22:42:00,"Dear customer, service sms alerts was activated on account ***865. Call 966557500562 for help"
185,snb,2024-05-09T09:22:00,"تم تحويل مبلغ 50,886.07 AED الى mohammed ali رقم المرجع 963808810 الرصيد 157,873.42"
186,snb,2024-06-22T09:28:00,"Bill payment AED 76,497.94 to بنده succeeded. Fee AED 25.87. Ref 307323759 -snb"
187,snb,2024-01-11T01:12:00,Your card ****4341 was declined at amazon.sa due to insufficient funds
188,الأهلي,2024-02-15T23:06:00,"Dear customer, service المدفوعات الدولية was activated on account ***273. Call 9665733"
189,alrajhi,2024-10-13T22:06:00,رمز  التحقق الخاص بك هو 253130 صالح لمدة 5 دقائق لا تشاركه مع احد
190,بنك الرياض,2024-02-05T03:53:00,"تم ايداع راتب بمبلغ 12,897.06 AED في الحساب ***102 بتاريخ 05"
191,riyad bank,2024-07-03T14:18:00,عزيزنا العميل تم تفعيل خدمة sms alerts على حسابك ***793 للاستفسار اتصل على 966559336748
192,بنك الرياض,2024-03-10T21:57:00,خصم رسوم 68.60 SAR على الحساب ***517 رقم العملية 914542863
193,snb,2024-06-09T19:58:00,"Salary of USD 63,585.80 credited to account ***196 on 09/06/2024"
194,alrajhi,2024-04-29T16:17:00,عزيزنا العميل تم تفعيل خدمة sms alerts على حسابك ***١٣٦ للاستفسار اتصل على ٩٦٦٥٨٢١١٢٥٥٠
195,riyad bank,2024-05-28T08:49:00,"Dear  customer, service المدفوعات الدولية was activated on account ***280. Call 966543351727 for help"
196,بنك الرياض,2024-08-22T05:11:00,"سحب نقدي ٥٩,٠٥٢.١٥ AED من الحساب ***٦٤٨ بتاريخ ٢٢/٠٨/٢٠٢٤ الرصيد المتاح ٢٩٨,٩٤٩.٣٣"
197,بنك الرياض,2024-04-02T19:41:00,"Transfer of USD 35,533.36 to mohammed ali completed. Ref 132960934. Balance USD 348,400.82"
198,alrajhi,2024-08-28T00:35:00,خصم رسوم 15.22 USD على الحساب ***767 رقم العملية 711622585
199,riyad bank,2024-02-20T09:00:00,Your OTP is 32551. Valid for 5 minutes. Do not share it with anyone -alrajhi
200,alrajhi,2024-03-26T11:49:00,"Bill  payment USD 2,650.24 to صيدلية النهدي succeeded. Fee USD 12.47. Ref 614881283"
201,alrajhi,2024-01-21T20:36:00,"تم تحويل مبلغ 45,840.79 SAR الى acme trading llc رقم المرجع 357416012 الرصيد 242,009.21"
202,الراجحي,2024-10-20T17:21:00,"Transfer  of ر.س 56,791.56 to acme trading llc completed. Ref 293244302. Balance ر.س 49,010.79"
203,الراجحي,2024-08-25T01:42:00,Your OTP is ٨٦٩٤٨. Valid for ١٠ minutes. Do not share it with anyone
204,snb,2024-05-26T08:39:00,"Transfer of SAR 61,122.41 to sara a. completed. Ref 822189985. Balance SAR 6,354.67"
205,riyad bank,2024-05-28T04:14:00,"Purchase  of AED 30,888.08 at هنقرستيشن on card ending ****3655 on 2024-05-28 04:14. Available balance AED 334,350.74"
206,الراجحي,2024-02-19T05:56:00,"‏تم  تحويل مبلغ 79,787.92 USD الى نورة الشمري رقم المرجع 261880709 الرصيد 28,510.82‎"
207,riyad bank,2024-11-12T22:07:00,Your OTP is 586430. Valid for 5 minutes. Do not share it with anyone
208,snb,2024-07-09T17:35:00,"Bill  payment USD ٦٠,٩٦٧.٥٤ to صيدلية النهدي succeeded. Fee USD ٧٤.٣٩. Ref ٤٦٥١٠٤٩٩١"
209,الأهلي,2024-11-23T17:06:00,Your  OTP is 119590. Valid for 5 minutes. Do not share it with anyone
210,snb,2024-05-05T15:33:00,"Bill payment ر.س 28,307.96 to starbucks succeeded. Fee ر.س 69.62. Ref 997154067"
211,snb,2024-11-05T08:23:00,"عملية شراء بمبلغ 17,852.51 SAR لدى نون بالبطاقة ****1476 بتاريخ 05/11/2024 الرصيد المتاح 7,551.63 شكرا لك"
212,alrajhi,2024-02-24T02:37:00,"ATM withdrawal ر.س 30,185.45 from account ***156 on 24/02/2024. Available balance ر.س 261,186.24"
213,الأهلي,2024-02-21T08:38:00,"عملية شراء بمبلغ 54,467.80 AED لدى starbucks بالبطاقة xxxx7311 بتاريخ 21/02/2024 الرصيد المتاح 494,785.69"
214,alrajhi,2024-02-03T23:27:00,رمز  التحقق الخاص بك هو 445047 صالح لمدة 15 دقائق لا تشاركه مع احد
215,الأهلي,2024-08-11T19:30:00,"عملية  شراء بمبلغ 81,164.66 AED لدى نون بالبطاقة ****3150 بتاريخ 2024-08-11 الرص"
216,alrajhi,2024-03-27T01:12:00,"تم تحويل مبلغ 15,779.62 AED الى acme trading llc رقم المرجع 836339909 الرصيد 314,737.57 -بنك الرياض"
217,snb,2024-11-06T07:26:00,"‏Bill payment Ø±.Ø³ 84,425.71 to ØµÙŠØ¯Ù„ÙŠØ© Ø§Ù„Ù†Ù‡Ø¯ÙŠ succeeded. Fee ر.س 70.81. Ref 194339583‎"
218,الأهلي,2024-10-07T15:01:00,"سحب نقدي 39,364.63 USD من الحساب ***886 بتاريخ 07/10/2024 الرصيد المتاح 42,896.03"
219,بنك الرياض,2024-05-03T01:46:00,"تم ايداع راتب بمبلغ 11,098.63 USD في الحساب ***584 بتاريخ 03/05/2024"
220,snb,2024-05-03T08:55:00,"تم  تحويل مبلغ 2,494.09 AED الى نورة الشمري رقم المرجع 832954849 الرصيد 256,435.35"
221,alrajhi,2024-03-23T23:36:00,"Bill payment USD ٧٣,٧٠٢.٨٧ to هنقرستيشن succeeded. Fee USD ٣٧.٢٢. Ref ٣٤٣٨٩٢٨٥٢"
222,الراجحي,2024-04-28T15:50:00,"سحب نقدي ٣٩,٣٣٢.٢١ ر.س من الحساب ***٩٦٨ بتاريخ ٢٠٢٤-٠٤-٢٨ الرصيد المتاح ١٥٣,٥٨٩.٩٧"
223,الراجحي,2024-05-03T22:48:00,"تم ايداع راتب بمبلغ 22,444.78 USD في الحساب ***172 بتاريخ 03/05/2024"
224,riyad bank,2024-06-20T07:03:00,رمز التحقق الخاص بك هو 13377 صالح لمدة 15 دقائق لا تشاركه مع احد
225,riyad bank,2024-01-13T16:49:00,رمز التحقق الخاص بك هو 234127 صالح لمدة 15 دقائق لا تشاركه مع احد
226,بنك الرياض,2024-05-31T18:10:00,"Dear customer, service apple pay was activated on account ***784. Call 966512355211 for help"
227,snb,2024-07-02T19:58:00,"ATM withdrawal SAR 81,122.90 from account ***673 on 02/07/2024. Available balance SAR 425,588.96"
228,بنك الرياض,2024-01-20T17:15:00,"عملية شراء بمبلغ 69,644.16 SAR لدى starbucks بالبطاقة xxxx9823 بتاريخ 20/01/2024 الرصيد المتاح 401,352.66"
229,snb,2024-12-09T17:54:00,"عملية شراء بمبلغ 39,839.08 SAR لدى بنده بالبطاقة xxxx6241 بتاريخ 09/12/2024 الرصيد المتاح 43,215.00"
230,الأهلي,2024-01-31T22:36:00,"عملية شراء بمبلغ 17,385.05 AED لدى starbucks بالبطاقة xxxx8859 بتاريخ 2024-01-31 الرصيد المتاح 157,929.22"
231,riyad bank,2024-05-26T20:55:00,"Transfer of SAR 31,871.50 to نورة الشمري completed. Ref 480611737. Balance SAR 212,612.04 شكرا لك"
232,الراجحي,2024-11-06T01:10:00,"سحب نقدي 71,192.53 ر.س من الحساب ***392 بتاريخ 06/11/2024 الرصيد المتاح 295,032.96"
233,riyad bank,2024-04-28T08:45:00,"Dear customer, service sms alerts was activated on account ***168. Call 966547019852 for help"
234,بنك الرياض,2024-01-22T15:43:00,"ATM withdrawal AED 13,224.39 from account ***664 on 22/01/2024. Available balance AED 114,032.18"
235,الأهلي,2024-08-05T08:35:00,Your OTP is 486873. Valid for 5 minutes. Do not share it with anyone
236,الأهلي,2024-05-22T07:43:00,"Bill  payment ر.س 22,801.91 to starbucks succeeded. Fee ر.س 97.49. Ref 772197153"
237,الراجحي,2024-06-08T19:58:00,"عملية شراء بمبلغ 54,092.92 SAR لدى starbucks بالبطاقة ****1788 بتاريخ 08/06/2024 الرصيد المتاح 168,523.62"
238,alrajhi,2024-07-30T04:42:00,"‏عملية شراء بمبلغ 28,474.50 AED لدى carrefour hyper بالبطاقة xxxx6346 بتاريخ 2024-07-30 الرصيد المتاح 188,330.66‎"
239,بنك الرياض,2024-11-26T07:20:00,‏Your card xxxx2685 was declined at jarir bookstore due to insufficient funds‎
240,الأهلي,2024-08-26T05:30:00,"Transfer of USD ٢٥,٠١٤.٦٢ to sara a. completed. Ref ٢٢٧٣٥١٣٩٣. Balance USD ١٨٥,٢٨٧.٩٣"
241,الأهلي,2024-11-08T08:28:00,Your  card ****2423 was declined at amazon.sa due to insufficient funds
242,alrajhi,2024-04-04T18:20:00,"تم تحويل مبلغ 14,786.16 USD الى نورة الشمري رقم المرجع 758056643 الرصيد 453,202.84 شكرا لك"
243,الأهلي,2024-10-26T14:46:00,"عملية شراء بمبلغ 83,091.26 AED لدى هنقرستيشن بالبطاقة ****7637 بتاريخ 2024-10-26 الرصيد المتاح 80,290.82"
244,بنك الرياض,2024-02-10T20:44:00,Your card xxxx1469 was declined at starbucks due to insufficient funds
245,alrajhi,2024-04-19T07:53:00,"ATM withdrawal USD 87,231.86 from account ***666 on 19/04/2024. Available balance USD 122,145.70"
246,snb,2024-04-07T01:17:00,"Purchase of SAR ٨٧,٧٤٢.٩٠ at amazon.sa on card ending xxxx٧٨١١ on ٠٧/٠٤/٢٠٢٤ ٠١:١٧. Available balance SAR ٤٣,٨٢١.٠٩"
247,الأهلي,2024-05-27T11:33:00,Your card ****5430 was declined at jarir bookstore due to insufficient funds
248,snb,2024-05-14T17:41:00,"Dear customer, service sms alerts was activated on account ***614. Call 966517797178 for help"
249,alrajhi,2024-10-08T15:49:00,"ATM withdrawal SAR 75,135.71 from account ***563 on 08/10/2024. Available balance SAR 294,508.42"
250,الأهلي,2024-07-05T11:22:00,"Transfer  of Ø±.Ø³ 21,998.30 to sara a. completed. Ref 634468469. Balance ر.س 77,391.27"
251,الأهلي,2024-03-02T04:49:00,Your card ****4934 was declined at jarir bookstore due to insufficient funds
252,alrajhi,2024-01-14T19:11:00,"ATM withdrawal ر.س 37,494.92 from account ***369 on 14/01/2024. Available balance ر.س 422,295.44"
253,snb,2024-11-20T17:09:00,عزيزنا العميل تم تفعيل خدمة الحوالات الفورية على حسابك ***215 للاستفسار اتصل على 966556704363
254,riyad bank,2024-03-06T09:48:00,"عملية شراء بمبلغ 11,886.47 SAR لدى carrefour hyper بالبطاقة ****3545 بتاريخ 2024-03-06 الرصيد المتاح 271,972.27"
255,riyad bank,2024-11-10T23:26:00,"‏تم  تحويل مبلغ 87,241.60 ر.س الى acme trading llc رقم المرجع 235691012 الرصيد 322,069.11‎"
256,الراجحي,2024-07-12T15:10:00,"Purchase of USD 24,824.70 at هنقرستيشن on card ending ****9476 on 2024-07-12 15:10. Available balance USD 385,036.27"
257,alrajhi,2024-05-10T21:01:00,"عملية شراء بمبلغ 67,925.37 SAR لدى carrefour hyper بالبطاقة xxxx5191 بتاريخ 10/05/2024 الرصيد المتاح 366,697.06"
258,الراجحي,2024-03-24T11:40:00,خصم رسوم 79.77 USD على الحساب ***301 رقم العملية 623130690
259,riyad bank,2024-04-12T06:49:00,"Bill payment SAR 82,987.06 to starbucks succeeded. Fee SAR 33.8"
260,alrajhi,2024-03-08T15:58:00,Your card ****6455 was declined at هنقرستيشن due to insufficient funds
261,alrajhi,2024-11-17T03:30:00,رمز التحقق الخاص بك هو 327449 صالح لمدة 10 دقائق لا تشاركه مع احد
262,الراجحي,2024-05-17T08:05:00,"ATM withdrawal SAR 46,774.05 from account ***155 on 2024-05-17. Available balance SAR 275,086.37"
263,بنك الرياض,2024-09-29T07:38:00,خصم رسوم 31.76 ر.س على الحساب ***193 رقم العملية 496134712
264,الأهلي,2024-05-15T08:57:00,"Transfer  of USD 77,508.31 to mohammed ali completed. Ref 763720797. Balance USD 104,798.01"
265,بنك الرياض,2024-11-23T00:55:00,"Purchase of USD 20,006.58 at carrefour hyper on card ending xxxx8312 on 2024-11-23 00:55. Available balance USD 1,882.68"
266,بنك الرياض,2024-06-29T23:01:00,"Purchase  of ر.س 72,078.03 at starbucks on card ending ****4051 on 29/06/2024 23:01. Available balance ر.س 270,810.38"
267,الأهلي,2024-10-13T17:17:00,رمز Ø§Ù„ØªØ­Ù‚Ù‚ Ø§Ù„Ø®Ø§Øµ Ø¨Ùƒ Ù‡Ùˆ 63276 ØµØ§Ù„Ø­ لمدة 15 دقائق لا تشاركه مع احد
268,riyad bank,2024-01-26T13:31:00,‏عزيزنا العميل تم تفعيل خدمة sms alerts على حسابك ***645 للاستفسار اتصل على 966527675945‎
269,الأهلي,2024-04-16T12:37:00,"تم ايداع راتب بمبلغ 27,066.95 USD في الحساب ***930 بتاريخ 16/04/2024"
270,riyad bank,2024-10-13T04:45:00,Your card ****9363 was declined at نون due to insufficient funds
271,الأهلي,2024-11-14T22:00:00,خصم  رسوم 50.13 USD على الحساب ***535 رقم العملية 606630050
272,بنك الرياض,2024-08-04T00:03:00,Your card ****5160 was declined at نون due to insufficient funds
273,alrajhi,2024-02-24T06:55:00,"Dear customer, service المدفوعات الدولية was activated on account ***٢٦٥. Call ٩٦٦٥٢٣٣٠٤٣٩٨ for help"
274,riyad bank,2024-07-14T20:17:00,"Transfer of ر.س 19,589.82 to sara a. completed. Ref 966414580. Balance ر.س 390,548.64"
275,snb,2024-03-12T21:10:00,"Purchase  of AED 18,528.37 at نون on card ending xxxx3988 on 2024-03-12 21:10. Available balance AED 127,864.91"
276,snb,2024-03-23T02:15:00,"Purchase of AED 31,567.28 at بنده on card ending xxxx6119 on 2024-03-23 02:15. Available"
277,الراجحي,2024-06-16T23:21:00,"ATM withdrawal AED 89,573.22 from account ***365 on 2024-06-16. Available balance AED 254,330.81"
278,alrajhi,2024-04-17T20:57:00,"سحب  نقدي 34,378.02 SAR من الحساب ***149 بتاريخ 17/04/2024 الرصيد المتاح 360,099.62 thank you"
279,الأهلي,2024-05-23T19:09:00,رمز التحقق الخاص بك هو 210579 صالح لمدة 10 دقائق لا تشاركه مع احد thank you
280,الأهلي,2024-02-25T20:37:00,"ATM withdrawal ر.س 35,081.31 from account ***958 on 25/02/2024. Available balance ر.س 304,796.04"
281,الأهلي,2024-02-07T06:13:00,"Transfer of SAR 36,460.31 to sara a. completed. Ref 129093056. Balance SAR 253,087.01"
282,بنك الرياض,2024-08-01T08:19:00,"Salary of AED 28,151.58 credited to account ***711 "
283,riyad bank,2024-08-01T05:44:00,"عملية شراء بمبلغ 26,920.06 USD لدى jarir bookstore بالبطاقة xxxx9460 بتاريخ 01/08/2024 الرصيد المتاح 137,443.58"
284,بنك الرياض,2024-06-07T02:13:00,"ATM withdrawal ر.س 23,150.46 from account ***929 on 07/06/2024. Available balance ر.س 407,174.77"
285,بنك الرياض,2024-10-18T15:50:00,"سحب نقدي 16,603.99 SAR من الحساب ***500 بتاريخ 2024-10-18 الرصيد المتاح 321,021.31"
286,الأهلي,2024-05-02T22:20:00,خصم رسوم 68.62 ر.س على الحساب ***906 رقم العملية 610356551
287,الراجحي,2024-11-10T20:58:00,"Bill payment SAR 47,217.79 to Ù‡Ù†Ù‚Ø±Ø³ØªÙŠØ´Ù† succeeded. Fee SAR 55.54. Ref 523938177 thank you"
288,بنك الرياض,2024-08-04T02:31:00,"Purchase of SAR 41,583.57 at jarir bookstore on card ending xxxx8346 on 04/08/2024 02:31. Available balance SAR 209,784.78"
289,riyad bank,2024-07-15T12:45:00,"Dear customer, service sms alerts was activated on account ***680. Call 966515119886 for help"
290,riyad bank,2024-10-10T05:12:00,Your card ****٣٨٧١ was declined at jarir bookstore due to insufficient funds
291,riyad bank,2024-03-04T12:41:00,"Purchase of ر.س 6,845.37 at صيدلية النهدي on card ending ****7751 on 04/03/2024 12:41. Available balance ر.س 226,301.81"
292,riyad bank,2024-01-14T13:54:00,"Bill payment Ø±.Ø³ 18,235.04 to jarir bookstore succeeded. Fee ر.س 2.19. Ref 501178043"
293,الأهلي,2024-07-10T20:56:00,"تم تحويل مبلغ 9,334.76 ر.س الى mohammed ali رقم المرجع 923372231 الرصيد 49,024.07"
294,الأهلي,2024-06-19T14:05:00,رمز التحقق الخاص بك هو 838782 صالح لمدة 15 دقائق لا تشاركه مع احد
295,الأهلي,2024-07-13T04:55:00,"Dear customer, service apple pay was activated on account ***763. Call 966580972872 for help"
296,الراجحي,2024-03-31T00:05:00,"Transfer of ر.س 46,444.92 to mohammed ali completed. Ref 954791583. Balance ر.س 192,875.72"
297,alrajhi,2024-02-18T17:07:00,‏Your card xxxx3345 was declined at صيدلية النهدي due to insufficient funds‎
298,snb,2024-07-08T22:21:00,"سحب  نقدي 88,007.67 USD من الحساب ***925 بتاريخ 2024-07-08 الرصيد المتاح 64,739.21"
299,alrajhi,2024-04-21T12:48:00,"‏Purchase of USD 8,839.52 at صيدلية النهدي on card ending xxxx3614 on 21/04/2024 12:48. Available balance USD 140,950.18‎"
300,riyad bank,2024-12-09T11:56:00,عزيزنا العميل تم تفعيل خدمة المدفوعات الدولية على حسابك ***903 للاستفسار اتصل على 966518993652
301,الأهلي,2024-11-10T13:54:00,"ATM withdrawal ر.س 27,335.09 from account ***983 on 2024-11-10. Available ba"
302,الراجحي,2024-05-19T05:18:00,"Dear customer, service الحوالات الفورية was activated on account ***520. Call 966589123454 for help"
303,snb,2024-05-30T11:52:00,"Purchase of SAR 24,720.66 at carrefour hyper on card ending xxxx1330 on 30/05/2024 11:52. Available balance SAR 268,148.04"
304,riyad bank,2024-08-18T13:08:00,"عملية شراء بمبلغ 32,904.50 ر.س لدى jarir bookstore بالبطاقة xxxx7776 بتاريخ 2024-08-18 الرصيد المتاح 53,760.34 -الراجحي"
305,snb,2024-01-20T13:08:00,"سحب نقدي 5,072.52 AED من الحساب ***552 بتاريخ 2024-01-20 الرصيد المتاح 149,048.60"
306,snb,2024-02-21T13:32:00,"Transfer of USD 58,891.80 to خالد العتيبي completed. Ref 498724641. Balance USD 112,229.97"
307,alrajhi,2024-08-04T22:31:00,Your OTP is 351688. Valid for 10 minutes. Do not share it with anyone
308,بنك الرياض,2024-07-27T12:25:00,"ATM withdrawal AED 26,882.50 from account ***986 on 27/07/2024. Available balance AED 361,559.55"
309,الراجحي,2024-01-14T07:46:00,"عملية شراء بمبلغ 69,408.22 ر.س لدى amazon.sa بالبطاقة ****5243 بتاريخ 2024-01-14 الرصيد المتاح 109,095.43"
310,بنك الرياض,2024-04-18T01:23:00,"Transfer of USD 82,388.16 to acme trading llc completed. Ref 203543994. Balance USD 96,615.18"
311,riyad bank,2024-05-05T02:29:00,"تم تحويل مبلغ 59,252.97 USD الى خالد العتيبي رقم المرجع 956326888 الرصيد 485,603.77"
312,الراجحي,2024-05-13T16:50:00,"سحب  نقدي 10,764.52 USD من الحساب ***638 بتاريخ 13/05/2024 الرصيد المتاح 89,888.92"
313,الراجحي,2024-03-31T04:39:00,"‏Dear customer, service المدفوعات الدولية was activated on account ***781. Call 966579484226 for help‎"
314,riyad bank,2024-07-05T19:44:00,Your OTP is 83840. Valid for 10 minutes. Do not share it with anyone
315,alrajhi,2024-09-07T21:59:00,"Transfer of ر.س 69,680.37 to نورة الشمري completed. Ref 488389437. Balance ر.س 374,691.57"
316,الأهلي,2024-04-19T15:30:00,"Bill payment SAR ١٦,٨٨٣.٧٦ to هنقرستيشن succeeded. Fee SAR ٢١.٢٢. Ref ٦٦٧٤٩٨٣٩٩"
317,الراجحي,2024-05-29T10:56:00,"Purchase of USD 47,540.57 at carrefour hyper on card ending ****4438 on 2024-05-29 10:56. Available balance USD 135,465.60"
318,snb,2024-09-23T09:47:00,عزيزنا العميل تم تفعيل خدمة الحوالات الفورية على حسابك ***921 للاستفسار اتصل على 966521409110
319,بنك الرياض,2024-07-05T15:17:00,"تم تحويل مبلغ 89,001.70 AED الى mohammed ali رقم المرجع 548993803 الرصيد 107,638.92"
320,alrajhi,2024-02-22T03:38:00,"ATM withdrawal ر.س 69,801.50 from account ***551 on 22/02/2024. Available balance ر.س 83,922.43"
321,riyad bank,2024-04-30T00:43:00,Your OTP is 312945. Valid for 15 minutes. Do not share it with anyone
322,alrajhi,2024-07-24T19:12:00,"ATM withdrawal SAR 13,624.23 from account ***956 on 24/07/2024. Available balance SAR 25,728.95"
323,snb,2024-10-24T14:56:00,رمز التحقق الخاص بك هو 730729 صالح لمدة 15 دقائق لا تشاركه مع احد
324,الراجحي,2024-07-27T14:18:00,"ATM withdrawal USD 8,130.58 from account ***213 on 2024-07-27. Available balance USD 305,989.85"
325,snb,2024-07-06T14:29:00,"Dear customer, service apple pay was activated on account ***317. Call 966554593230 for help"
326,snb,2024-05-12T22:22:00,خصم رسوم 25.81 SAR على الحساب ***945 رقم العملية 238007558
327,alrajhi,2024-06-06T16:46:00,"تم Ø§ÙŠØ¯Ø§Ø¹ Ø±Ø§ØªØ¨ Ø¨Ù…Ø¨Ù„Øº 6,209.68 AED ÙÙŠ الحساب ***398 بتاريخ 2024-06-06"
328,بنك الرياض,2024-06-05T10:44:00,عزيزنا العميل تم تفعيل خدمة الحوالات الفورية على حسابك ***362 للاستفسار اتصل على 966523525824
329,بنك الرياض,2024-04-09T19:19:00,"Salary of USD 54,909.54 credited to account ***769 on 2024-04-09"
330,alrajhi,2024-03-29T00:34:00,"Purchase  of USD 46,245.02 at بنده on card ending ****8672 on 29/03/2024 00:34. Available balance USD 238,204.72"
331,snb,2024-07-03T09:49:00,"Transfer of AED 71,464.62 to sara a. completed. Ref 578168069. Balance AED 204,307.75"
332,snb,2024-08-08T15:56:00,"Bill payment ر.س 77,787.79 to jarir bookstore succeeded. Fee ر.س 76.76. Ref 445777495"
333,riyad bank,2024-09-29T10:29:00,Your OTP is 744439. Valid for 15 minutes. Do not share it with anyone
334,الأهلي,2024-05-11T23:37:00,رمز  التحقق الخاص بك هو 973129 صالح لمدة 15 دقائق لا تشاركه مع احد
335,riyad bank,2024-08-21T07:30:00,"عملية شراء بمبلغ 83,761.29 SAR لدى carrefour hyper بالبطاقة ****3501 بتاريخ 2024-08-21 الرصيد المتاح 25,899.30 شكرا لك"
336,الراجحي,2024-02-17T01:07:00,"عملية Ø´Ø±Ø§Ø¡ Ø¨Ù…Ø¨Ù„Øº 86,421.46 USD Ù„Ø¯Ù‰ ØµÙŠØ¯Ù„ÙŠØ© Ø§Ù„Ù†Ù‡Ø¯ÙŠ Ø¨Ø§Ù„Ø¨Ø·Ø§Ù‚ة xxxx1146 بتاريخ 2024-02-17 الرصيد المتاح 3,656.04"
337,snb,2024-06-10T22:04:00,"Transfer of ر.س ٥٢,٢٠٦.٨١ to sara a. completed. Ref ٦٤٧٢٨٨٦٣٣. Balance ر.س ٢٦٥,١٧٨.٦٦ thank you"
338,بنك الرياض,2024-06-01T09:05:00,"تم تحويل مبلغ 82,758.36 USD الى نورة الشمري رقم المرجع 530836601 الرصيد 393,923.21"
339,snb,2024-03-25T02:21:00,Your  OTP is 347305. Valid for 15 minutes. Do not share it with anyone
340,الأهلي,2024-04-24T05:55:00,"تم ايداع راتب بمبلغ 84,295.18 AED في الحساب ***359 بتاريخ 24/04/2024"
341,alrajhi,2024-01-07T16:39:00,خصم  رسوم 26.20 USD على الحساب ***665 رقم العملية 202068703
342,الراجحي,2024-03-26T23:08:00,خصم رسوم 28.22 AED على الحساب ***734 رقم العملية 191176645
343,alrajhi,2024-02-03T15:15:00,"‏سحب نقدي ١١,٥٢٥.١٥ AED من الحساب ***٤٢٧ بتاريخ ٠٣/٠٢/٢٠٢٤ الرصيد المتاح ٢٢١,٤٦٩.٣٧‎"
344,alrajhi,2024-02-05T23:21:00,"ATM withdrawal ر.س 52,625.80 from account ***817 on 05/02/2024. Available balance ر.س 56,587.37"
345,riyad bank,2024-11-06T12:31:00,"Bill payment AED 7,560.82 to صيدلية النهدي succeeded. Fee AED 41.81. Ref 597823985"
346,بنك الرياض,2024-05-22T13:01:00,عزيزنا العميل تم تفعيل خدمة المدفوعات الدولية على حسابك ***166 للاستفسار اتصل على 966594633479
347,بنك الرياض,2024-12-08T02:07:00,"تم تحويل مبلغ 18,209.11 AED الى acme trading llc رقم المرجع 367979136 الرصيد 428,081.03"
348,riyad bank,2024-07-09T19:59:00,‏Your card ****8396 was declined at amazon.sa due to insufficient funds‎
349,snb,2024-10-13T00:57:00,‏عزيزنا العميل تم تفعيل خدمة apple pay على حسابك ***113 للاستفسار اتصل على 966563113810‎
350,بنك الرياض,2024-10-18T20:03:00,خصم رسوم 92.78 AED على الحساب ***331 رقم العملية 448539925
351,alrajhi,2024-03-14T17:27:00,خصم رسوم 45.59 USD على الحساب ***854 رقم العملية 715515754 شكرا لك
352,riyad bank,2024-01-12T16:08:00,رمز التحقق الخاص بك هو ٦٧٤١٩٠ صالح لمدة ١٠ دقائق لا تشاركه مع احد
353,riyad bank,2024-11-27T04:15:00,"Salary of USD 58,462.30 credited to account ***852 on 27/11/2024"
354,snb,2024-04-28T01:11:00,عزيزنا العميل تم تفعيل خدمة المدفوعات الدولية على حسابك ***778 للاستفسار اتصل على 966598171175
355,alrajhi,2024-01-02T21:29:00,"Transfer of USD 16,583.21 to sara a. completed. Ref 181610254. Balance USD 270,633.75"
356,بنك الرياض,2024-03-12T19:50:00,"Dear customer, service apple pay was activated on account ***534. Call 966580421462 for help"
357,snb,2024-05-22T06:09:00,Your OTP is ٥٩٤٤٦٤. Valid for ١٥ minutes. Do not share it with anyone
358,بنك الرياض,2024-06-03T01:51:00,رمز التحقق الخاص بك هو 953617 صالح لمدة 5 دقائق لا تشاركه مع احد
359,alrajhi,2024-10-18T06:00:00,Your  card xxxx9151 was declined at amazon.sa due to insufficient funds
360,alrajhi,2024-07-01T01:49:00,"عملية شراء بمبلغ 47,712.53 USD لدى amazon.sa بالبطاقة xxxx7007 بتاريخ 2024-07-01 الرصيد المتاح 194,275.25"
361,الراجحي,2024-07-24T10:18:00,Your OTP is 324324. Valid for 10 minutes. Do not share it with anyone
362,الراجحي,2024-03-05T20:58:00,"Salary of Ø±.Ø³ 66,845.77 credited to account ***912 on 05/03/2024"
363,riyad bank,2024-01-19T03:14:00,Your  OTP is 417915. Valid for 10 minutes. Do not share it with anyone
364,riyad bank,2024-08-12T08:12:00,Your OTP is 242549. Valid for 10 minutes. Do not share it with anyone
365,alrajhi,2024-11-19T14:00:00,"ATM withdrawal ر.س 15,035.29 from account ***386 on 2024-11-19. Available balance ر.س 157,036.93"
366,riyad bank,2024-04-27T18:52:00,"Purchase  of SAR 58,737.89 at هنقرستيشن on card ending ****2603 on 27/04/2024 18:52. Available balance SAR 386,214.55 -riyad bank"
367,بنك الرياض,2024-05-01T01:52:00,"Purchase  of USD 11,199.53 at ØµÙŠØ¯Ù„ÙŠØ© Ø§Ù„Ù†Ù‡Ø¯ÙŠ on card ending ****4986 on 01/05/2024 01:52. Available balance USD 395,964.00"
368,بنك الرياض,2024-11-29T21:13:00,عزيزنا العميل تم تفعيل خدمة sms alerts على حسابك ***889 للاستفسار اتصل على 966520671094
369,بنك الرياض,2024-07-30T12:50:00,"Purchase of AED 6,295.02 at بنده on card ending xxxx7240 on 30/07/2024 12:50. Available balance AED 225,686.87"
370,alrajhi,2024-06-19T03:00:00,‏عزيزنا العميل تم تفعيل خدمة apple pay على حسابك ***464 للاستفسار اتصل على 966551521016‎
371,الأهلي,2024-06-09T17:15:00,‏رمز التحقق الخاص بك هو 318266 صالح لمدة 15 دقائق لا 
372,بنك الرياض,2024-12-07T01:56:00,"Purchase  of ر.س 35,384.91 at jarir bookstore on card ending xxxx9343 on 07/12/2024 01:56. Available balance ر.س 160,885.03 thank you"
373,alrajhi,2024-08-07T03:28:00,"Purchase of AED 3,981.50 at starbucks on card ending xxxx2434 on 2024-08-07 03:28. Available balance AED 62,264.30"
374,الراجحي,2024-08-09T11:16:00,"Transfer of USD ١٦,٣٥٦.٢٤ to acme trading llc completed. Ref ١٨١١١٦١٣٧. Balance USD ١٦٦,٠٠٥.٥٩"
375,الراجحي,2024-11-24T12:05:00,"تم Ø§ÙŠØ¯Ø§Ø¹ Ø±Ø§ØªØ¨ Ø¨Ù…Ø¨Ù„Øº 44,333.14 AED Ùي الحساب ***414 بتاريخ 24/11/2024"
376,بنك الرياض,2024-02-08T16:24:00,"Salary of SAR 8,551.16 credited to account ***920 on 08/02/2024"
377,بنك الرياض,2024-02-16T19:13:00,"عملية شراء بمبلغ 85,313.39 ر.س لدى بنده بالبطاقة ****1646 بتاريخ 2024-02-16 الرصيد المتاح 328,012.22"
378,alrajhi,2024-10-02T15:11:00,عزيزنا العميل تم تفعيل خدمة apple pay على حسابك ***658 للاستفسار اتصل على 966581762472
379,بنك الرياض,2024-08-15T07:18:00,"Dear customer, service apple pay was activated on account ***٥٧٤. Call ٩٦٦٥١٩٢٣٨٣٧٨ for help"
380,riyad bank,2024-10-13T16:29:00,"تم تحويل مبلغ 80,569.15 USD الى sara a. رقم المرجع 637283470 الرصيد 163,322.08"
381,الراجحي,2024-12-03T16:40:00,عزيزنا  العميل تم تفعيل خدمة sms alerts على حسابك ***592 للاستفسار اتصل على 966518276111
382,alrajhi,2024-01-26T04:28:00,عزيزنا العميل تم تفعيل خدمة المدفوعات الدولية على حسابك ***310 للاستفسار اتصل على 966515783887
383,alrajhi,2024-02-23T04:18:00,"تم تحويل مبلغ 45,224.93 USD الى خالد العتيبي رقم المرجع 855633287 الرصيد 54,314.96"
384,riyad bank,2024-04-25T13:59:00,"ATM  withdrawal SAR 25,287.67 from account ***697 on 2024-04-25. Available balance SAR 334,837.89"
385,بنك الرياض,2024-03-26T03:10:00,"‏Bill payment AED 71,973.72 to Ù†ÙˆÙ† succeeded. Fee AED 46.86. Ref 894392384‎"
386,الأهلي,2024-04-01T20:54:00,"تم تحويل مبلغ 18,892.59 SAR الى sara a. رقم المرجع 126350104 الرصيد 64,333.80"
387,الراجحي,2024-04-10T00:57:00,"عملية شراء بمبلغ ١٠,٩٧٤.١٤ AED لدى نون بالبطاقة ****٥٥٣٥ بتاريخ ١٠/٠٤/٢٠٢٤ الرصيد المتاح ٤٣٥,١٩٠.٩٦"
388,بنك الرياض,2024-10-19T04:16:00,"ATM  withdrawal SAR 20,898.19 from account ***215 on 2024-10-19. Available balance SAR 316,996.73"
389,snb,2024-12-08T05:01:00,"Salary of AED 69,548.38 credited to account ***237 on 08/12/2024"
390,snb,2024-05-29T03:31:00,"‏Purchase of ر.س 78,271.97 at صيدلية النهدي on card ending ****2356 on 29/05/2024 03:31. Available balance ر.س 490,994.10‎"
391,riyad bank,2024-09-05T15:45:00,"عملية شراء بمبلغ 35,755.93 SAR لدى carrefour hyper بالبطاقة ****5284 بتاريخ 05/09/2024 ا"
392,alrajhi,2024-03-28T15:31:00,"Purchase of ر.س 54,473.58 at amazon.sa on card ending ****4686 on 2024-03-28 15:31. Available balance ر.س 265,127.85"
393,snb,2024-06-10T05:27:00,"تم ايداع راتب بمبلغ 48,871.76 SAR في الحساب ***471 بتاريخ 2024-06-10"
394,snb,2024-06-30T05:33:00,عزيزنا  العميل تم تفعيل خدمة الحوالات الفورية على حسابك ***٨٨٩ للاستفسار اتصل على ٩٦٦٥٣٢٢٧٩٣٢٩
395,الأهلي,2024-01-16T06:54:00,Your OTP is 628969. Valid for 5 minutes. Do not share it with anyone
396,الراجحي,2024-02-01T00:28:00,Your OTP is 498282. Valid for 5 minutes. Do not share it with anyone
397,riyad bank,2024-11-28T08:15:00,"Bill  payment SAR 72,538.19 to amazon.sa succeeded. Fee SAR 8.28. Ref 328306563"
398,الأهلي,2024-11-29T23:57:00,"عملية شراء بمبلغ ٨٠,٥٣٢.٦٥ SAR لدى starbucks بالبطاقة ****٤٥٥٤ بتاريخ ٢٩/١١/٢٠٢٤ الرصيد المتاح ٢٨٢,٥١٣.٣١"
399,الراجحي,2024-12-02T08:36:00,"ATM withdrawal ر.س 53,328.43 from account ***746 on 2024-12-02. Available balance ر.س 477,910.70"
400,بنك الرياض,2024-04-04T11:06:00,"تم ايداع راتب بمبلغ 18,559.77 ر.س في الحساب ***667 بتاريخ 04/04/2024"
401,بنك الرياض,2024-11-18T01:32:00,"عملية شراء بمبلغ ٢٧,٣٩٥.٨٥ AED لدى amazon.sa بالبطاقة ****٢١٥٢ بتاريخ ١٨/١١/٢٠٢٤ الرصيد المتاح ٣٥٥,٧١١.٠٤"
402,riyad bank,2024-11-03T12:02:00,"عملية شراء بمبلغ 76,149.10 AED لدى starbucks بالبطاقة xxxx1120 بتاريخ 2024-11-03 الرصيد المتاح 348,712.07"
403,الأهلي,2024-04-03T14:46:00,‏Your OTP is 111850. Valid for 5 minutes. Do not share it with anyone‎
404,snb,2024-05-03T18:06:00,عزيزنا العميل تم تفعيل خدمة المدفوعات الدولية على حسابك ***586 للاستفسار اتصل على 966599545003
405,الأهلي,2024-07-16T08:22:00,خصم رسوم ٩٧.٦١ SAR على الحساب ***٩٧٣ رقم العملية ٧٩٩٩٨٥٣٠٩
406,alrajhi,2024-09-02T00:19:00,"Bill  payment SAR 9,543.91 to بنده succeeded. Fee SAR 57.68. Ref 402952500"
407,الأهلي,2024-04-14T19:53:00,"Bill payment USD 44,989.80 to amazon.sa succeeded. Fee USD 22.48. Ref 646074434"
408,الراجحي,2024-05-26T00:12:00,عزيزنا العميل تم تفعيل خدمة apple pay على حسابك ***٧٦١ للاستفسار اتصل على ٩٦٦٥٦٣٦٦٢٧٤٧
409,الأهلي,2024-01-23T04:07:00,Your OTP is 6161. Valid for 10 minutes. Do not share it with anyone
410,riyad bank,2024-06-15T11:35:00,"تم ايداع راتب بمبلغ 46,413.19 SAR في الحساب ***393 بتاريخ 2024-06-15"
411,snb,2024-05-16T15:52:00,عزيزنا Ø§Ù„Ø¹Ù…ÙŠÙ„ ØªÙ… ØªÙØ¹ÙŠÙ„ Ø®Ø¯Ù…Ø© apple pay Ø¹Ù„Ù‰ Ø­Ø³Ø§Ø¨ك ***574 للاستفسار اتصل على 966559559182
412,snb,2024-09-16T14:14:00,Your OTP is 425787. Valid for 5 minutes. Do not share it with anyone
413,alrajhi,2024-08-22T15:18:00,رمز التحقق الخاص بك هو ٧٦٠١٠٧ صالح لمدة ٥ دقائق لا تشاركه مع احد
414,riyad bank,2024-02-01T12:30:00,Your OTP is 104757. Valid for 15 minutes. Do not share it with anyone
415,snb,2024-01-15T02:38:00,خصم رسوم 54.31 ر.س على الحساب ***585 رقم العملية 845807185
416,الأهلي,2024-01-12T23:10:00,"عملية  شراء بمبلغ 49,258.82 AED لدى بنده بالبطاقة xxxx4623 بتاريخ 12/01/2024 الرصيد المتاح 206,969.56"
417,alrajhi,2024-08-09T19:58:00,"تم ايداع راتب بمبلغ 58,785.21 ر.س في الحساب ***873 بتاريخ 09/08/2024"
418,الأهلي,2024-04-20T18:43:00,خصم رسوم 77.72 ر.س على الحساب ***388 رقم العملية 876247642
419,الأهلي,2024-05-07T16:10:00,"تم ايداع راتب بمبلغ 85,784.93 AED في الحساب ***123 بتاريخ 07/05/2024"
420,بنك الرياض,2024-02-03T13:56:00,"Purchase of Ø±.Ø³ 64,252.61 at starbucks on card ending ****2284 on 2024-02-03 13:56. Available balance ر.س 398,565.97"
421,snb,2024-07-24T10:00:00,"Purchase of Ø±.Ø³ 8,111.42 at Ø¨Ù†Ø¯Ù‡ on card ending xxxx5584 on 24/07/2024 10:00. Available balance ر.س 210,363.01"
422,الأهلي,2024-11-15T15:12:00,"Purchase of SAR 8,968.20 at jarir bookstore on card ending ****8337 on 2024-11-15 15:12. Available balance SAR 175,278.07"
423,الراجحي,2024-04-02T03:13:00,"ATM withdrawal AED 73,777.22 from account ***339 on 02/04/2024. Available balance AED 480,399.71"
424,الراجحي,2024-01-02T19:33:00,"ATM withdrawal USD 18,493.66 from account ***993 on 2024-01-02. Available ba"
425,الأهلي,2024-02-17T16:59:00,"ATM withdrawal ر.س 59,869.37 from account ***161 on 2024-02-17. Available ba"
426,الراجحي,2024-05-28T03:02:00,"Bill payment ر.س 30,194.11 to starbucks succeeded. Fee ر.س 34.68. Ref 226254927"
427,riyad bank,2024-10-01T04:35:00,"تم Ø§ÙŠØ¯Ø§Ø¹ Ø±Ø§ØªØ¨ Ø¨Ù…Ø¨Ù„Øº 46,721.65 USD Ùي الحساب ***588 بتاريخ 2024-10-01"
428,riyad bank,2024-07-27T05:37:00,"سحب نقدي 72,541.58 AED من الحساب ***348 بتاريخ 2024-07-27 الرصيد"
429,بنك الرياض,2024-06-12T04:09:00,‏Your  OTP is 927877. Valid for 10 minutes. Do not share it with anyone‎
430,الأهلي,2024-08-04T21:04:00,"Dear customer, service apple pay was activated on account ***650. Call 966518106710 for help"
431,snb,2024-07-22T13:06:00,"Purchase of SAR 23,850.31 at بنده on card ending xxxx8393 on 2024-07-22 13:06. Available balance SAR 131,200.61"
432,alrajhi,2024-09-18T19:07:00,"Transfer of USD 58,416.98 to acme trading llc completed. Ref 805688709. Balance USD 360,915.70"
433,الأهلي,2024-01-07T07:11:00,"عملية شراء بمبلغ 11,638.07 AED لدى starbucks بالبطاقة xxxx9610 بتاريخ 2024-01-07 الرصيد المتاح 9,209.46"
434,الأهلي,2024-10-14T01:26:00,"سحب نقدي 10,482.85 ر.س من الحساب ***901 بتاريخ 14/10/2024 الرصيد المتاح 411,162.15"
435,riyad bank,2024-02-29T12:13:00,"‏Bill payment ر.س 34,349.04 to بنده succeeded. Fee ر.س 75.47. Ref 640115165‎"
436,الأهلي,2024-04-25T12:14:00,"عملية شراء بمبلغ 6,233.29 SAR لدى starbucks بالبطاقة xxxx4732 بتاريخ 2024-04-25 الرصيد المتاح 344,029.13"
437,riyad bank,2024-05-08T00:18:00,Your card xxxx8448 was declined at starbucks due to insufficient funds
438,الراجحي,2024-08-02T12:55:00,"Bill payment AED 88,442.04 to starbucks succeeded. Fee AED 23.27. Ref 827749964"
439,alrajhi,2024-06-02T02:38:00,"Transfer of AED 42,472.56 to acme trading llc completed. Ref 918655274. Balance AED 75,804.09 شكرا لك"
440,snb,2024-04-17T13:20:00,رمز التحقق الخاص بك هو 464876 صالح لمدة 10 دقائق لا تشاركه مع احد
441,الراجحي,2024-05-16T02:38:00,خصم  رسوم ٥٣.٦٣ AED على الحساب ***٦٣٩ رقم العملية ٤٨١٤٨٥٩٩٣
442,snb,2024-05-03T13:04:00,"سحب نقدي 72,189.44 ر.س من الحساب ***421 بتاريخ 2024-05-03 الرصيد المتاح 77,790.78"
443,الأهلي,2024-02-09T00:01:00,خصم رسوم 89.41 ر.س على الحساب ***913 رقم العملية 488262728
444,الأهلي,2024-06-17T08:29:00,"عملية شراء بمبلغ 70,888.40 USD لدى صيدلية النهدي بالبطاقة ****4894 بتاريخ 17/06/2024 الرصيد المتاح 402,366.41"
445,riyad bank,2024-04-12T01:01:00,"Transfer of AED ٤٣٥.١٩ to خالد العتيبي completed. Ref ٨٨٠٣٠٦٨٢٧. Balance AED ٤٤٧,٨١٤.٨٦"
446,بنك الرياض,2024-10-14T20:20:00,"Transfer of USD 84,635.69 to sara a. completed. Ref 885995897. Balance USD 67,474.58"
447,الأهلي,2024-05-11T08:46:00,"تم ايداع راتب بمبلغ 67,455.57 AED في الحساب ***108 بتاريخ 2024-05-11"
448,riyad bank,2024-02-17T23:54:00,عزيزنا العميل تم تفعيل خدمة sms alerts على حسابك ***424 للاستفسار اتصل على 966595902953 thank you
449,riyad bank,2024-11-03T22:13:00,Your OTP is 913215. Valid for 10 minutes. Do not share it with anyone
450,alrajhi,2024-11-20T16:47:00,"Salary of ر.س 50,691.50 credited to account ***184 on 2024-11-20"
451,snb,2024-08-18T19:00:00,"سحب نقدي 43,505.83 AED من الحساب ***845 بتاريخ 2024-08-18 الرصيد المتاح 280,139.41"
452,alrajhi,2024-07-06T03:26:00,"سحب  نقدي 72,081.62 ر.س من الحساب ***712 بتاريخ 06/07/2024 الرصيد المتاح 360,741.30"
453,alrajhi,2024-02-07T01:06:00,Your card ****5143 was declined at jarir bookstore due to insufficient funds
454,riyad bank,2024-01-28T16:57:00,"‏Purchase of USD 82,735.37 at amazon.sa on card ending ****2642 on 2024-01-28 16:57. Available balance USD 343,179.54‎"
455,الراجحي,2024-10-20T18:47:00,"عملية  Ø´Ø±Ø§Ø¡ Ø¨Ù…Ø¨Ù„Øº 10,383.11 AED Ù„Ø¯Ù‰ jarir bookstore Ø¨Ø§Ù„Ø¨Ø·Ø§Ù‚ة xxxx3298 بتاريخ 20/10/2024 الرصيد المتاح 257,342.11"
456,alrajhi,2024-04-22T12:53:00,Your OTP is 995597. Valid for 5 minutes. Do not share it with anyone
457,alrajhi,2024-10-30T16:58:00,"Bill payment ر.س 10,634.23 to jarir bookstore succeeded. Fee ر.س 28.94. Ref 838818623"
458,الأهلي,2024-09-24T05:47:00,‏خصم رسوم ٩٢.٥٢ ر.س على الحساب ***٧٨٠ رقم العملية ٨٣٨١٠١٨٤٨‎
459,بنك الرياض,2024-11-23T12:27:00,"‏Salary of USD ٣٦,٧١٢.٢٨ credited to account ***٣٠٧ on ٢٣/١١/٢٠٢٤‎"
460,بنك الرياض,2024-06-11T14:44:00,"Transfer of SAR 88,700.81 to sara a. completed. Ref 837149301. Balance SAR 462,970.01"
461,الأهلي,2024-02-17T01:05:00,"تم ايداع راتب بمبلغ 6,933.49 USD في الحساب ***844 بتاريخ 17/02/2024"
462,الراجحي,2024-08-13T15:28:00,‏Your  OTP is 976365. Valid for 5 minutes. Do not share it with anyone‎
463,الراجحي,2024-10-14T13:21:00,"ATM withdrawal USD 12,786.90 from account ***818 on 2024-10-14. Available balance USD 129,730.89 thank you"
464,alrajhi,2024-10-11T19:38:00,"Bill payment USD 62,522.45 to نون succeeded. Fee USD 46.68. Ref 494868919"
465,snb,2024-02-25T08:33:00,عزيزنا العميل تم تفعيل خدمة الحوالات الفورية على حسابك ***853 للاستفسار اتصل على 966565878237
466,snb,2024-01-05T21:33:00,"Salary of SAR 72,313.94 credited to account ***892 on 05/01/2024"
467,بنك الرياض,2024-05-25T02:45:00,"ATM withdrawal USD 88,924.56 from account ***201 on 2024-05-25. Available balance USD 381,323.50"
468,alrajhi,2024-07-28T12:09:00,"Dear customer, service sms alerts was activated on account ***330. Call 966530212004 for help"
469,الراجحي,2024-05-31T15:29:00,Your OTP is 959960. Valid for 15 minutes. Do not share it with anyone
470,الأهلي,2024-03-26T06:24:00,"Dear customer, service المدفوعات الدولية was activated on account ***304. Call 966553465109 for help"
471,الراجحي,2024-09-21T19:10:00,"تم ايداع راتب بمبلغ 45,666.44 ر.س في الحساب ***604 بتاريخ 21/09/2024"
472,snb,2024-06-10T17:03:00,"عملية شراء بمبلغ 84,681.86 SAR لدى نون بالبطاقة ****9746 بتاريخ 2024-06-10 الرصيد المتاح 12,021.99"
473,الأهلي,2024-03-03T08:25:00,"عملية شراء بمبلغ 60,047.14 ر.س لدى بنده بالبطاقة ****2742 بتاريخ 03/03/2024 الرصيد المتاح 313,138.42 -الراجحي"
474,الأهلي,2024-04-07T05:03:00,"عملية شراء بمبلغ 18,839.42 SAR لدى بنده بالبطاقة ****2681 بتاريخ 07/04/2024 الرصيد المتاح 109,662.22"
475,الأهلي,2024-09-09T04:46:00,رمز التحقق الخاص بك هو 174019 صالح لمدة 15 دقائق لا تشاركه مع احد
476,الراجحي,2024-02-20T22:51:00,Your OTP is 730946. Valid for 5 minutes. Do not share it with anyone thank you
477,الراجحي,2024-06-03T05:44:00,"عملية شراء بمبلغ 1,922.03 AED لدى هنقرستيشن بالبطاقة xxxx7616 بتاريخ 03/06/2024 الرصيد المتاح 200,154.56"
478,riyad bank,2024-04-27T03:35:00,"عملية شراء بمبلغ ٥,٣٢٦.٩١ ر.س لدى نون بالبطاقة ****٤٩٠٣ بتاريخ ٢٧/٠٤/٢٠٢٤ الرصيد المتاح ٢٥٨,٠٢٥.٠٦"
479,بنك الرياض,2024-11-05T21:39:00,"Purchase of Ø±.Ø³ 56,905.25 at jarir bookstore on card ending xxxx2233 on 2024-11-05 21:39. Available balance ر.س 302,003.83"
480,الراجحي,2024-09-05T18:40:00,"عملية  شراء بمبلغ 29,745.09 ر.س لدى starbucks بالبطاقة xxxx9591 بتاريخ 05/09/2024 الرصيد المتاح 8,542.18"
481,snb,2024-06-19T00:31:00,"Transfer  of SAR 64,359.76 to mohammed ali completed. Ref 358393215. Balance SAR 75,743.05"
482,الأهلي,2024-12-05T11:02:00,Your card xxxx2004 was declined at carrefour hyper due to insufficient funds
483,snb,2024-04-14T12:47:00,خصم رسوم 21.59 USD على الحساب ***620 رقم العملية 484707608
484,snb,2024-03-30T09:43:00,"تم تحويل مبلغ 48,540.76 USD الى نورة الشمري رقم المرجع 793317259 الرصيد 119,622.54"
485,snb,2024-02-08T21:53:00,"عملية شراء بمبلغ 46,984.34 USD لدى starbucks بالبطاقة xxxx7904 بتاريخ 2024-02-08 الرصيد المتاح 17,306.33"
486,snb,2024-03-13T12:11:00,"عملية شراء بمبلغ 5,988.41 SAR لدى amazon.sa بالبطاقة xxxx9324 بتاريخ 13/03/2024 الرصيد المتاح 62,864.26"
487,الأهلي,2024-07-14T15:07:00,"تم ايداع راتب بمبلغ 85,244.42 ر.س في الحساب ***772 بتاريخ 2024-07-14"
488,الأهلي,2024-01-26T13:12:00,Your card ****7025 was declined at نون due to insufficient funds
489,الراجحي,2024-11-10T00:58:00,رمز التحقق الخاص بك هو 201457 صالح لمدة 15 دقائق لا تشاركه مع احد شكرا لك
490,بنك الرياض,2024-05-27T00:18:00,"تم ايداع راتب بمبلغ 36,031.80 USD في الحساب ***537 بتاريخ 2024-05-27"
491,alrajhi,2024-05-25T15:34:00,Your  OTP is 690691. Valid for 5 minutes. Do not share it with anyone
492,snb,2024-11-06T01:56:00,"Bill payment USD ٣٧,٠٧٩.٧١ to starbucks succeeded. Fee USD ٤٢.٣٧. Ref ٢٦٨٧٤٥٤١٠"
493,الراجحي,2024-03-02T16:36:00,"Transfer of USD 57,459.70 to mohammed ali completed. Ref 387074646. Balance USD 108,074.59"
494,الأهلي,2024-10-13T17:55:00,‏Your card xxxx5446 was declined at jarir bookstore due to insufficient funds‎
495,الأهلي,2024-05-30T19:30:00,Your card ****6284 was declined at نون due to insufficient funds
496,riyad bank,2024-05-15T10:40:00,"Bill payment SAR 50,920.46 to carrefour hyper succeeded. Fee SAR 42.03. Ref 833122095"
497,الراجحي,2024-03-30T17:59:00,Your OTP is 415800. Valid for 10 minutes. Do not share it with anyone
498,alrajhi,2024-08-20T07:32:00,"‏Bill payment SAR 8,344.08 to amazon.sa succeeded. Fee SAR 73.58. Ref 642078352‎"
499,الراجحي,2024-09-03T10:39:00,رمز التحقق الخاص بك هو 830249 صالح لمدة 15 دقائق لا تشاركه مع احد
500,بنك الرياض,2024-10-19T08:04:00,عزيزنا العميل تم تفعيل خدمة الحوالات الفورية على حسابك ***386 للاستفسار اتصل على 966548393596
501,الراجحي,2024-12-05T03:02:00,"Bill payment AED 82,048.79 to amazon.sa succeeded. Fee AED 54.73. Ref 603947339"
502,riyad bank,2024-01-31T01:55:00,"Bill payment AED 37,245.16 to carrefour hyper succeeded. Fee AED 17.64. Ref 457331049"
503,riyad bank,2024-10-18T23:29:00,"Bill payment USD 65,734.97 to بنده succeeded. Fee USD 67.84. Ref 654727416"
504,الأهلي,2024-07-18T22:34:00,"تم تحويل مبلغ ١,٠٤٨.٠٣ ر.س الى mohammed ali رقم المرجع ١٧٣٨٠١٨٣٤ "
505,riyad bank,2024-04-21T02:53:00,خصم رسوم 14.75 SAR على الحساب ***134 رقم العملية 227901370
506,alrajhi,2024-03-23T03:21:00,"Transfer of AED 29,472.07 to نورة الشمري completed. Ref 963382006. Balance AED 264,159.98"
507,الراجحي,2024-01-01T20:32:00,رمز التحقق الخاص بك هو 668628 صالح لمدة 15 دقائق لا تشاركه مع احد
508,بنك الرياض,2024-04-21T03:23:00,"Dear customer, service sms alerts was activated on account ***536. Call 9665236980"
509,alrajhi,2024-05-29T22:05:00,"تم تحويل مبلغ 53,003.46 SAR الى acme trading llc رقم المرجع 463371188 الرصيد 302,543.29 thank you"
510,snb,2024-01-29T16:56:00,"Purchase of AED 35,014.29 at Ø¨Ù†Ø¯Ù‡ on card ending xxxx7467 on 29/01/2024 16:56. Available balance AED 265,824.36"
511,alrajhi,2024-07-04T21:43:00,عزيزنا العميل تم تفعيل خدمة المدفوعات الدولية على حسابك ***986 للاستفسار اتصل على 966529340566
512,snb,2024-11-07T23:17:00,Your card xxxx9206 was declined at صيدلية النهدي due to insufficient funds
513,الأهلي,2024-04-26T07:08:00,عزيزنا العميل تم تفعيل خدمة apple pay على حسابك ***235 للاستفسار اتصل على 966567314449
514,alrajhi,2024-02-10T12:02:00,عزيزنا Ø§Ù„Ø¹Ù…ÙŠÙ„ ØªÙ… ØªÙØ¹ÙŠÙ„ Ø®Ø¯Ù…Ø© Ø§Ù„Ø­ÙˆØ§Ù„Ø§Øª Ø§Ù„ÙÙˆØ±ÙŠØ© Ø¹Ù„Ù‰ Ø­سابك ***859 للاستفسار اتصل على 966539689841
515,بنك الرياض,2024-09-08T19:11:00,"عملية شراء بمبلغ 72,728.76 USD لدى صيدلية النهدي بالبطاقة xxxx2460 بتاريخ 08/09/2024 الرصيد المتاح 483,202.93"
516,الراجحي,2024-06-14T11:20:00,"Salary of ر.س 39,732.32 credited to account ***393 "
517,alrajhi,2024-01-20T05:43:00,Your OTP is 218644. Valid for 5 minutes. Do not share it with anyone
518,الراجحي,2024-03-19T04:24:00,خصم رسوم 42.35 ر.س على الحساب ***315 رقم العملية 841357742
519,بنك الرياض,2024-09-19T12:53:00,Your card ****8570 was declined at starbucks due to insufficient funds
520,الأهلي,2024-08-14T07:47:00,"Dear  customer, service المدفوعات الدولية was activated on account ***785. Call 966564291916 for help"
521,alrajhi,2024-09-12T16:41:00,"سحب نقدي 42,933.96 ر.س من الحساب ***469 بتاريخ 2024-09-12 الرصيد المتاح 307,878.11"
522,riyad bank,2024-04-12T17:11:00,"تم تحويل مبلغ 81,884.69 USD الى mohammed ali رقم المرجع 522290930 الرصيد 451,691.21"
523,snb,2024-02-14T01:17:00,"تم ايداع راتب بمبلغ ٨,٠٦٧.٣٤ ر.س في الحساب ***٢٩٣ بتاريخ ٢٠٢٤-٠٢-١٤"
524,بنك الرياض,2024-08-21T16:13:00,Your OTP is 156646. Valid for 5 minutes. Do not share it with anyone
525,alrajhi,2024-07-11T10:24:00,خصم رسوم 94.43 ر.س على الحساب ***561 رقم العملية 513443744
526,alrajhi,2024-03-08T17:25:00,"سحب نقدي 4,927.37 USD من الحساب ***936 بتاريخ 2024-03-08 الرصيد المتاح 42,883.69"
527,الأهلي,2024-04-06T07:23:00,"‏Purchase of AED 70,136.67 at صيدلية النهدي on card ending xxxx6757 on 2024-04-06 07:23. Available balance AED 422,264.14‎"
528,الأهلي,2024-01-02T16:29:00,"سحب نقدي ٧,٧٥٦.٦٩ SAR من الحساب ***٩٢٧ بتاريخ ٢٠٢٤-٠١-٠٢ الرصيد المتاح ١١٨,١٥٧.٢٩"
529,alrajhi,2024-05-28T23:39:00,Your  OTP is ٩٤٠٤٣٦. Valid for ١٥ minutes. Do not share it with anyone
530,riyad bank,2024-03-25T21:21:00,"سحب Ù†Ù‚Ø¯ÙŠ 14,629.26 USD Ù…Ù† Ø§Ù„Ø­Ø³Ø§Ø¨ ***839 Ø¨ØªØ§ريخ 25/03/2024 الرصيد المتاح 286,647.68"
531,الأهلي,2024-06-06T22:02:00,خصم رسوم 42.07 AED على الحساب ***537 رقم العملية 833159202
532,الأهلي,2024-10-06T00:09:00,"تم ايداع راتب بمبلغ 10,775.46 SAR في الحساب ***476 بتاريخ 2024-10-06"
533,alrajhi,2024-06-26T01:33:00,"Dear customer, service Ø§Ù„Ù…Ø¯ÙÙˆØ¹Ø§Øª Ø§Ù„Ø¯ÙˆÙ„ÙŠØ© was activated on account ***932. Call 966596269010 for help"
534,riyad bank,2024-11-02T02:55:00,"Purchase of AED 71,759.29 at starbucks on card ending ****7924 on 02/11/2024 02:55. Available balance AED 482,942.29"
535,alrajhi,2024-06-18T09:42:00,"Bill  payment USD 9,719.94 to jarir bookstore succeeded. Fee USD 51.04. Ref 733379455"
536,riyad bank,2024-12-11T07:26:00,"Transfer of AED 13,072.26 to mohammed ali completed. Ref 836201477. Balance AED 337,216.29"
537,بنك الرياض,2024-01-22T14:14:00,"Purchase of ر.س ٨٥,٢٧٠.٢٠ at بنده on card ending ****٣٥١٢ on ٢٠٢٤-٠١-٢٢ ١٤:١٤. Available balance ر.س ١٣٩,٧٦٠.٦٨"
538,alrajhi,2024-08-27T11:09:00,"Purchase of SAR 48,611.95 at starbucks on card ending ****3688 on 27/08/2024 11:09. Available balance SAR 253,200.94 شكرا لك"
539,alrajhi,2024-04-06T15:27:00,خصم  رسوم 44.83 AED على الحساب ***465 رقم العملية 730394310
540,الراجحي,2024-11-08T17:53:00,"تم ايداع راتب بمبلغ 37,867.37 USD في الحساب ***843 بتاريخ 08/11/2024"
541,الراجحي,2024-11-30T23:28:00,"تم تحويل مبلغ 26,999.77 AED الى mohammed ali رقم المرجع 145168459 الرصيد 331,802.76"
542,بنك الرياض,2024-11-18T13:53:00,رمز التحقق الخاص بك هو 692075 صالح لمدة 5 دقائق لا تشاركه مع احد
543,riyad bank,2024-05-31T09:40:00,"سحب نقدي 77,737.87 SAR من الحساب ***385 بتاريخ 2024-05-31 الرصيد المتاح 141,850.75"
544,alrajhi,2024-03-24T03:13:00,"Transfer  of USD 66,638.89 to نورة الشمري completed. Ref 521818173. Balance USD 19,767.13"
545,riyad bank,2024-08-05T09:54:00,"Dear customer, service apple pay was activated on account ***696. Call 966535731644 for help"
546,الأهلي,2024-04-03T05:12:00,Your OTP is 950892. Valid for 10 minutes. Do not share it with anyone
547,الراجحي,2024-03-21T17:15:00,"Purchase of ر.س 72,241.92 at jarir bookstore on card ending xxxx2172 on 21/03/2024 17:15. Available balance ر.س 391,398.15"
548,alrajhi,2024-10-30T15:41:00,"سحب Ù†Ù‚Ø¯ÙŠ 17,292.38 USD Ù…Ù† Ø§Ù„Ø­Ø³Ø§Ø¨ ***767 Ø¨ØªØ§ريخ 30/10/2024 الرصيد المتاح 294,898.61"
549,alrajhi,2024-04-29T21:51:00,"Transfer of SAR 13,513.25 to نورة الشمري completed. Ref 625274773. Balance SAR 57,492.53"
550,riyad bank,2024-07-26T17:00:00,"Dear customer, service apple pay was activated on account ***642. Call 966577468909 for help"
551,riyad bank,2024-07-21T03:21:00,Your card xxxx7887 was declined at carrefour hyper due to insufficient funds
552,snb,2024-09-24T07:26:00,"سحب  نقدي 11,066.67 USD من الحساب ***613 بتاريخ 24/09/2024 الرصيد المتاح 478,145.55"
553,riyad bank,2024-04-01T18:36:00,"تم ايداع راتب بمبلغ 83,686.38 AED في الحساب ***205 بتاريخ 01/04/2024"
554,alrajhi,2024-04-02T06:49:00,"تم تحويل مبلغ 54,505.18 USD الى mohammed ali رقم المرجع 277036304 الرصيد 129,447.68"
555,snb,2024-05-27T21:31:00,"تم ØªØ­ÙˆÙŠÙ„ Ù…Ø¨Ù„Øº 72,359.57 Ø±.Ø³ Ø§Ù„Ù‰ Ù†ÙˆØ±Ø© Ø§Ù„Ø´Ù…Ø±ي رقم المرجع 525614968 الرصيد 62,212.62"
556,snb,2024-11-21T16:16:00,Your OTP is 260605. Valid for 10 minutes. Do not share it with anyone
557,riyad bank,2024-10-26T09:03:00,"Purchase  of USD 28,655.05 at صيدلية النهدي on card ending ****8860 on 2024-10-26 09:03. Available balance USD 59,498.87"
558,الراجحي,2024-07-06T01:46:00,"Dear customer, service sms alerts was activated on account ***173. Call 966585958157 for help"
559,snb,2024-08-25T17:03:00,"Bill payment SAR 85,883.27 to amazon.sa succeeded. Fee SAR 39.34. Ref 524012428"
560,alrajhi,2024-07-17T06:40:00,"ATM withdrawal AED 57,064.11 from account ***345 on 2024-07-17. Available balance AED 119,815.64"
561,alrajhi,2024-11-19T17:02:00,"ATM withdrawal USD 71,757.44 from account ***246 on 19/11/2024. Available balance USD 271,579.22"
562,snb,2024-04-26T21:53:00,"‏عملية شراء بمبلغ 24,319.02 AED لدى نون بالبطاقة ****5257 بتاريخ 2024-04-26 الرصيد المتاح 80,057.81‎"
563,riyad bank,2024-06-03T15:18:00,"Salary of SAR 86,174.74 credited to account ***122 on 03/06/2024"
564,الأهلي,2024-06-24T11:46:00,عزيزنا العميل تم تفعيل خدمة apple pay على حسابك ***727 للاستفسار اتصل على 966540068770
565,alrajhi,2024-06-09T00:28:00,"عملية شراء بمبلغ 88,802.43 ر.س لدى carrefour hyper بالبطاقة xxxx8649 بتاريخ 09/06/2024 الرصيد المتاح 183,739.02"
566,snb,2024-08-01T04:00:00,Your card xxxx4807 was declined at هنقرستيشن due to insufficient funds thank you
567,snb,2024-05-17T01:09:00,Your  OTP is 351836. Valid for 5 minutes. Do not share it with anyone
568,riyad bank,2024-10-16T10:05:00,"‏سحب نقدي 25,912.95 USD من الحساب ***900 بتاريخ 2024-10-16 الرصيد المتاح 341,145.90‎"
569,riyad bank,2024-10-02T18:56:00,"Transfer of USD 17,837.94 to Ø®Ø§Ù„Ø¯ Ø§Ù„Ø¹ØªÙŠØ¨ÙŠ completed. Ref 725884787. Balance USD 461,150.43"
570,الأهلي,2024-12-05T15:43:00,"Transfer of ر.س 17,525.38 to sara a. completed. Ref 291717004. Balance ر.س 475,089.76"
571,alrajhi,2024-03-01T16:22:00,"Transfer  of ر.س 34,342.42 to نورة الشمري completed. Ref 277486633. Balance ر.س 147,812.97 -riyad bank"
572,snb,2024-02-09T05:24:00,"ATM withdrawal AED 28,709.44 from account ***270 on 09/02/2024. Available balance AED 7,153.91"
573,snb,2024-02-06T18:41:00,خصم Ø±Ø³ÙˆÙ… 24.84 SAR Ø¹Ù„Ù‰ Ø§Ù„Ø­Ø³Ø§Ø¨ ***925 رقم العملية 256311409
574,الراجحي,2024-01-01T16:34:00,"عملية شراء بمبلغ 66,822.31 ر.س لدى بنده بالبطاقة ****7253 بتاريخ 2024-01-01 الرصيد المتاح 354,091.49"
575,riyad bank,2024-07-23T23:39:00,"عملية  شراء بمبلغ 48,306.62 SAR لدى carrefour hyper بالبطاقة xxxx3634 بتاريخ 2024-07-23 الرصيد المتاح 316,926.42"
576,alrajhi,2024-01-06T04:51:00,"Transfer  of Ø±.Ø³ 33,143.58 to Ø®Ø§Ù„Ø¯ Ø§Ù„Ø¹ØªÙŠØ¨ÙŠ completed. Ref 967890422. Balance ر.س 445,477.13"
577,الأهلي,2024-11-19T08:30:00,"Transfer of USD 24,495.78 to mohammed ali completed. Ref 334718303. Balance USD 231,645.57"
578,riyad bank,2024-11-18T22:23:00,"‏Dear customer, service الحوالات الفورية was activated on account ***620. Call 966571725881 for help‎"
579,alrajhi,2024-10-06T11:35:00,Your OTP is 235926. Valid for 10 minutes. Do not share it with anyone
580,snb,2024-05-01T21:10:00,Your OTP is 332382. Valid for 10 minutes. Do not share it with anyone
581,snb,2024-12-06T22:20:00,"ATM withdrawal AED 54,013.60 from account ***625 on 06/12/2024. Available balance AED 412,211.25"
582,alrajhi,2024-06-12T00:19:00,"Transfer of ر.س 52,485.13 to acme trading llc completed. Ref 702752049. Balance ر.س 6,322.52"
583,riyad bank,2024-01-23T20:12:00,خصم Ø±Ø³ÙˆÙ… 33.59 SAR Ø¹Ù„Ù‰ Ø§Ù„Ø­Ø³Ø§Ø¨ ***276 رقم العملية 530206237
584,الأهلي,2024-04-03T10:18:00,"تم  ايداع راتب بمبلغ 46,920.05 ر.س في الحساب ***710 بتاريخ 03/04/2024"
585,riyad bank,2024-04-13T18:50:00,"Salary of ر.س 68,960.45 credited to account ***847 on 13/04/2024"
586,alrajhi,2024-01-21T18:25:00,"Transfer  of USD 9,510.63 to acme trading llc completed. Ref 379544577. Balance USD 262,645.24"
587,الراجحي,2024-11-23T16:27:00,"ATM  withdrawal ر.س 1,868.48 from account ***573 on 23/11/2024. Available balance ر.س 350,504.03"
588,riyad bank,2024-07-01T12:19:00,"تم تحويل مبلغ ٧,٣٦١.٤٢ AED الى نورة الشمري رقم المرجع ١٣٩٦٨٤٠٣٥ الرصيد ١٥,٨٣٣.٥٩ شكرا لك"
589,بنك الرياض,2024-05-21T17:56:00,عزيزنا Ø§Ù„Ø¹Ù…ÙŠÙ„ ØªÙ… ØªÙØ¹ÙŠÙ„ Ø®Ø¯Ù…Ø© Ø§Ù„Ù…Ø¯ÙÙˆØ¹Ø§Øª Ø§Ù„Ø¯ÙˆÙ„ÙŠØ© Ø¹Ù„Ù‰ حسابك ***862 للاستفسار اتصل على 966558066445
590,الراجحي,2024-11-07T05:52:00,خصم رسوم 21.75 SAR على الحساب ***639 رقم العملية 662717971
591,الأهلي,2024-06-22T23:26:00,"Purchase of ر.س 70,453.37 at amazon.sa on card ending ****8201 on 2024-06-22 23:26. Available balance ر.س 96,391.82"
592,الأهلي,2024-07-26T10:17:00,"Dear customer, service الحوالات الفورية was activated on account ***731. Call 966533978620 for help"
593,بنك الرياض,2024-08-26T13:53:00,Your OTP is 393367. Valid for 15 minutes. Do not share it with anyone
594,riyad bank,2024-10-22T00:34:00,"سحب نقدي 3,176.66 USD من الحساب ***605 بتاريخ 2024-10-22 الرصيد المتاح 258,799.26"
595,الراجحي,2024-11-03T16:36:00,"Bill payment AED 32,975.26 to starbucks succeeded. Fee AED 43.98. Ref 405776393"
596,بنك الرياض,2024-03-22T11:41:00,عزيزنا Ø§Ù„Ø¹Ù…ÙŠÙ„ ØªÙ… ØªÙØ¹ÙŠÙ„ Ø®Ø¯Ù…Ø© sms alerts Ø¹Ù„Ù‰ Ø­Ø³Ø§Ø¨ك ***784 للاستفسار اتصل على 966552559423
597,alrajhi,2024-06-23T02:33:00,"ATM  withdrawal SAR 15,255.64 from account ***677 on 23/06/2024. Available balance SAR 439,263.27"
598,riyad bank,2024-11-14T07:45:00,Your  OTP is 833158. Valid for 5 minutes. Do not share it with anyone
599,الأهلي,2024-03-14T23:52:00,"ATM withdrawal USD 75,896.97 from account ***711 on 14/03/2024. Available balance USD 487,602.77"
600,الراجحي,2024-03-01T01:24:00,"Transfer of SAR 20,966.52 to Ù†ÙˆØ±Ø© Ø§Ù„Ø´Ù…Ø±ÙŠ completed. Ref 179559411. Balance SAR 459,036.60"
601,الأهلي,2024-10-13T15:02:00,"Dear customer, service sms alerts was activated on account ***552. Call 966529974994 for help"
602,الراجحي,2024-11-23T02:48:00,"Purchase of AED 88,819.70 at صيدلية النهدي on card ending ****1613 on 2024-11-23 02:48. Available balance AED 97,053.62 -alrajhi"
603,بنك الرياض,2024-12-04T22:47:00,"ATM withdrawal AED ١٨,٥١٩.١٨ from account ***٦٦٢ on ٢٠٢٤-١٢-٠٤. Available balance AED ٢٣٠,٩٣١.٦٨"
604,alrajhi,2024-01-06T09:55:00,"‏Bill  payment USD 78,337.94 to carrefour hyper succeeded. Fee USD 83.71. Ref 561779400‎"
605,الأهلي,2024-11-05T21:10:00,"سحب نقدي 66,456.95 SAR من الحساب ***532 بتاريخ 2024-11-05 الرصيد المتاح 275,467.27"
606,snb,2024-10-21T12:46:00,"‏Salary  of ر.س 22,552.62 credited to account ***673 on 2024-10-21‎"
607,riyad bank,2024-09-17T00:31:00,خصم رسوم 93.87 USD على الحساب ***551 رقم العملية 753763892
608,بنك الرياض,2024-11-11T11:38:00,خصم رسوم 39.89 SAR على الحساب ***585 رقم العملية 423730300
609,snb,2024-11-05T22:17:00,"تم تحويل مبلغ 57,519.56 ر.س الى نورة الشمري رقم المرجع 624643324 الرصيد 497,354.81"
610,snb,2024-02-09T23:50:00,"‏تم ايداع راتب بمبلغ ٣٠,٥٩٧.٨٩ SAR في الحساب ***٥٨٠ بتاريخ ٢٠٢٤-٠٢-٠٩‎"
611,riyad bank,2024-04-03T09:49:00,"تم  تحويل مبلغ 42,094.23 USD الى acme trading llc رقم المرجع 53055803"
612,بنك الرياض,2024-07-02T00:35:00,"سحب نقدي 14,569.04 USD من الحساب ***885 بتاريخ 2024-07-02 الرصيد المتاح 134,007.96"
613,snb,2024-03-30T08:56:00,"عملية شراء بمبلغ 26,674.69 SAR لدى صيدلية النهدي بالبطاقة ****9997 بتاريخ 30/03/2024 الرصيد المتاح 430,799.29"
614,الراجحي,2024-09-25T07:06:00,"Transfer of SAR 69,875.21 to sara a. completed. Ref 712109638. Balance SAR 259,976.59"
615,alrajhi,2024-01-13T03:33:00,"Salary of AED 16,712.64 credited to account ***243 on 13/01/2024 شكرا لك"
616,snb,2024-05-28T05:10:00,عزيزنا العميل تم تفعيل خدمة الحوالات الفورية على حسابك ***827 للاستفسار اتصل على 966570537277
617,snb,2024-06-06T04:04:00,"سحب نقدي ٣٥,٩٠٤.٢٤ ر.س من الحساب ***٦٩٥ بتاريخ ٢٠٢٤-٠٦-٠٦ الرصيد المتاح ٤٥٠,٩٩٢.١٤ -snb"
618,alrajhi,2024-10-06T14:55:00,"Salary of USD 9,548.42 credited to account ***685 on 2024-10-06"
619,snb,2024-03-17T14:02:00,"Dear customer, service المدفوعات الدولية was activated on account ***٦٠٢. Call ٩٦٦٥٦٩٣٢٠١٨٩ for help"
620,snb,2024-10-12T11:48:00,"سحب نقدي 49,161.70 USD من الحساب ***698 بتاريخ 12/10/2024 الرصيد المتاح 446,841.55"
621,snb,2024-02-29T08:12:00,رمز التحقق الخاص بك هو 753138 صالح لمدة 10 دقائق لا تشاركه مع احد
622,riyad bank,2024-05-11T03:12:00,"عملية شراء بمبلغ 11,855.55 AED لدى صيدلية النهدي بالبطاقة xxxx5234 بتاريخ 2024-05-11 الرصيد المتاح 117,841.82"
623,riyad bank,2024-01-18T19:32:00,عزيزنا العميل تم تفعيل خدمة apple pay على حسابك ***907 للاستفسار اتصل على 966575721148
624,بنك الرياض,2024-04-08T17:21:00,"‏Transfer of ر.س 17,215.32 to خالد العتيبي completed. Ref 832587248. Balance ر.س 279,633.73‎"
625,الراجحي,2024-10-12T01:17:00,"ATM withdrawal ر.س 2,249.78 from account ***821 on 2024-10-12. Available balance ر.س 127,265.51"
626,snb,2024-03-01T09:42:00,"‏Dear customer, service apple pay was activated on account ***378. Call 966512251614 for help‎"
627,الراجحي,2024-11-08T02:09:00,Your OTP is 51242. Valid for 10 minutes. Do not share it with anyone شكرا لك
628,alrajhi,2024-10-12T23:30:00,رمز التحقق الخاص بك هو 924739 صالح لمدة 5 دقائق لا تشاركه مع احد
629,الراجحي,2024-08-16T21:44:00,"Bill payment AED 36,432.39 to carrefour hyper succeeded. Fee AED 54.64. Ref 407722551"
630,snb,2024-07-13T12:33:00,"ATM withdrawal ر.س ٤,٢٨٨.٣٥ from account ***٤٠٢ on ١٣/٠٧/٢٠٢٤. Available balance ر.س ٨٠,٩٨٣.٣٨"
631,riyad bank,2024-07-27T06:55:00,"Bill payment AED 20,956.30 to بنده succeeded. Fee AED 24.29. Ref 804692801"
632,alrajhi,2024-06-20T22:08:00,خصم رسوم 6.06 SAR على الحساب ***151 رقم العملية 510441241
633,riyad bank,2024-02-06T22:17:00,"Transfer of AED 86,518.07 to acme trading llc completed. Ref 958364234. Balance AED 288,564.83"
634,الراجحي,2024-07-25T18:41:00,"‏تم تحويل مبلغ 85,820.47 SAR الى mohammed ali رقم المرجع 894119853 الرصيد 237,922.92‎"
635,بنك الرياض,2024-11-16T18:14:00,"تم ايداع راتب بمبلغ 62,979.87 ر.س في الحساب ***660 بتاريخ 16/11/2024"
636,الأهلي,2024-08-04T23:25:00,"Transfer of USD 79,506.12 to sara a. completed. Ref 828194357. Balance USD 380,672.35"
637,riyad bank,2024-02-15T23:55:00,"Dear customer, service apple pay was activated on account ***٥٠٦. Call ٩٦٦٥٨٠٨٦٣٢٥٣ for help"
638,alrajhi,2024-01-05T16:56:00,"‏عملية شراء بمبلغ 71,495.94 ر.س لدى carrefour hyper بالبطاقة xxxx3454 بتاريخ 2024-01-05 الرصيد المتاح 188,608.72‎"
639,الراجحي,2024-09-13T16:14:00,"‏Purchase of USD 75,064.43 at carrefour hyper on card ending ****7215 on 13/09/2024 16:14. Available balance USD 242,598.12‎"
640,snb,2024-11-30T23:11:00,"ATM withdrawal USD 11,006.48 from account ***704 on 2024-11-30. Available balance USD 448,763.30"
641,riyad bank,2024-09-01T07:29:00,رمز التحقق الخاص بك هو 400422 صالح لمدة 5 دقائق لا تشاركه مع احد
642,الراجحي,2024-11-09T10:20:00,"تم ايداع راتب بمبلغ 68,397.33 ر.س في الحساب ***222 بتاريخ 09/11/2024"
643,riyad bank,2024-05-10T03:32:00,‏Your  OTP is 405038. Valid for 10 minutes. Do not share it with anyone‎
644,الراجحي,2024-02-26T21:04:00,"Purchase of Ø±.Ø³ 71,598.55 at Ø¨Ù†Ø¯Ù‡ on card ending xxxx5676 on 2024-02-26 21:04. Available balance ر.س 154,347.90"
645,بنك الرياض,2024-12-08T01:25:00,‏Your OTP is 800043. Valid for 5 minutes. Do not share i
646,الأهلي,2024-01-05T18:44:00,Your card xxxx8104 was declined at starbucks due to insufficient funds
647,snb,2024-06-16T07:41:00,"Transfer of USD 27,657.39 to خالد العتيبي completed. Ref 250092433. Balance USD 328,734.82 شكرا لك"
648,alrajhi,2024-07-11T01:06:00,"Bill payment USD 14,145.93 to jarir bookstore succeeded. Fee USD 5.54. Ref 796041398"
649,بنك الرياض,2024-05-04T08:39:00,"Bill payment USD 12,669.70 to jarir bookstore succeeded. Fee USD 9.43. Ref 629906849"
650,snb,2024-04-17T16:13:00,Your OTP is 136004. Valid for 15 minutes. Do not share it with anyone
651,الأهلي,2024-10-10T01:36:00,"ATM withdrawal ر.س 39,003.37 from account ***960 on 2024-10-10. Available balance ر.س 33,919.05"
652,snb,2024-04-20T00:58:00,خصم رسوم ٧٧.٤٢ ر.س على الحساب ***٨١٠ رقم العملية ٩٠٥٠٦٠٨٢١ thank you
653,الأهلي,2024-03-24T15:13:00,"سحب نقدي 22,769.48 ر.س من الحساب ***341 بتاريخ 2024-03-24 الرصيد المتاح 48,731.43"
654,snb,2024-05-27T12:38:00,"Purchase of USD 35,242.31 at بنده on card ending xxxx2506 on 27/05/2024 12:38. Available balance USD 445,935.68"
655,الأهلي,2024-08-23T14:32:00,"تم تحويل مبلغ 2,444.45 ر.س الى acme trading llc رقم المرجع 535971083 الرصيد 440,578.59"
656,الراجحي,2024-04-17T04:35:00,"Transfer of USD 38,176.16 to خالد العتيبي completed. Ref 606343007. Balance USD 58,356.44"
657,alrajhi,2024-07-10T23:51:00,خصم Ø±Ø³ÙˆÙ… 32.57 Ø±.Ø³ Ø¹Ù„Ù‰ Ø§Ù„Ø­Ø³Ø§Ø¨ ***511 رقم العملية 274570623
658,riyad bank,2024-03-26T22:53:00,Your OTP is 676067. Valid for 15 minutes. Do not share it wit
659,snb,2024-04-11T13:06:00,"تم  تحويل مبلغ 3,217.98 AED الى mohammed ali رقم المرجع 901381266 الرصيد 113,040.83"
660,الراجحي,2024-02-11T22:41:00,"ATM withdrawal AED 26,384.03 from account ***686 on 11/02/2024. Available balance AED 449,016.67"
661,الراجحي,2024-12-09T02:55:00,"Purchase of AED 48,039.55 at jarir bookstore on card ending ****3530 on 2024-12-09 02:55. Available balance AED 354,513.02"
662,الأهلي,2024-07-19T00:40:00,"سحب نقدي 37,357.57 AED من الحساب ***295 بتاريخ 19/07/2024 الرصيد المتاح 85,956.10"
663,riyad bank,2024-02-15T07:07:00,رمز التحقق الخاص بك هو 409076 صالح لمدة 10 دقائق لا تشاركه مع احد
664,بنك الرياض,2024-11-12T03:50:00,"‏Dear  customer, service sms alerts was activated on account ***٨٠٩. Call ٩٦٦٥١٩٥٣٩٢٥٨ for help‎"
665,riyad bank,2024-01-19T02:36:00,‏خصم  رسوم 20.41 ر.س على الحساب ***557 رقم العملية 906240437‎
666,بنك الرياض,2024-03-12T04:43:00,"Bill payment ر.س 53,522.44 to نون succeeded. Fee ر.س 39.57. Ref 787409436"
667,snb,2024-01-05T01:33:00,"عملية شراء بمبلغ 53,096.16 AED لدى صيدلية النهدي بالبطاقة xxxx9564 بتاريخ 05/01/2024 الرصيد المتاح 224,553.84"
668,riyad bank,2024-06-01T22:08:00,"Transfer of AED ١١,٣٦٥.٤٩ to acme trading llc completed. Ref ٢٦٧١٧٩٢٨٧. Balance AED ٧٩,٤٩٣.٦٧"
669,riyad bank,2024-08-18T09:53:00,‏Your OTP is 766983. Valid for 5 minutes. Do not share it with anyone‎
670,riyad bank,2024-09-25T22:32:00,"تم تحويل مبلغ 50,594.02 ر.س الى mohammed ali رقم المرجع 549712210 الرصيد 268,076.79"
671,alrajhi,2024-02-19T00:32:00,"سحب نقدي 7,912.63 ر.س من الحساب ***989 بتاريخ 2024-02-19 الرصيد المتاح 442,725.41"
672,riyad bank,2024-03-25T14:19:00,"ATM withdrawal ر.س 5,549.60 from account ***649 on 2024-03-25. Available balance ر.س 93,916.74"
673,snb,2024-10-10T10:58:00,"Bill payment ر.س 64,145.05 to amazon.sa succeeded. Fee ر.س 46.11. Ref 684888986"
674,الراجحي,2024-02-13T23:21:00,"ATM withdrawal ر.س 52,570.60 from account ***672 on 13/02/2024. Available balance ر.س 265,805.62"
675,riyad bank,2024-05-06T01:00:00,"سحب نقدي 25,667.23 SAR من الحساب ***402 بتاريخ 2024-05-06 الرصيد المتاح 106,294.21"
676,الراجحي,2024-03-24T05:56:00,"‏Transfer of AED 74,490.62 to Ù†ÙˆØ±Ø© Ø§Ù„Ø´Ù…Ø±ÙŠ completed. Ref 366900999. Balance AED 467,889.96‎"
677,alrajhi,2024-07-12T23:55:00,"ATM withdrawal AED 22,564.32 from account ***949 on 2024-07-12. Available balance AED 471,389.41"
678,الأهلي,2024-05-12T04:28:00,"Salary  of USD 78,377.51 credited to account ***496 on 2024-05-12"
679,riyad bank,2024-07-16T00:34:00,"عملية شراء بمبلغ 26,900.47 SAR لدى هنقرستيشن بالبطاقة ****1296 بتاريخ 2024-07-16 الرصيد المتاح 183,745.59"
680,الأهلي,2024-12-12T23:00:00,"Transfer  of AED 69,366.86 to نورة الشمري completed. Ref 832640787. Balance AED 17,793.11"
681,riyad bank,2024-05-12T13:45:00,عزيزنا العميل تم تفعيل خدمة المدفوعات الدولية على حسابك ***703 للاستفسار اتصل على 966596965313
682,الراجحي,2024-10-20T02:17:00,"Transfer of SAR 82,503.76 to نورة الشمري completed. Ref 540865163. Balance SAR 26,134.88"
683,snb,2024-07-15T06:10:00,"تم ايداع راتب بمبلغ 12,200.50 ر.س في الحساب ***459 بتاريخ 15/07/2024"
684,بنك الرياض,2024-07-07T11:41:00,"سحب نقدي 55,878.78 SAR من الحساب ***813 بتاريخ 07/07/2024 الرصيد "
685,riyad bank,2024-11-06T08:32:00,"Dear customer, service sms alerts was activated on account ***240. Call 966556840512 for help"
686,snb,2024-11-07T12:12:00,"تم تحويل مبلغ 57,696.30 SAR الى mohammed ali رقم المرجع 867180180 الرصيد 424,089.02"
687,بنك الرياض,2024-07-10T22:54:00,"Salary of ر.س 49,855.01 credited to account ***665 on 10/07/2024"
688,riyad bank,2024-05-24T09:15:00,"Salary of ر.س 70,748.56 credited to account ***634 on 2024-05-24"
689,الراجحي,2024-04-29T03:25:00,"‏سحب نقدي 18,603.97 ر.س من الحساب ***751 بتاريخ 29/04/2024 الرصيد المتاح 285,391.52‎"
690,الراجحي,2024-09-19T03:06:00,"Dear customer, service apple pay was activated on account ***300. Call 966595150059 for help"
691,snb,2024-01-31T03:19:00,"‏ATM withdrawal ر.س 67,191.43 from account ***514 on 2024-01-31. Available balance ر.س 17,986.93‎ -بنك الرياض"
692,الأهلي,2024-07-31T05:06:00,Your OTP is 354169. Valid for 10 minutes. Do not share it with anyone
693,snb,2024-10-19T15:00:00,"عملية  شراء بمبلغ 31,905.86 SAR لدى هنقرستيشن بالبطاقة xxxx2808 بتاريخ 2024-10-19 الرصيد المتاح 256,711.12"
694,الأهلي,2024-07-13T09:02:00,"Bill payment USD 12,525.19 to ØµÙŠØ¯Ù„ÙŠØ© Ø§Ù„Ù†Ù‡Ø¯ÙŠ succeeded. Fee USD 9.94. Ref 176264232"
695,الأهلي,2024-10-21T16:18:00,"ATM withdrawal USD 27,443.58 from account ***685 on 2024-10-21. Available balance USD 384,657.80"
696,الراجحي,2024-01-06T22:47:00,عزيزنا العميل تم تفعيل خدمة sms alerts على حسابك ***105 للاستفسار اتصل على 966582420475
697,الراجحي,2024-04-22T00:33:00,عزيزنا  العميل تم تفعيل خدمة sms alerts على حسابك ***188 للاستفسار اتصل على 966539940255
698,بنك الرياض,2024-01-13T18:07:00,عزيزنا  Ø§Ù„Ø¹Ù…ÙŠÙ„ ØªÙ… ØªÙØ¹ÙŠÙ„ Ø®Ø¯Ù…Ø© apple pay Ø¹Ù„Ù‰ Ø­Ø³Ø§Ø¨ك ***405 للاستفسار اتصل على 966576285413 شكرا لك
699,بنك الرياض,2024-01-08T06:05:00,"عملية  شراء بمبلغ 62,112.58 AED لدى صيدلية النهدي بالبطاقة ****9468 بتاريخ 2024-01-08 الرصيد المتاح 111,476.46"
700,الأهلي,2024-01-20T01:41:00,Your OTP is 631956. Valid for 10 minutes. Do not share it with anyone
701,بنك الرياض,2024-08-31T19:42:00,"Bill  payment SAR 10,936.83 to هنقرستيشن succeeded. Fee SAR 48.86. Ref 454503077"
702,riyad bank,2024-09-20T07:19:00,"Transfer of ر.س 61,105.70 to sara a. completed. Ref 829977534. Balance ر.س 17,591.76"
703,الراجحي,2024-12-05T23:14:00,رمز التحقق الخاص بك هو 346141 صالح لمدة 15 دقائق لا تشاركه مع احد
704,الراجحي,2024-11-21T23:30:00,Your OTP is 390678. Valid for 15 minutes. Do not share it with anyone
705,بنك الرياض,2024-09-16T19:42:00,"Salary of ر.س 23,950.80 credited to account ***478 on 16/09/2024"
706,snb,2024-09-01T15:47:00,"Purchase of ر.س 71,075.92 at carrefour hyper on card ending ****7827 on 01/09/2024 15:47. Available balance ر.س 241,518.75"
707,alrajhi,2024-04-30T08:14:00,Your card xxxx3846 was declined at starbucks due to insufficient funds
708,الراجحي,2024-11-15T21:08:00,"سحب نقدي 25,527.41 USD من الحساب ***140 بتاريخ 15/11/2024 الرصيد المتاح 23,984.71"
709,الأهلي,2024-03-29T20:42:00,"سحب نقدي 66,210.68 AED من الحساب ***332 بتاريخ 2024-03-29 الرصيد المتاح 254,566.81"
710,riyad bank,2024-01-16T14:07:00,"Purchase of ر.س 80,361.67 at starbucks on card ending ****6647 on 2024-01-16 14:07. Available balance ر.س 499,641.27"
711,الأهلي,2024-07-21T15:29:00,"سحب نقدي 45,005.86 SAR من الحساب ***368 بتاريخ 2024-07-21 الرصيد المتاح 284,534.36"
712,riyad bank,2024-02-13T08:06:00,Your OTP is 642568. Valid for 15 minutes. Do not share 
713,snb,2024-08-20T15:17:00,"تم تحويل مبلغ 3,717.29 ر.س الى mohammed ali رقم المرجع 503966551 الرصيد 44,323.12"
714,snb,2024-07-12T04:54:00,عزيزنا  العميل تم تفعيل خدمة apple pay على حسابك ***469 للاستفسار اتصل على 966544907531
715,الراجحي,2024-05-27T01:43:00,"عملية شراء بمبلغ 25,962.48 AED لدى jarir bookstore بالبطاقة ****5288 بتاريخ 2024-05-27 الرصيد المتاح 466,299.74"
716,riyad bank,2024-08-09T12:17:00,خصم رسوم 45.78 SAR على الحساب ***943 رقم العملية 550743794 -riyad bank
717,riyad bank,2024-12-06T03:35:00,عزيزنا  العميل تم تفعيل خدمة المدفوعات الدولية على حسابك ***289 للاستفسار اتصل على 966567501854
718,الراجحي,2024-09-09T23:30:00,"عملية شراء بمبلغ 50,947.79 ر.س لدى starbucks بالبطاقة ****3236 بتاريخ 2024-09-09 الرصيد المتاح 463,577.54"
719,riyad bank,2024-10-05T06:52:00,"عملية شراء بمبلغ 48,097.29 ر.س لدى هنقرستيشن بالبطاقة ****9401 بتاريخ 05/10/2024 الرصيد المتاح 361,179.14"
720,riyad bank,2024-08-31T13:55:00,"تم تحويل مبلغ 45,804.00 USD الى خالد العتيبي رقم المرجع 618659972 الرصيد 486,300.78"
721,riyad bank,2024-02-08T11:27:00,"Salary of SAR 88,714.87 credited to account ***632 "
722,riyad bank,2024-08-09T21:24:00,"سحب نقدي 13,784.87 USD من الحساب ***476 بتاريخ 09/08/2024 الرصيد المتاح 443,254.05"
723,الأهلي,2024-04-27T22:22:00,"تم تحويل مبلغ 73,362.59 USD الى sara a. رقم المرجع 842842223 الرصيد 321,577.63"
724,riyad bank,2024-09-11T07:14:00,"Salary of ر.س 68,784.79 credited to account ***403 on 11/09/2024"
725,riyad bank,2024-04-06T12:22:00,"Transfer of AED 10,490.55 to mohammed ali completed. Ref 821894182. Balance AED 366,187.32"
726,alrajhi,2024-05-12T07:57:00,"Bill payment SAR 88,169.68 to Ø¨Ù†Ø¯Ù‡ succeeded. Fee SAR 95.52. Ref 907882137"
727,الراجحي,2024-08-27T14:49:00,خصم  رسوم 42.15 SAR على الحساب ***605 رقم العملية 519708917
728,الراجحي,2024-11-17T00:24:00,"Salary of ر.س 53,883.52 credited to account ***758 on 2024-11-17"
729,بنك الرياض,2024-10-31T05:34:00,"Purchase  of SAR 68,719.44 at صيدلية النهدي on card ending ****1287 on 2024-10-31 05:34. Available balance SAR 340,995.13"
730,alrajhi,2024-01-26T00:12:00,"‏Transfer  of ر.س 16,918.09 to sara a. completed. Ref 216233559. Balance ر.س 449,547.94‎"
731,الأهلي,2024-04-24T18:19:00,"Salary of USD 72,985.73 credited to account ***472 on 2024-04-24"
732,الأهلي,2024-05-02T11:20:00,Your OTP is 181621. Valid for 5 minutes. Do not share it with anyone
733,alrajhi,2024-08-15T06:20:00,"ATM withdrawal AED 88,163.51 from account ***793 on 2024-08-15. Available balance AED 421,156.49"
734,الراجحي,2024-01-31T13:22:00,"عملية شراء بمبلغ 88,312.72 SAR لدى هنقرستيشن بالبطاقة ****6848 بتاريخ 31/01/2024 الرصيد المتاح 349,540.14"
735,snb,2024-02-16T12:42:00,"Dear customer, service apple pay was activated on account ***134. Call 966554660206 for help"
736,riyad bank,2024-05-18T09:50:00,"عملية شراء بمبلغ 28,721.20 ر.س لدى starbucks بالبطاقة ****9985 بتاريخ 18/05/2024 الرصيد المتاح 476,688.49"
737,alrajhi,2024-01-28T15:33:00,Your  OTP is 165220. Valid for 10 minutes. Do not share it with anyone
738,alrajhi,2024-07-25T15:35:00,"تم تحويل مبلغ 37,485.83 AED الى نورة الشمري رقم المرجع 766546599 "
739,riyad bank,2024-03-12T22:07:00,"Transfer of ر.س 52,267.13 to نورة الشمري completed. Ref 139231531. Balance ر.س 237,031.55"
740,الأهلي,2024-04-21T01:30:00,"تم تحويل مبلغ 44,488.30 ر.س الى sara a. رقم المرجع 658229370 الرصيد 349,795.46"
741,snb,2024-01-05T11:45:00,عزيزنا Ø§Ù„Ø¹Ù…ÙŠÙ„ ØªÙ… ØªÙØ¹ÙŠÙ„ Ø®Ø¯Ù…Ø© apple pay Ø¹Ù„Ù‰ Ø­Ø³Ø§Ø¨ك ***396 للاستفسار اتصل على 966576650795 شكرا لك
742,الراجحي,2024-07-20T18:30:00,"Bill payment ر.س 87,986.25 to jarir bookstore succeeded. Fee ر.س 5.44. Ref 774133710"
743,riyad bank,2024-04-24T17:28:00,"Salary  of AED 81,080.16 credited to account ***609 on 24/04/2024"
744,snb,2024-08-21T19:12:00,رمز التحقق الخاص بك هو 364569 صالح لمدة 10 دقائق لا 
745,بنك الرياض,2024-11-14T14:41:00,"سحب نقدي 81,080.72 ر.س من الحساب ***415 بتاريخ 2024-11-14 الرصيد المتاح 94,585.09"
746,riyad bank,2024-01-30T19:07:00,Your OTP is 925805. Valid for 10 minutes. Do not share it with anyone thank you
747,snb,2024-01-31T07:23:00,Your card ****3153 was declined at نون due to insufficient funds
748,alrajhi,2024-04-24T23:28:00,"Dear customer, service apple pay was activated on account ***361. Call 966575033658 for help"
749,snb,2024-07-09T20:40:00,"Bill payment Ø±.Ø³ 28,398.53 to ØµÙŠØ¯Ù„ÙŠØ© Ø§Ù„Ù†Ù‡Ø¯ÙŠ succeeded. Fee ر.س 80.94. Ref 781125465"
750,الراجحي,2024-04-29T19:55:00,رمز التحقق الخاص بك هو 36667 صالح لمدة 15 دقائق لا تشاركه مع احد
751,الأهلي,2024-09-08T02:11:00,"Transfer  of USD 85,489.94 to mohammed ali completed. Ref 460721156. Balance USD 191,998.47 -snb"
752,riyad bank,2024-09-04T08:13:00,Your  card ****1081 was declined at هنقرستيشن due to insufficient funds
753,alrajhi,2024-05-11T21:16:00,"تم تحويل مبلغ 35,745.01 SAR الى mohammed ali رقم المرجع 918633171 الرصيد 463,650.15"
754,snb,2024-11-17T03:40:00,"سحب نقدي 49,071.58 USD من الحساب ***616 بتاريخ 2024-11-17 الرصيد المتاح 255,623.27"
755,الأهلي,2024-07-04T15:50:00,"سحب نقدي 28,764.75 SAR من الحساب ***607 بتاريخ 04/07/2024 الرصيد المتاح 181,937.79"
756,بنك الرياض,2024-10-01T00:53:00,"ATM  withdrawal ر.س 63,548.83 from account ***855 on 01/10/2024. Available balance ر.س 51,399.54"
757,الأهلي,2024-05-07T05:44:00,"Bill payment ر.س 54,443.12 to هنقرستيشن succeeded. Fee ر.س 41.68. Ref 155605768"
758,riyad bank,2024-03-09T13:05:00,"Dear  customer, service sms alerts was activated on account ***587. Call 966563021955 for help"
759,الراجحي,2024-06-27T18:29:00,"Purchase  of ر.س 79,403.16 at amazon.sa on card ending ****2432 on 2024-06-27 18:29. Availabl"
760,snb,2024-10-08T15:29:00,"‏ATM withdrawal SAR 52,621.37 from account ***574 on 08/10/2024. Available balance SAR 335,464.32‎"
761,alrajhi,2024-04-23T11:52:00,Your card xxxx1233 was declined at starbucks due to insufficient funds
762,snb,2024-03-04T05:17:00,"Purchase of SAR 41,345.94 at صيدلية النهدي on card ending ****2212 on 2024-03-04 05:17. Available balance SAR 323,548.24"
763,riyad bank,2024-06-26T00:48:00,"Salary of ر.س ٢١,٢٢٢.٤٨ credited to account ***٣٥٧ on ٢٠٢٤-٠٦-٢٦"
764,الأهلي,2024-10-29T15:14:00,"Salary of SAR ٦٦,٠٨١.٨٧ credited to account ***٢٠٨ on ٢٠٢٤-١٠-٢٩"
765,snb,2024-01-17T20:25:00,"تم تحويل مبلغ ٤٦,٤٣١.٣٥ USD الى نورة الشمري رقم المرجع ٣٢٣١٥٨٨١٧ الرصيد ٢٨٧,٣٨٢.٨١"
766,alrajhi,2024-11-28T12:12:00,"سحب نقدي 89,953.27 SAR من الحساب ***138 بتاريخ 2024-11-28 الرصيد المتاح 435,262.23"
767,بنك الرياض,2024-02-08T22:26:00,"عملية شراء بمبلغ 29,284.90 SAR لدى بنده بالبطاقة xxxx5083 بتاريخ 2024-02-08 الرصيد المتاح 451,714.21"
768,riyad bank,2024-02-27T21:54:00,"تم تحويل مبلغ ١٣,٦٨٥.٥٩ ر.س الى sara a. رقم المرجع ٨٨٦٥٢٠٤٩٧ الرصيد ٣٨٢,٧٦٨.٩٣"
769,riyad bank,2024-10-04T06:18:00,"Transfer of SAR 52,897.56 to sara a. completed. Ref 349574325. Balance SAR 84,258.58"
770,alrajhi,2024-02-14T05:48:00,رمز التحقق الخاص بك هو 361037 صالح لمدة 5 دقائق لا تشاركه مع احد
771,snb,2024-04-05T05:33:00,رمز Ø§Ù„ØªØ­Ù‚Ù‚ Ø§Ù„Ø®Ø§Øµ Ø¨Ùƒ Ù‡Ùˆ 641805 ØµØ§Ù„Ø­ لمدة 10 دقائق لا تشاركه مع احد
772,بنك الرياض,2024-03-01T06:02:00,‏Your OTP is 546351. Valid for 10 minutes. Do not share it with anyone‎
773,الأهلي,2024-10-13T06:47:00,"Salary of AED 27,032.19 credited to account ***574 on 2024-10-13"
774,الأهلي,2024-01-10T16:25:00,"Transfer of USD ٢٧,٣٣٧.٦١ to acme trading llc completed. Ref ٤٥٦٧٩٤٣١٢. Balance USD ١٠٩,٠٨٨.١٧"
775,الراجحي,2024-11-07T16:22:00,خصم رسوم 92.18 SAR على الحساب ***308 رقم العملية 664174776
776,الراجحي,2024-01-25T03:07:00,"Purchase  of USD 88,503.92 at نون on card ending ****8996 on 2024-01-25 03:07. Available"
777,بنك الرياض,2024-02-24T16:19:00,"عملية شراء بمبلغ 5,408.17 SAR لدى بنده بالبطاقة ****5715 بتاريخ 24/02/2024 الرصيد المتاح 145,319.96"
778,بنك الرياض,2024-02-01T04:31:00,Your OTP is 833733. Valid for 10 minutes. Do not share it with anyone
779,alrajhi,2024-04-07T07:11:00,"Dear customer, service المدفوعات الدولية was activated on account ***777. Call 966545896087 for help"
780,alrajhi,2024-02-20T11:32:00,"Transfer of SAR 37,647.17 to sara a. completed. Ref 671981635. Balance SAR 380,702.79"
781,الأهلي,2024-10-18T03:13:00,"Dear customer, service Ø§Ù„Ø­ÙˆØ§Ù„Ø§Øª Ø§Ù„ÙÙˆØ±ÙŠØ© was activated on account ***506. Call 966544629854 for help"
782,alrajhi,2024-10-28T04:27:00,"سحب نقدي 71,371.74 USD من الحساب ***407 بتاريخ 28/10/2024 الرصيد المتاح 318,045.70"
783,alrajhi,2024-09-25T16:32:00,عزيزنا العميل تم تفعيل خدمة الحوالات الفورية على حسابك ***423 للاستفسار اتصل على 966588204764
784,alrajhi,2024-05-02T16:49:00,"Salary of AED 22,177.12 credited to account ***891 on 2024-05-02"
785,الراجحي,2024-10-28T17:03:00,"Transfer of USD 19,005.73 to sara a. completed. Ref 488245197. Balance USD 142,975.95"
786,riyad bank,2024-01-13T08:04:00,"Dear customer, service sms alerts was activated on account ***703. Call 966596870547 for help"
787,بنك الرياض,2024-02-26T08:10:00,"ATM withdrawal ر.س 65,975.30 from account ***601 on 26/02/2024. Available balance ر.س 198,612.11"
788,الراجحي,2024-07-06T23:17:00,خصم رسوم 60.58 SAR على الحساب ***606 رقم العملية 663292250
789,riyad bank,2024-05-20T13:15:00,رمز التحقق الخاص بك هو 181115 صالح لمدة 10 دقائق لا تشاركه مع احد
790,الراجحي,2024-09-04T01:48:00,"تم Ø§ÙŠØ¯Ø§Ø¹ Ø±Ø§ØªØ¨ Ø¨Ù…Ø¨Ù„Øº 8,735.40 USD ÙÙŠ الحساب ***341 بتاريخ 04/09/2024"
791,الأهلي,2024-08-20T10:55:00,"ATM withdrawal AED 3,857.27 from account ***658 on 20/08/2024. Available balance AED 331,546.71"
792,alrajhi,2024-03-06T17:03:00,رمز التحقق الخاص بك هو 208745 صالح لمدة 15 دقائق لا تشاركه مع احد
793,بنك الرياض,2024-03-30T15:00:00,Your card xxxx4515 was declined at بنده due to insufficient funds
794,الراجحي,2024-06-16T07:09:00,"عملية  شراء بمبلغ 30,151.22 AED لدى amazon.sa بالبطاقة xxxx9135 بتاريخ 2024-06-16 الرصيد المتاح 498,127.60"
795,بنك الرياض,2024-06-10T21:19:00,‏خصم رسوم 40.58 SAR على الحساب ***834 رقم العملية 970368895‎
796,riyad bank,2024-03-21T01:09:00,"ATM withdrawal USD 45,674.95 from account ***791 on 2024-03-21. Available balance USD 119,235.16"
797,بنك الرياض,2024-06-02T04:36:00,"Purchase of ر.س 42,370.74 at نون on card ending xxxx1197 on 2024-06-02 04:36. Available balance ر.س 39,675.62"
798,alrajhi,2024-03-28T23:29:00,"عملية Ø´Ø±Ø§Ø¡ Ø¨Ù…Ø¨Ù„Øº 76,915.23 SAR Ù„Ø¯Ù‰ amazon.sa Ø¨Ø§Ù„Ø¨Ø·Ø§Ù‚Ø© ****9454 بتاريخ 2024-03-28 الرصيد المتاح 292,030.38"
799,بنك الرياض,2024-05-07T09:35:00,Your OTP is 433416. Valid for 10 minutes. Do not share it with anyone
800,بنك الرياض,2024-12-09T11:38:00,"‏Transfer of USD 39,750.58 to نورة الشمري completed. Ref 688899386. Balance USD 276,494.84‎"
801,بنك الرياض,2024-01-19T04:50:00,"تم ايداع راتب بمبلغ 11,952.12 SAR في الحساب ***348 بتاريخ 2024-01-19"
802,riyad bank,2024-04-08T23:13:00,Your OTP is 968680. Valid for 5 minutes. Do not share it with anyone
803,الراجحي,2024-07-05T06:31:00,"تم تحويل مبلغ 37,932.47 ر.س الى acme trading llc رقم المرجع 180492931 الرصيد 450,896.01"
804,riyad bank,2024-01-31T20:49:00,"Bill payment USD 5,530.10 to هنقرستيشن succeeded. Fee USD 9.67. Ref 436916759"
805,riyad bank,2024-10-30T23:06:00,"تم ايداع راتب بمبلغ ٧,١٠٨.٦٠ ر.س في الحساب ***٧٨٤ بتاريخ ٣٠/١٠/٢٠٢٤"
806,الراجحي,2024-04-11T18:53:00,"‏Dear  customer, service الحوالات الفورية was activated on account ***891. Call 966510624527 for help‎"
807,بنك الرياض,2024-01-10T21:37:00,‏Your card xxxx4694 was declined at jarir bookstore due to insufficient funds‎
808,الراجحي,2024-01-19T20:10:00,Your card xxxx6696 was declined at هنقرستيشن due to insufficient funds
809,بنك الرياض,2024-08-09T08:18:00,"Dear  customer, service المدفوعات الدولية was activated on account ***995. Call 966596672709 for help"
810,الأهلي,2024-03-11T19:18:00,"ATM withdrawal AED 56,727.68 from account ***421 on 11/03/2024. Available balance AED 322,637.99"
811,alrajhi,2024-01-05T15:17:00,رمز التحقق الخاص بك هو 951445 صالح لمدة 15 دقائق لا تشاركه مع احد
812,alrajhi,2024-02-19T08:16:00,خصم رسوم 47.10 ر.س على الحساب ***752 رقم العملية 579688743
813,الأهلي,2024-09-06T19:53:00,"Purchase of SAR 60,983.28 at نون on card ending ****1146 on 2024-09-06 19:53. Available balance SAR 495,146.43 -الأهلي"
814,الراجحي,2024-05-04T13:46:00,"تم تحويل مبلغ ٨٢,٣٠٧.٨١ USD الى mohammed ali رقم المرجع ٥٤٤٣٨٩٧٦٦ الرصيد ١٩٩,٥٤٠.٢٥"
815,بنك الرياض,2024-07-31T14:24:00,"Salary of ر.س 21,434.15 credited to account ***602 on 2024-07-31"
816,بنك الرياض,2024-04-26T11:57:00,"تم ايداع راتب بمبلغ 27,631.46 USD في الحساب ***339 بتاريخ 2024-04-26"
817,الراجحي,2024-03-23T12:08:00,"Dear customer, service sms alerts was activated on account ***391. Call 966543969529 for help"
818,بنك الرياض,2024-07-21T08:55:00,"تم ايداع راتب بمبلغ 31,111.56 AED في الحساب ***469 بتاريخ 21/07/2024"
819,الأهلي,2024-09-07T07:04:00,"Bill payment AED 47,448.90 to Ø¨Ù†Ø¯Ù‡ succeeded. Fee AED 62.43. Ref 258281592"
820,الراجحي,2024-01-22T01:47:00,"تم تحويل مبلغ 17,766.23 AED الى خالد العتيبي رقم المرجع 560786466 الرصيد 100,887.53"
821,alrajhi,2024-06-07T22:56:00,رمز التحقق الخاص بك هو 965962 صالح لمدة 10 دقائق لا تشاركه مع احد
822,الأهلي,2024-08-11T14:34:00,"Bill payment ر.س 59,589.05 to amazon.sa succeeded. Fee ر.س 7.98. Ref 354329963"
823,alrajhi,2024-04-01T10:26:00,Your OTP is 827902. Valid for 15 minutes. Do not share it with anyone
824,riyad bank,2024-12-05T09:02:00,"‏سحب نقدي 18,852.36 SAR من الحساب ***719 بتاريخ 2024-12-05 الرصيد المتاح 90,650.41‎ thank you"
825,riyad bank,2024-10-11T20:18:00,"عملية شراء بمبلغ 23,210.21 USD لدى بنده بالبطاقة ****6909 بتاريخ 11/10/2024 الرصيد المتاح 180,890.96"
826,الأهلي,2024-04-12T17:15:00,Your card ****3110 was declined at jarir bookstore due to insufficient funds
827,الأهلي,2024-07-28T15:26:00,"سحب Ù†Ù‚Ø¯ÙŠ 61,815.40 Ø±.Ø³ Ù…Ù† Ø§Ù„Ø­Ø³Ø§Ø¨ ***441 Ø¨ØªØ§ريخ 28/07/2024 الرصيد المتاح 258,049.67"
828,الراجحي,2024-10-13T00:48:00,"تم تحويل مبلغ 89,012.44 SAR الى acme trading llc رقم المرجع 818553806 الرصيد 98,731.16"
829,alrajhi,2024-08-16T04:39:00,"Dear customer, service المدفوعات الدولية was activated on account ***112. Call 966538431533 for help"
830,الراجحي,2024-07-11T21:36:00,عزيزنا العميل تم تفعيل خدمة الحوالات الفورية على حسابك ***468 للاستفسار اتصل على 966569887021
831,snb,2024-04-12T14:48:00,"Bill payment USD 13,000.06 to هنقرستيشن succeeded. Fee USD 69.94. Ref 762104853"
832,riyad bank,2024-04-19T09:41:00,"سحب نقدي 70,800.01 ر.س من الحساب ***453 بتاريخ 19/04/2024 الرصيد المتاح 154,191.01"
833,الراجحي,2024-08-24T11:11:00,"Purchase of Ø±.Ø³ 60,556.39 at Ù†ÙˆÙ† on card ending xxxx9163 on 24/08/2024 11:11. Available balance ر.س 267,239.18"
834,snb,2024-10-11T04:32:00,"ATM withdrawal USD ١٩,١١٢.٧١ from account ***٤٧٣ on ٢٠٢٤-١٠-١١. Available balance USD ٣٥٦,٠٤٧.٦٥"
835,بنك الرياض,2024-07-18T16:59:00,رمز التحقق الخاص بك هو 933697 صالح لمدة 5 دقائق لا تشاركه مع احد
836,الأهلي,2024-11-26T03:37:00,"سحب  نقدي 46,798.62 USD من الحساب ***211 بتاريخ 2024-11-26 الرصيد المتاح 271,182.89 thank you"
837,الراجحي,2024-08-01T07:11:00,رمز  التحقق الخاص بك هو 323256 صالح لمدة 5 دقائق لا تشاركه مع احد
838,alrajhi,2024-08-12T14:25:00,تم تحويل مبلغ ٨١٤.٨٧ ر.س الى خالد العتيبي رقم المرجع ٢٨٦٣٦٠٩٤٣ 
839,بنك الرياض,2024-04-11T21:20:00,"Purchase of SAR 48,333.37 at amazon.sa on card ending xxxx3463 on 11/04/2024 21:20. Available balance SAR 168,421.99"
840,بنك الرياض,2024-09-11T14:49:00,"‏Purchase of SAR 87,627.01 at jarir bookstore on card ending xxxx5604 on 2024-09-11 14:49. Available balance SAR 325,596.64‎"
841,الأهلي,2024-09-11T22:30:00,"ATM withdrawal SAR 7,216.54 from account ***398 on 11/09/2024. Available balance SAR 471,849.66"
842,بنك الرياض,2024-03-02T10:14:00,Your card ****7028 was declined at بنده due to insufficient funds
843,الأهلي,2024-09-01T18:42:00,"Bill payment SAR 12,126.59 to صيدلية النهدي succeeded. Fee SAR 9.22. Ref 572332523"
844,الراجحي,2024-08-19T20:34:00,"‏Transfer of USD 88,599.45 to acme trading llc completed. Ref 458828208. Balance USD 418,308.73‎"
845,الأهلي,2024-05-17T16:41:00,"‏تم ايداع راتب بمبلغ 60,644.48 SAR في الحساب ***462 بتاريخ 2024-05-17‎"
846,الراجحي,2024-04-26T23:40:00,"Transfer  of SAR 46,139.50 to acme trading llc completed. Ref 947735819. Balance SAR 417,297.22"
847,riyad bank,2024-10-26T01:19:00,"تم تحويل مبلغ 17,950.26 AED الى خالد العتيبي رقم المرجع 542764489 الرصيد 121,583.99"
848,الأهلي,2024-09-22T07:06:00,رمز التحقق الخاص بك هو 766655 صالح لمدة 10 دقائق لا تشاركه مع احد
849,riyad bank,2024-08-01T22:05:00,"Transfer of AED 39,483.22 to نورة الشمري completed. Ref 220925652. Balance AED 339,882.18"
850,بنك الرياض,2024-05-21T14:26:00,"Dear customer, service sms alerts was activated on account ***803. Call 966523801068 for help"
851,الأهلي,2024-06-04T07:34:00,"تم ايداع راتب بمبلغ 24,567.25 AED في الحساب ***216 بتاريخ 04/06/2024"
852,alrajhi,2024-07-06T09:18:00,Your card xxxx7201 was declined at jarir bookstore due to insufficient funds
853,snb,2024-06-15T12:41:00,Your card xxxx2109 was declined at amazon.sa due to insufficient funds شكرا لك
854,الأهلي,2024-11-19T16:20:00,"عملية شراء بمبلغ 37,805.48 SAR لدى jarir bookstore بالبطاقة xxxx8063 بتاريخ 2024-11-19 الرصيد المتاح 78,440.81"
855,الأهلي,2024-09-16T19:07:00,"Purchase of USD 36,021.78 at starbucks on card ending ****8533 on 2024-09-16 19:07. Available balance USD 488,026.51"
856,riyad bank,2024-11-11T07:34:00,"ATM withdrawal ر.س 62,916.08 from account ***299 on 11/11/2024. Available balance ر.س 295,979.99"
857,riyad bank,2024-04-01T04:04:00,‏Your OTP is 968762. Valid for 10 minutes. Do not share it with anyone‎
858,riyad bank,2024-05-09T04:35:00,"Transfer of SAR 57,527.53 to mohammed ali completed. Ref 594596672. Balance SAR 356,333.76"
859,الراجحي,2024-10-18T19:19:00,"Dear customer, service apple pay was activated on account ***678. Call 966517754048 for help"
860,الراجحي,2024-11-21T23:56:00,"Dear customer, service sms alerts was activated on account ***653. Call 966566303174 for help"
861,الأهلي,2024-08-19T01:44:00,"عملية شراء بمبلغ ٦٥,٨٣٨.٨٢ USD لدى صيدلية النهدي بالبطاقة ****٧٤٤٦ بتاريخ ٢٠٢٤-٠٨-١٩ الرصيد المتاح ٢٢٥,٩١٩.٧٦"
862,snb,2024-03-02T14:25:00,"Salary of AED 71,492.83 credited to account ***317 on 2024-03-02"
863,بنك الرياض,2024-10-20T10:24:00,‏Your OTP is 384295. Valid for 15 minutes. Do not share it with anyone‎
864,بنك الرياض,2024-03-27T23:08:00,Your card ****3251 was declined at jarir bookstore due to insufficient funds
865,snb,2024-05-25T07:28:00,"Dear customer, service sms alerts was activated on account ***334. Call 966560009003 for help"
866,riyad bank,2024-05-05T14:24:00,رمز التحقق الخاص بك هو ٨٧٧٩٨٧ صالح لمدة ١٥ دقائق لا تشاركه مع احد
867,بنك الرياض,2024-03-01T04:10:00,"Salary of AED 87,796.97 credited to account ***900 on 2024-03-01"
868,snb,2024-06-05T08:03:00,"Transfer of SAR 8,126.42 to خالد العتيبي completed. Ref 851493295. Balance SAR 86,940.97"
869,الراجحي,2024-07-23T19:56:00,عزيزنا  العميل تم تفعيل خدمة المدفوعات الدولية على حسابك ***827 للاستفسار اتصل على 966558271579
870,الأهلي,2024-11-27T16:25:00,عزيزنا العميل تم تفعيل خدمة apple pay على حسابك ***955 للاستفسار اتصل على 966588131579
871,الأهلي,2024-10-12T11:28:00,Your OTP is 640977. Valid for 5 minutes. Do not share it with anyone
872,riyad bank,2024-05-07T08:54:00,‏Your card xxxx4466 was declined at amazon.sa due to insufficient funds‎
873,بنك الرياض,2024-02-19T16:55:00,"Purchase of ر.س 1,493.61 at carrefour hyper on card ending ****7695 on 19/02/2024 16:55. Available balance ر.س 333,045.48"
874,riyad bank,2024-02-14T02:49:00,"ATM withdrawal ر.س 32,522.34 from account ***326 on 2024-02-14. Available balance ر.س 278,781.93"
875,الراجحي,2024-07-29T05:47:00,Your OTP is ٨٤٤٤٥١. Valid for ١٠ minutes. Do not share it with anyone
876,riyad bank,2024-06-16T20:05:00,خصم رسوم 62.17 USD على الحساب ***337 رقم العملية 327269127
877,الراجحي,2024-02-24T19:06:00,عزيزنا العميل تم تفعيل خدمة apple pay على حسابك ***777 للاستفسار اتصل على 966571842600
878,الأهلي,2024-02-10T11:44:00,خصم رسوم 75.75 ر.س على الحساب ***120 رقم العملية 877121238
879,riyad bank,2024-10-05T05:52:00,"Purchase of SAR ٣٤,٠٨١.٣٢ at starbucks on card ending xxxx٤٩٩٣ on ٢٠٢٤-١٠-٠٥ ٠٥:٥٢. Available balance SAR ٢٢٨,٤٤٦.٩٥"
880,snb,2024-01-11T11:37:00,"تم تحويل مبلغ 49,466.30 SAR الى mohammed ali رقم المرجع 794913978 الرصيد 53,455.53"
881,الأهلي,2024-12-12T20:27:00,Your card xxxx1447 was declined at jarir bookstore due to insufficient funds
882,alrajhi,2024-10-20T14:12:00,Your OTP is ٤٩٦٨٥٠. Valid for ١٥ minutes. Do not share it with anyone
883,riyad bank,2024-05-12T22:55:00,"‏تم ايداع راتب بمبلغ 87,413.19 AED في الحساب ***875 بتاريخ 2024-05-12‎"
884,بنك الرياض,2024-02-24T12:58:00,"سحب  نقدي 176.37 ر.س من الحساب ***479 بتاريخ 24/02/2024 الرصيد المتاح 275,693.40"
885,بنك الرياض,2024-09-24T12:02:00,"Bill payment SAR 57,597.15 to starbucks succeeded. Fee SAR 11.95. Ref 445313410"
886,alrajhi,2024-11-24T23:07:00,عزيزنا العميل تم تفعيل خدمة apple pay على حسابك ***١٧٣ للاستفسار اتصل على ٩٦٦٥٦١٩٠٥٣٧٥
887,snb,2024-04-11T15:01:00,"عملية شراء بمبلغ 3,173.56 SAR لدى starbucks بالبطاقة xxxx2513 بتاريخ 2024-04-11 الرصيد المتاح 394,308.43"
888,الراجحي,2024-10-11T17:52:00,عزيزنا العميل تم تفعيل خدمة المدفوعات الدولية على حسابك ***279 للاستفسار ات
889,snb,2024-06-23T16:19:00,"Transfer of SAR 54,489.20 to mohammed ali completed. Ref 374775875. Balance SAR 331,766.42"
890,بنك الرياض,2024-10-15T19:19:00,رمز  التحقق الخاص بك هو 340275 صالح لمدة 15 دقائق لا تشاركه مع احد
891,الراجحي,2024-01-10T20:14:00,"عملية شراء بمبلغ 45,120.50 USD لدى صيدلية النهدي بالبطاقة ****8401 بتاريخ 2024-01-10 الرصيد المتاح 483,836.33"
892,الأهلي,2024-01-30T13:47:00,"ATM withdrawal SAR ١,٨١٥.١٠ from account ***٤٥٩ on ٣٠/٠١/٢٠٢٤. Available balance SAR ٣١٣,٩٩٦.٤٥"
893,الأهلي,2024-02-17T17:16:00,"Purchase of ر.س 11,553.24 at هنقرستيشن on card ending xxxx2369 on 2024-02-17 17:16. Available balance ر.س 495,548.78"
894,الراجحي,2024-11-16T06:53:00,"Transfer of USD 70,454.04 to acme trading llc completed. Ref 805882145. Balance USD 40,727.48"
895,الأهلي,2024-08-07T10:50:00,Your card ****3331 was declined at صيدلية النهدي due to insufficient funds
896,snb,2024-05-11T21:49:00,‏خصم رسوم 60.64 AED على الحساب ***469 رقم العملية 574715701‎
897,الراجحي,2024-03-20T22:14:00,عزيزنا العميل تم تفعيل خدمة المدفوعات الدولية على حسابك ***516 للاستفسار اتصل على 966555469950
898,alrajhi,2024-11-01T04:24:00,"Salary of SAR 69,795.50 credited to account ***120 on 01/11/2024"
899,الراجحي,2024-11-15T01:01:00,"Bill payment AED 55,778.93 to Ù‡Ù†Ù‚Ø±Ø³ØªÙŠØ´Ù† succeeded. Fee AED 29.11. Ref 605626445 -riyad bank"
900,بنك الرياض,2024-03-03T00:12:00,Your OTP is 33306. Valid for 15 minutes. Do not share it with anyone
901,الراجحي,2024-08-15T18:40:00,عزيزنا العميل تم تفعيل خدمة المدفوعات الدولية على حسابك ***979 للاستفسار اتصل على 966517443577 thank you
902,الراجحي,2024-12-13T03:55:00,"تم  تحويل مبلغ 62,500.74 SAR الى خالد العتيبي رقم المرجع 671605455 الرصيد 251,549.58"
903,الراجحي,2024-08-03T22:04:00,"Dear customer, service المدفوعات الدولية was activated on account ***476. Call 966534216630 for help"
904,الأهلي,2024-10-27T04:12:00,"Purchase  of SAR 20,251.08 at starbucks on card ending xxxx4245 on 2024-10-27 04:12. Available balance SAR 337,995.50"
905,snb,2024-02-07T21:22:00,"Salary of USD 42,363.02 credited to account ***654 on 07/02/2024"
906,snb,2024-05-29T06:04:00,"Dear  customer, service apple pay was activated on account ***291. Call 966523079022 for help"
907,riyad bank,2024-02-04T12:40:00,"Salary of USD 9,947.08 credited to account ***234 on 2024-02-04 شكرا لك"
908,riyad bank,2024-02-03T10:17:00,"سحب نقدي 48,714.15 SAR من الحساب ***429 بتاريخ 2024-02-03 الرصيد المتاح 41,874.18"
909,snb,2024-11-08T10:40:00,"تم تحويل مبلغ 47,641.13 AED الى نورة الشمري رقم المرجع 222474182 الرصيد 219,880.72"
910,بنك الرياض,2024-02-08T09:44:00,"تم ايداع راتب بمبلغ 64,768.82 USD في الحساب ***246 بتاريخ 2024-02-08"
911,الأهلي,2024-01-17T20:08:00,"ATM withdrawal AED 9,405.02 from account ***327 on 2024-01-17. Available balance AED 359,681.89"
912,الراجحي,2024-12-04T12:05:00,"Dear customer, service المدفوعات الدولية was activated on account ***338. Call 9"
913,بنك الرياض,2024-09-29T01:51:00,"تم تحويل مبلغ 89,677.99 AED الى acme trading llc رقم المرجع 925015567 الرصيد 488,423.55"
914,alrajhi,2024-11-14T15:48:00,‏Your card xxxx3322 was declined at بنده due to insufficient funds‎
915,الأهلي,2024-03-12T00:26:00,"سحب  نقدي 70,971.42 USD من الحساب ***912 بتاريخ 2024-03-12 الرصيد المتاح 145,714.64"
916,riyad bank,2024-01-06T19:29:00,Your card xxxx1967 was declined at starbucks due to insu
917,الأهلي,2024-08-22T07:06:00,Your card ****7396 was declined at amazon.sa due to insufficient funds
918,alrajhi,2024-06-07T19:42:00,"تم Ø§ÙŠØ¯Ø§Ø¹ Ø±Ø§ØªØ¨ Ø¨Ù…Ø¨Ù„Øº 18,677.39 USD Ùي الحساب ***725 بتاريخ 07/06/2024"
919,الراجحي,2024-12-12T09:56:00,"تم  تحويل مبلغ 33,010.69 AED الى mohammed ali رقم المرجع 865918732 الرصيد 271,110.54"
920,الراجحي,2024-04-27T11:04:00,"Salary of SAR 38,366.36 credited to account ***106 on 27/04/2024"
921,snb,2024-05-01T00:25:00,خصم Ø±Ø³ÙˆÙ… 88.88 AED Ø¹Ù„Ù‰ Ø§Ù„Ø­Ø³Ø§Ø¨ ***859 رقم العملية 496801270
922,riyad bank,2024-01-20T15:30:00,"سحب نقدي 45,211.89 USD من الحساب ***500 بتاريخ 20/01/2024 الرصيد المتاح 459,750.74"
923,الراجحي,2024-05-19T10:58:00,"Transfer of USD 69,768.27 to sara a. completed. Ref 292411019. Balance USD 318,773.53"
924,الراجحي,2024-02-02T14:01:00,عزيزنا العميل تم تفعيل خدمة المدفوعات الدولية على حسابك ***111 للاستفسار اتصل على 966560005055 thank you
925,الأهلي,2024-08-26T23:40:00,"Purchase of AED 83,277.82 at carrefour hyper on card ending ****8643 on 2024-08-26 23:40. Available balance AED 274,043.15"
926,الأهلي,2024-03-10T19:32:00,"Purchase of ر.س 28,923.36 at starbucks on card ending ****1647 on 2024-03-10 19:32. Available balance ر.س 203,844.18"
927,الأهلي,2024-06-03T19:01:00,"سحب نقدي 5,057.35 ر.س من الحساب ***917 بتاريخ 2024-06-03 الرصيد المتاح 279,261.19"
928,snb,2024-11-26T22:32:00,عزيزنا العميل تم تفعيل خدمة apple pay على حسابك ***546 للاستفسار اتص
929,riyad bank,2024-01-27T23:17:00,"عملية شراء بمبلغ ٤٨,٤٠٤.٤٣ USD لدى نون بالبطاقة xxxx٨٨٠٥ بتاريخ ٢٧/٠١/٢٠٢٤ الرصيد المتاح ٢٢٦,٦٣٠.٥٢"
930,snb,2024-09-16T20:43:00,"ATM  withdrawal SAR 26,109.11 from account ***172 on 2024-09-16. Available balance SAR 348,209.30 -snb"
931,riyad bank,2024-07-25T23:48:00,"Transfer of SAR 81,228.79 to mohammed ali completed. Ref 831004930. Balance SAR 166,605.00"
932,snb,2024-06-25T17:17:00,"Purchase of AED 6,732.79 at نون on card ending xxxx4738 on 2024-06-25 17:17. Available "
933,snb,2024-06-18T08:34:00,"سحب Ù†Ù‚Ø¯ÙŠ 80,302.61 USD Ù…Ù† Ø§Ù„Ø­Ø³Ø§Ø¨ ***431 Ø¨ØªØ§ريخ 18/06/2024 الرصيد المتاح 284,165.92"
934,alrajhi,2024-09-04T18:44:00,خصم رسوم 49.03 USD على الحساب ***506 رقم العملية 241125169
935,بنك الرياض,2024-08-04T02:23:00,"ATM  withdrawal AED 50,608.15 from account ***433 on 2024-08-04. Available balance AED 495,916.39"
936,snb,2024-07-22T01:44:00,"سحب نقدي 51,742.00 SAR من الحساب ***866 بتاريخ 2024-07-22 الرصيد المتاح 11,915.75"
937,بنك الرياض,2024-09-09T00:15:00,"‏Bill payment SAR 14,328.25 to carrefour hyper succeeded. Fee SAR 96.63. Ref 985694801‎"
938,snb,2024-03-14T07:19:00,"Transfer of SAR 6,713.62 to خالد العتيبي completed. Ref 704759902. Balance SAR 31,714.38"
939,الراجحي,2024-07-12T08:31:00,"ATM withdrawal AED 43,472.34 from account ***570 on 12/07/2024. Available balance AED 181,460.46"
940,alrajhi,2024-08-07T20:01:00,"Purchase of AED 68,647.72 at starbucks on card ending ****5682 on 07/08/2024 20:01. Available balance AED 71,532.32"
941,riyad bank,2024-06-26T12:59:00,‏Your OTP is 570516. Valid for 5 minutes. Do not share it with anyone‎
942,snb,2024-06-05T14:32:00,"Dear customer, service sms alerts was activated on account ***531. Call 966520933500 for help"
943,alrajhi,2024-08-23T12:22:00,عزيزنا العميل تم تفعيل خدمة sms alerts على حسابك ***706 للاستفسار اتص
944,الأهلي,2024-11-20T22:15:00,"عملية شراء بمبلغ 84,632.22 SAR لدى carrefour hyper بالبطاقة xxxx5502 بتاريخ 2024-11-20 الرصيد المتاح 224,022.28"
945,riyad bank,2024-10-16T17:04:00,Your card ****5958 was declined at بنده due to insufficient funds
946,alrajhi,2024-11-24T03:21:00,"Bill payment SAR 82,669.39 to نون succeeded. Fee SAR 73.97. Ref 777609824 thank you"
947,الأهلي,2024-08-01T18:32:00,"Transfer of USD 78,641.78 to نورة الشمري completed. Ref 416661370. Balance USD 52,398.38"
948,alrajhi,2024-06-12T20:51:00,خصم رسوم 9.42 ر.س على الحساب ***456 رقم العملية 638797807
949,الراجحي,2024-03-15T10:24:00,Your OTP is 24035. Valid for 5 minutes. Do not share it with anyone
950,riyad bank,2024-09-05T02:31:00,"تم  تحويل مبلغ 75,016.33 SAR الى خالد العتيبي رقم المرجع 760145219 "
951,alrajhi,2024-10-25T16:00:00,‏عزيزنا العميل تم تفعيل خدمة المدفوعات الدولية على حسابك ***413 للاستفسار اتصل على 966517844108‎
952,الأهلي,2024-05-31T08:27:00,رمز التحقق الخاص بك هو 313644 صالح لمدة 15 دقائق لا تشاركه مع احد
953,الراجحي,2024-02-23T00:22:00,خصم رسوم 10.61 SAR على الحساب ***310 رقم العملية 846144113
954,riyad bank,2024-07-10T16:43:00,Your  OTP is 942667. Valid for 15 minutes. Do not share it with anyone
955,snb,2024-09-14T05:30:00,"Transfer of ر.س 64,281.15 to نورة الشمري completed. Ref 805862133. Balance ر.س 287,177.21"
956,alrajhi,2024-09-06T08:39:00,"‏Bill payment SAR 18,882.32 to carrefour hyper succeeded. Fee SAR 6.67. Ref 971197000‎"
957,بنك الرياض,2024-03-25T06:59:00,‏عزيزنا العميل تم تفعيل خدمة sms alerts على حسابك ***425 للاستفسار اتصل على 966545522855‎
958,riyad bank,2024-07-08T09:25:00,"عملية شراء بمبلغ 10,346.27 AED لدى amazon.sa بالبطاقة xxxx1066 بتاريخ 2024-07-08 الرصيد المتاح 74,104.08"
959,الراجحي,2024-06-30T11:31:00,خصم رسوم 8.62 SAR على الحساب ***279 رقم العملية 874738316
960,الأهلي,2024-09-16T00:09:00,"Salary of SAR 82,951.59 credited to account ***846 "
961,riyad bank,2024-07-01T17:23:00,عزيزنا العميل تم تفعيل خدمة apple pay على حسابك ***629 للاستفسار اتصل على 966516219890
962,بنك الرياض,2024-04-18T03:04:00,عزيزنا العميل تم تفعيل خدمة apple pay على حسابك ***950 للاستفسار اتصل على 966584083870
963,riyad bank,2024-02-02T01:04:00,"تم  ايداع راتب بمبلغ 4,768.14 SAR في الحساب ***642 بتاريخ 2024-02-02"
964,الأهلي,2024-06-02T04:46:00,رمز التحقق الخاص بك هو 590653 صالح لمدة 10 دقائق لا تشاركه مع احد thank you
965,riyad bank,2024-01-21T23:42:00,"عملية شراء بمبلغ ٢٧,٤١١.٩٧ AED لدى نون بالبطاقة xxxx٤٤٩٤ بتاريخ ٢٠٢٤-٠١-٢١ الرصيد المتاح ٩١,١٥٨.٥٣"
966,بنك الرياض,2024-01-19T00:50:00,"Dear customer, service sms alerts was activated on account ***717. Call 966574666145 for help"
967,riyad bank,2024-07-01T16:09:00,"Transfer of ر.س 57,264.95 to نورة الشمري completed. Ref 691203116. Balance ر.س 209,145.19 شكرا لك"
968,riyad bank,2024-05-07T08:35:00,Your OTP is 940055. Valid for 15 minutes. Do not share it with anyone
969,بنك الرياض,2024-12-11T19:27:00,"ATM withdrawal SAR 42,233.19 from account ***892 on 2024-12-11. Available balance SAR 261,169.13"
970,الأهلي,2024-06-20T19:52:00,"تم ايداع راتب بمبلغ 70,243.99 ر.س في الحساب ***119 بتاريخ 20/06/2024"
971,الراجحي,2024-10-28T12:21:00,"Bill  payment USD 22,765.87 to صيدلية النهدي succeeded. Fee USD 11.22. Ref 854573566"
972,بنك الرياض,2024-03-13T16:22:00,"Bill payment USD ١٨,٦٩٧.٩٦ to صيدلية النهدي succeeded. Fee USD ٦٤.٦١. Ref ٧٥٩٩٤٧٧٠٧"
973,الأهلي,2024-06-18T18:51:00,Your card ****7571 was declined at بنده due to insuf
974,الراجحي,2024-10-25T16:24:00,‏Your card ****4977 was declined at jarir bookstore due to insufficient funds‎
975,بنك الرياض,2024-01-28T15:20:00,"‏ATM withdrawal SAR 56,999.99 from account ***692 on 28/01/2024. Available balance SAR 302,297.70‎"
976,الراجحي,2024-09-04T03:15:00,رمز Ø§Ù„ØªØ­Ù‚Ù‚ Ø§Ù„Ø®Ø§Øµ Ø¨Ùƒ Ù‡Ùˆ 671459 ØµØ§Ù„Ø­ لمدة 5 دقائق لا تشاركه مع احد
977,riyad bank,2024-06-14T06:26:00,‏Your card ****٨٢٩٦ was declined at carrefour hyper due to insufficient funds‎
978,riyad bank,2024-02-18T09:42:00,"ATM withdrawal ر.س 10,850.49 from account ***189 on 18/02/2024. Available balance ر.س 305,141.03"
979,بنك الرياض,2024-11-06T02:23:00,"Dear customer, service الحوالات الفورية was activated on account ***802. Call 966522963905 for help"
980,riyad bank,2024-02-12T12:43:00,"Dear customer, service sms alerts was activated on account ***964. Call 966520659074 for help"
981,alrajhi,2024-02-07T10:51:00,خصم Ø±Ø³ÙˆÙ… 30.24 USD Ø¹Ù„Ù‰ Ø§Ù„Ø­Ø³Ø§Ø¨ ***703 رقم العملية 813793863
982,بنك الرياض,2024-06-03T12:01:00,"تم تحويل مبلغ 37,305.74 ر.س الى sara a. رقم المرجع 115960778 الرصيد 78,779.35"
983,الراجحي,2024-07-16T14:27:00,"سحب نقدي 22,064.69 SAR من الحساب ***710 بتاريخ 2024-07-16 الرصيد المتاح 210,146.98"
984,بنك الرياض,2024-07-10T01:28:00,"Purchase of SAR 68,141.88 at نون on card ending xxxx4905 on 10/07/2024 01:28. Available balance SAR 166,811.64 thank you"
985,snb,2024-11-22T08:58:00,"Transfer of AED 68,593.90 to acme trading llc completed. Ref 826417797. Balance AED 225,419.38"
986,بنك الرياض,2024-09-13T07:51:00,"تم Ø§ÙŠØ¯Ø§Ø¹ Ø±Ø§ØªØ¨ Ø¨Ù…Ø¨Ù„Øº 74,330.02 USD Ùي الحساب ***581 بتاريخ 13/09/2024"
987,riyad bank,2024-12-06T13:14:00,"تم ØªØ­ÙˆÙŠÙ„ Ù…Ø¨Ù„Øº 63,562.68 USD Ø§Ù„Ù‰ mohammed ali رقم المرجع 489548899 الرصيد 123,539.31"
988,الأهلي,2024-05-19T08:22:00,Your card xxxx9375 was declined at هنقرستيشن due to insufficient funds
989,alrajhi,2024-06-10T20:49:00,"Bill payment SAR 17,082.57 to بنده succeeded. Fee SAR 91.04. Ref 491512891"
990,alrajhi,2024-10-11T05:02:00,عزيزنا العميل تم تفعيل خدمة sms alerts على حسابك ***413 للاستفسار اتصل على 966532987375
991,alrajhi,2024-12-02T05:33:00,"سحب نقدي 41,084.04 AED من الحساب ***458 بتاريخ 02/12/2024 الرصيد المتاح 51,600.69"
992,الأهلي,2024-08-14T07:41:00,خصم رسوم 15.86 ر.س على الحساب ***845 رقم العملية 665384869 -الراجحي
993,alrajhi,2024-04-18T16:12:00,Your OTP is 182716. Valid for 10 minutes. Do not share 
994,الأهلي,2024-05-09T17:49:00,عزيزنا العميل تم تفعيل خدمة sms alerts على حسابك ***406 للاستفسار اتصل على 966521859244
995,الراجحي,2024-09-16T05:36:00,عزيزنا العميل تم تفعيل خدمة apple pay على حسابك ***٣٤٦ للاستفسار اتصل على ٩٦٦٥٨٩٨٨٧٠٤٧
996,snb,2024-10-06T15:11:00,"Dear customer, service sms alerts was activated on account ***519. Call 966548538323 for help"
997,الراجحي,2024-06-08T23:59:00,"Dear customer, service المدفوعات الدولية was activated on account ***298. Call 966522597106 for help"
998,الأهلي,2024-08-12T05:56:00,"Dear customer, service المدفوعات الدولية was activated on account ***848. Call 966556693830 for help"
999,riyad bank,2024-09-03T02:12:00,عزيزنا العميل تم تفعيل خدمة sms alerts على حسابك ***756 للاستفسار اتصل على 966561627549
1000,riyad bank,2024-02-09T06:33:00,"‏Dear customer, service apple pay was activated on account ***251. Call 966599313987 for help‎"
1001,الأهلي,2024-04-25T20:24:00,"تم تحويل مبلغ 84,809.15 ر.س الى acme trading llc رقم المرجع 567294640 الرصيد 179,048.98"
1002,الأهلي,2024-08-18T18:49:00,"Bill payment ر.س ٨١,٨٣٣.٤٤ to jarir bookstore succeeded. Fee ر.س ٢٧.٦٧. Ref ٥٢٨٩٩١٣٢٥"
1003,alrajhi,2024-06-18T19:46:00,‏Your  OTP is 98448. Valid for 5 minutes. Do not share it with anyone‎
1004,الراجحي,2024-06-08T20:41:00,"Dear customer, service الحوالات الفورية was activated on account ***251. Call 966513567038 for help"
1005,alrajhi,2024-03-26T06:01:00,"عملية شراء بمبلغ 1,759.95 AED لدى jarir bookstore بالبطاقة ****6213 بتاريخ 2024-03-26 الرصيد المتاح 282,902.52"
1006,الراجحي,2024-09-06T23:24:00,"Dear customer, service Ø§Ù„Ø­ÙˆØ§Ù„Ø§Øª Ø§Ù„ÙÙˆØ±ÙŠØ© was activated on account ***814. Call 966517787603 for help"
1007,الراجحي,2024-04-21T19:12:00,"Salary of USD 87,757.28 credited to account ***688 on 2024-04-21"
1008,بنك الرياض,2024-09-02T09:06:00,خصم رسوم 41.25 AED على الحساب ***528 رقم العملية 743460899
1009,الأهلي,2024-11-03T06:22:00,Your  card ****4355 was declined at نون due to insufficient funds
1010,alrajhi,2024-07-17T18:57:00,"‏ATM withdrawal USD 61,741.09 from account ***899 on 17/07/2024. Available balance USD 251,898.98‎"
1011,riyad bank,2024-10-06T10:24:00,"تم ايداع راتب بمبلغ 37,766.85 SAR في الحساب ***808 بتاريخ 2024-10-06"
1012,snb,2024-10-29T05:43:00,"Purchase of ر.س 83,443.12 at amazon.sa on card ending ****5094 on 2024-10-29 05:43. Available balance ر.س 164,362.50"
1013,الأهلي,2024-05-31T23:31:00,"Dear  customer, service sms alerts was activated on account ***406. Call 966512270002 for help"
1014,snb,2024-09-08T13:39:00,عزيزنا العميل تم تفعيل خدمة المدفوعات الدولية على حسابك ***830 للاستفسار اتصل على 966565210265
1015,الأهلي,2024-09-17T13:26:00,"سحب  نقدي 71,476.36 SAR من الحساب ***692 بتاريخ 17/09/2024 الرصيد المتاح 496,406.00"
1016,alrajhi,2024-01-18T07:46:00,"Salary of USD 58,349.50 credited to account ***182 on 18/01/2024"
1017,snb,2024-09-23T20:58:00,"Purchase of SAR 61,784.48 at نون on card ending ****3270 on 2024-09-23 20:58. Available balance SAR 43,989.44"
1018,بنك الرياض,2024-04-11T05:37:00,"Salary  of ر.س 53,933.34 credited to account ***778 on 2024-04-11"
1019,alrajhi,2024-07-03T11:57:00,"Bill  payment ر.س 61,894.36 to نون succeeded. Fee ر.س 53.46. Ref 176798561"
1020,alrajhi,2024-10-07T06:20:00,عزيزنا العميل تم تفعيل خدمة المدفوعات الدولية على حسابك ***735 للاستفسار اتصل على 966562731632
1021,بنك الرياض,2024-07-08T22:01:00,"‏عملية شراء بمبلغ 78,859.06 AED لدى amazon.sa بالبطاقة xxxx3254 بتاريخ 08/07/2024 الرصيد المتاح 441,895.21‎"
1022,الأهلي,2024-07-15T05:21:00,"Transfer  of SAR 63,446.69 to acme trading llc completed. Ref 884014911. Balance SAR 183,456.01"
1023,riyad bank,2024-02-04T00:13:00,"Dear customer, service الحوالات الفورية was activated on account ***554. Call 966555710477 for help"
1024,alrajhi,2024-04-05T02:25:00,"Purchase of USD 67,425.65 at amazon.sa on card ending xxxx2075 on 2024-04-05 02:25. Available balance USD 384,311.52"
1025,الراجحي,2024-01-31T10:55:00,"‏Salary of AED 2,378.79 credited to account ***833 on 2024-01-31‎"
1026,alrajhi,2024-08-27T20:23:00,"Bill payment USD 53,883.90 to amazon.sa succeeded. Fee USD 24.77. Ref 826130086"
1027,بنك الرياض,2024-03-15T21:57:00,"Transfer of SAR ٥٤,٤٧٧.٢٨ to نورة الشمري completed. Ref ٢٢٧٦٧٧٦١٢. Balance SAR ٤٥١,١٥٥.٣٤"
1028,الأهلي,2024-11-30T13:42:00,"Bill payment USD 25,969.08 to صيدلية النهدي succeeded. Fee USD 85.98. Ref 589066906"
1029,snb,2024-03-04T15:05:00,"‏ATM withdrawal USD 49,766.30 from account ***581 on 04/03/2024. Available balance USD 107,758.21‎"
1030,snb,2024-11-19T15:46:00,"Purchase  of ر.س 58,249.17 at بنده on card ending xxxx1140 on 2024-11-19 15:46. Available balance ر.س 74,636.64"
1031,الراجحي,2024-05-01T02:45:00,"عملية شراء بمبلغ 81,659.00 USD لدى نون بالبطاقة ****8663 بتاريخ 2024-05-01 الرصيد المتاح 140,876.30"
1032,الراجحي,2024-11-05T19:47:00,"Salary of SAR 21,091.03 credited to account ***427 on 05/11/2024"
1033,riyad bank,2024-08-07T00:01:00,"Transfer of AED 58,434.17 to acme trading llc completed. Ref 331024161. Ba"
1034,بنك الرياض,2024-05-01T23:35:00,"تم ايداع راتب بمبلغ 76,501.51 AED في الحساب ***964 بتاريخ 2024-05-01"
1035,بنك الرياض,2024-07-11T03:11:00,"Transfer of AED 24,281.14 to acme trading llc completed. Ref 560589377. Balance AED 80,413.68 شكرا لك"
1036,بنك الرياض,2024-07-12T04:23:00,"Bill payment SAR 62,028.47 to صيدلية النهدي succeeded. Fee SAR 53.81. Ref 401408971"
1037,snb,2024-09-04T14:58:00,"تم ايداع راتب بمبلغ 84,271.17 AED في الحساب ***902 بتاريخ 2024-09-04"
1038,بنك الرياض,2024-12-06T07:07:00,"ATM withdrawal USD 4,084.64 from account ***850 on 2024-12-06. Available balance USD 334,271.50"
1039,alrajhi,2024-12-07T07:16:00,"عملية شراء بمبلغ 7,155.10 AED لدى هنقرستيشن بالبطاقة ****4290 بتاريخ 2024-12-07 الرصيد المتاح 162,127.56"
1040,الأهلي,2024-11-30T13:14:00,عزيزنا  العميل تم تفعيل خدمة الحوالات الفورية على حسابك ***264 للاستفسار اتصل على 966578167164
1041,alrajhi,2024-09-07T05:51:00,"ATM withdrawal USD 80,378.06 from account ***693 on 07/09/2024. Available balance USD 484,516.73"
1042,riyad bank,2024-05-12T00:10:00,"Salary  of ر.س 46,326.34 credited to account ***536 on 12/05/2024"
1043,بنك الرياض,2024-04-07T02:27:00,"تم تحويل مبلغ 54,105.90 ر.س الى نورة الشمري رقم المرجع 591904119 الرصيد 242,995.21"
1044,riyad bank,2024-08-14T11:17:00,"‏تم  تحويل مبلغ 17,515.60 AED الى mohammed ali رقم المرجع 546382423 الرصيد 376,130.80‎ شكرا لك"
1045,الراجحي,2024-04-04T13:34:00,"تم ايداع راتب بمبلغ 2,668.91 ر.س في الحساب ***924 بتاريخ 2024-04-04"
1046,riyad bank,2024-08-16T09:33:00,"Purchase of AED 9,330.52 at starbucks on card ending ****2306 on 16/08/2024 09:33. Available balance AED 218,922.36"
1047,الأهلي,2024-05-28T22:27:00,عزيزنا العميل تم تفعيل خدمة apple pay على حسابك ***775 للاستفسار اتصل على 966573240911
1048,بنك الرياض,2024-03-02T15:43:00,خصم رسوم 69.29 USD على الحساب ***561 رقم العمل
1049,الراجحي,2024-05-20T12:29:00,"تم  تحويل مبلغ 86,856.65 ر.س الى mohammed ali رقم المرجع 655193272 الرصيد 493,420.41"
1050,الأهلي,2024-08-22T10:01:00,"تم ايداع راتب بمبلغ 69,001.41 ر.س في الحساب ***232 بتا"
1051,riyad bank,2024-04-15T18:13:00,"سحب نقدي 1,616.88 SAR من الحساب ***783 بتاريخ 15/04/2024 الرصيد المتاح 87,583.66"
1052,الراجحي,2024-11-24T16:28:00,"Purchase of AED 57,236.67 at بنده on card ending xxxx4684 on 24/11/2024 16:28. Available balance AED 101,805.54"
1053,الأهلي,2024-08-30T01:59:00,"سحب نقدي 74,908.10 USD من الحساب ***213 بتاريخ 30/08/2024 الرصيد المتاح 83,252.29"
1054,الأهلي,2024-02-01T08:43:00,خصم رسوم 9.47 ر.س على الحساب ***947 رقم العملية 665101322
1055,alrajhi,2024-08-29T02:59:00,"Bill payment ر.س 25,513.02 to starbucks succeeded. Fee ر.س 53.23. Ref 893991509"
1056,الأهلي,2024-08-17T19:25:00,"Purchase of ر.س 85,817.93 at jarir bookstore on card ending xxxx1198 on 2024-08-17 19:25. Available balance ر.س 175,917.41"
1057,snb,2024-03-01T18:12:00,"‏Purchase of SAR 69,859.68 at starbucks on card ending xxxx8134 on 2024-03-01 18:12. Available balance SAR 443,392.22‎"
1058,riyad bank,2024-04-12T09:13:00,خصم رسوم ٦٥.٤٠ AED على الحساب ***١٦٣ رقم العملية ٤٥١٨٢٦٧٢٠
1059,الأهلي,2024-09-17T16:24:00,"سحب نقدي 86,000.47 ر.س من الحساب ***265 بتاريخ 17/09/2024 الرصيد المتاح 383,151.95"
1060,snb,2024-10-26T04:30:00,"سحب نقدي 27,641.67 AED من الحساب ***757 بتاريخ 2024-10-26 الرصيد المتاح 421,453.53"
1061,الراجحي,2024-12-06T14:51:00,"Dear  customer, service sms alerts was activated on account ***487. Call 966578523458 for help"
1062,alrajhi,2024-03-13T13:24:00,"Purchase of SAR 38,706.50 at jarir bookstore on card ending ****8376 on 13/03/2024 13:24. Available balance SAR 146,599.64"
1063,بنك الرياض,2024-07-25T21:23:00,Your OTP is 15605. Valid for 15 minutes. Do not share it with anyone
1064,بنك الرياض,2024-05-03T03:59:00,"تم تحويل مبلغ 46,835.22 AED الى نورة الشمري رقم المرجع 517124069 الرصيد 33,744.92"
1065,بنك الرياض,2024-09-27T22:47:00,خصم رسوم 27.32 ر.س على الحساب ***883 رقم العملية 918714599
1066,الأهلي,2024-03-30T08:29:00,"عملية شراء بمبلغ 55,233.20 ر.س لدى jarir bookstore بالبطاقة xxxx8883 بتاريخ 30/03/2024 ا"
1067,الراجحي,2024-04-06T22:24:00,خصم رسوم 28.03 AED على الحساب ***587 رقم العملية 663036134
1068,snb,2024-11-24T10:21:00,Your OTP is 634810. Valid for 10 minutes. Do not share it with anyone
1069,الأهلي,2024-11-09T00:23:00,"سحب نقدي 22,961.10 AED من الحساب ***918 بتاريخ 2024-11-09 الرصيد المتاح 387,106.62"
1070,الراجحي,2024-11-28T00:42:00,"تم  ايداع راتب بمبلغ 30,092.19 USD في الحساب ***781 بتاريخ 28/11/2024 شكرا لك"
1071,الأهلي,2024-11-05T11:20:00,"Purchase of USD 51,628.03 at هنقرستيشن on card ending ****2403 on 2024-11-05 11:20. Available balance USD 24,052.81"
1072,riyad bank,2024-11-07T15:31:00,عزيزنا العميل تم تفعيل خدمة sms alerts على حسابك ***197 للاستفسار اتصل على 966595025490
1073,alrajhi,2024-06-07T14:21:00,"تم تحويل مبلغ 46,373.89 SAR الى mohammed ali رقم المرجع 459931276 الرصيد 464,311.74"
1074,alrajhi,2024-01-20T21:26:00,"تم ايداع راتب بمبلغ ١,٩٧٤.٠٣ USD في الحساب ***٢٢٩ بتاريخ ٢٠/٠١/٢٠٢٤"
1075,alrajhi,2024-06-01T00:56:00,عزيزنا العميل تم تفعيل خدمة apple pay على حسابك ***936 للاستفسار اتصل على 966538404176
1076,الراجحي,2024-01-27T00:52:00,"تم ايداع راتب بمبلغ 34,907.86 AED في الحساب ***480 بتاريخ 2024-01-27"
1077,riyad bank,2024-02-28T08:24:00,"‏تم ايداع راتب بمبلغ 75,017.85 USD في الحساب ***451 بتاريخ 2024-02-28‎"
1078,snb,2024-05-18T07:49:00,"تم ايداع راتب بمبلغ 73,846.72 SAR في الحساب ***733 بتاريخ 18/05/2024"
1079,riyad bank,2024-06-18T03:25:00,رمز التحقق الخاص بك هو 425847 صالح لمدة 5 دقائق لا تشاركه مع احد
1080,alrajhi,2024-03-28T14:43:00,"Purchase of ر.س 53,722.31 at amazon.sa on card ending xxxx4014 on 28/03/2024 14:43. Available balance ر.س 10,732.59"
1081,الراجحي,2024-11-11T18:00:00,"Bill payment USD 39,386.77 to بنده succeeded. Fee USD 24.75. Ref 501542201"
1082,الأهلي,2024-03-18T09:39:00,"Transfer  of ر.س 50,520.33 to acme trading llc completed. Ref 588750903. Balance ر.س 195,724.83"
1083,snb,2024-03-08T03:50:00,"سحب نقدي 3,113.36 AED من الحساب ***867 بتاريخ 08/03/2024 الرصيد المتاح 422,383.13"
1084,riyad bank,2024-11-21T04:37:00,رمز التحقق الخاص بك هو 964839 صالح لمدة 5 دقائق لا تشاركه مع احد
1085,snb,2024-03-15T03:26:00,"عملية شراء بمبلغ 80,101.77 ر.س لدى amazon.sa بالبطاقة xxxx7198 بتاريخ 15/03/2024 الرصيد المتاح 323,266.40"
1086,snb,2024-02-14T12:03:00,"سحب Ù†Ù‚Ø¯ÙŠ 72,151.36 USD Ù…Ù† Ø§Ù„Ø­Ø³Ø§Ø¨ ***627 Ø¨ØªØ§ريخ 2024-02-14 الرصيد المتاح 275,981.87"
1087,الأهلي,2024-10-05T04:23:00,رمز التحقق الخاص بك هو 294358 صالح لمدة 10 دقائق لا تشاركه مع احد
1088,بنك الرياض,2024-11-28T11:27:00,خصم رسوم 98.34 SAR على الحساب ***324 رقم العملية 735631567
1089,snb,2024-05-15T00:01:00,"Salary of ر.س 59,056.36 credited to account ***554 on 15/05/2024"
1090,بنك الرياض,2024-09-14T01:15:00,"Transfer of AED 29,172.93 to mohammed ali completed. Ref 382890663. Balance AED 309,756.83"
1091,snb,2024-01-26T00:32:00,Your OTP is 419334. Valid for 5 minutes. Do not share it with anyone
1092,riyad bank,2024-01-21T00:08:00,"‏عملية شراء بمبلغ 76,362.58 SAR لدى jarir bookstore بالبطاقة ****1481 بتاريخ 2024-01-21 الرصيد المتاح 133,979.60‎"
1093,riyad bank,2024-09-16T15:27:00,رمز التحقق الخاص بك هو 944388 صالح لمدة 5 دقائق لا تشاركه مع احد
1094,alrajhi,2024-05-16T21:16:00,Your card ****5774 was declined at هنقرستيشن due to insufficient funds
1095,الراجحي,2024-07-23T06:10:00,"Transfer  of ر.س ٧,٤٥٧.٥١ to mohammed ali completed. Ref ٧٩٦٣٣٤٦٩٦. Balance ر.س ٢٩٢,٥٠٥.٤٣"
1096,riyad bank,2024-08-15T15:17:00,Your  OTP is 881201. Valid for 5 minutes. Do not share it with anyone
1097,alrajhi,2024-01-02T05:28:00,"‏Purchase of SAR 86,536.39 at هنقرستيشن on card ending xxxx7877 on 2024-01-02 05:28. Available balance SAR 17,498.20‎"
1098,alrajhi,2024-06-23T10:09:00,"Purchase of ر.س 24,004.45 at jarir bookstore on card ending ****6130 on 23/06/2024 10:09. Available balance ر.س 250,531.92"
1099,الأهلي,2024-05-24T19:12:00,رمز التحقق الخاص بك هو 840204 صالح لمدة 15 دقائق لا تشاركه مع احد
1100,الراجحي,2024-11-05T12:16:00,رمز التحقق الخاص بك هو 245397 صالح لمدة 10 دقائق لا تشاركه مع احد
1101,snb,2024-05-06T21:50:00,"سحب نقدي 85,566.18 USD من الحساب ***450 بتاريخ 06/05/2024 الرصيد المتاح 76,562.27 شكرا لك"
1102,snb,2024-09-17T18:26:00,رمز  التحقق الخاص بك هو 299941 صالح لمدة 5 دقائق لا تشاركه مع احد
1103,snb,2024-11-28T21:42:00,"Transfer of SAR 61,195.83 to نورة الشمري completed. Ref 237021548. Balance SAR 310,432.65"
1104,بنك الرياض,2024-02-29T19:08:00,"Salary of Ø±.Ø³ 54,535.77 credited to account ***357 on 29/02/2024"
1105,بنك الرياض,2024-10-13T03:40:00,Your card ****6494 was declined at هنقرستيشن due to insufficient funds
1106,الأهلي,2024-05-04T14:08:00,"ATM withdrawal ر.س 5,398.75 from account ***273 on 2024-05-04. Available balance ر.س 352,203.10"
1107,alrajhi,2024-03-07T18:20:00,Your  OTP is 685879. Valid for 15 minutes. Do not share it with anyone
1108,الراجحي,2024-06-21T07:54:00,"Dear customer, service apple pay was activated on account ***756. Call 966564940425 for help"
1109,الراجحي,2024-01-09T16:59:00,"Dear customer, service apple pay was activated on account ***570. Call 966584403787 for help"
1110,بنك الرياض,2024-12-09T16:45:00,"Salary of AED 17,241.06 credited to account ***511 "
1111,الأهلي,2024-09-15T16:51:00,"Dear customer, service الحوالات الفورية was activated on account ***455. Call 966566943034 for help"
1112,الأهلي,2024-08-03T00:54:00,رمز التحقق الخاص بك هو ٦٠٢٨٧٣ صالح لمدة ١٠ دقائق لا تشاركه مع احد
1113,riyad bank,2024-10-17T08:10:00,"تم تحويل مبلغ 41,074.97 ر.س الى sara a. رقم المرجع 193768409 الرصيد 233,472.73"
1114,snb,2024-07-21T16:49:00,"سحب نقدي 74,648.29 ر.س من الحساب ***831 بتاريخ 2024-07-21 الرصيد المتاح 307,261.87"
1115,snb,2024-05-22T10:16:00,"Dear  customer, service apple pay was activated on account ***788. Call 966531099240 for help"
1116,snb,2024-01-18T21:43:00,"Transfer of USD 52,580.06 to sara a. completed. Ref 507413412. Balance USD 292,013.95"
1117,الراجحي,2024-07-03T06:54:00,"‏Transfer of SAR 7,916.45 to Ù†ÙˆØ±Ø© Ø§Ù„Ø´Ù…Ø±ÙŠ completed. Ref 184492970. Balance SAR 144,709.84‎"
1118,alrajhi,2024-08-20T00:50:00,"Bill payment ر.س 2,833.49 to amazon.sa succeeded. Fee ر.س 16.34. Ref 797282324"
1119,الراجحي,2024-09-28T06:47:00,"عملية شراء بمبلغ 45,125.98 ر.س لدى هنقرستيشن بالبطاقة ****3645 بتاريخ 28/09/2024 الرصيد المتاح 178,185.36"
1120,بنك الرياض,2024-03-16T14:45:00,"تم ايداع راتب بمبلغ 62,924.53 ر.س في الحساب ***490 بتاريخ 16/03/2024"
1121,alrajhi,2024-01-16T00:09:00,"Transfer of SAR ٥٢,٤٦٣.٨٢ to sara a. completed. Ref ١٦٢٨٢٥٣٢٥. Balance SAR ٢٥٩,٧٤٣.٨٧"
1122,بنك الرياض,2024-03-16T15:11:00,"‏Transfer of AED 40,981.35 to نورة الشمري completed. Ref 394127474. Balance AED 443,453.32‎"
1123,الراجحي,2024-01-04T05:23:00,Your OTP is 371189. Valid for 5 minutes. Do not share it with anyone
1124,بنك الرياض,2024-09-06T14:08:00,"تم تحويل مبلغ 8,970.85 ر.س الى نورة الشمري رقم المرجع 865468082 الرصيد 331,186.02"
1125,الراجحي,2024-11-17T15:45:00,رمز  التحقق الخاص بك هو 776666 صالح لمدة 10 دقائق لا تشاركه مع احد
1126,الأهلي,2024-04-24T21:02:00,"Transfer of AED 81,517.45 to sara a. completed. Ref 433949938. Balance AED 39,683.27 thank you"
1127,riyad bank,2024-10-07T05:33:00,"Salary of SAR 74,493.24 credited to account ***671 on 2024-10-07"
1128,الأهلي,2024-09-03T01:21:00,"تم ØªØ­ÙˆÙŠÙ„ Ù…Ø¨Ù„Øº 71,812.60 USD Ø§Ù„Ù‰ mohammed ali رقم المرجع 494956031 الرصيد 160,968.24"
1129,snb,2024-01-06T20:48:00,"سحب Ù†Ù‚Ø¯ÙŠ 15,495.55 Ø±.Ø³ Ù…Ù† Ø§Ù„Ø­Ø³Ø§Ø¨ ***510 Ø¨ØªØ§ريخ 2024-01-06 الرصيد المتاح 442,997.41"
1130,riyad bank,2024-06-05T10:56:00,Your OTP is 944132. Valid for 5 minutes. Do not share it with anyone
1131,alrajhi,2024-01-09T10:42:00,"تم ايداع راتب بمبلغ 61,883.25 SAR في الحساب ***465 بتاريخ 2024-01-09"
1132,بنك الرياض,2024-11-17T07:10:00,Your card ****8213 was declined at بنده due to insufficient funds
1133,الأهلي,2024-08-03T16:29:00,Your OTP is 249143. Valid for 10 minutes. Do not share it with anyone
1134,بنك الرياض,2024-10-01T03:29:00,خصم رسوم 53.27 SAR على الحساب ***344 رقم العملية 612066885
1135,snb,2024-07-11T14:17:00,"عملية شراء بمبلغ 13,053.96 AED لدى amazon.sa بالبطاقة ****7719 بتاريخ 2024-07-11 الرصيد المتاح 4,437.16"
1136,الأهلي,2024-07-27T09:04:00,عزيزنا العميل تم تفعيل خدمة المدفوعات الدولية على حسابك ***104 للاستفسار اتصل على 966534799136
1137,alrajhi,2024-07-06T10:29:00,Your OTP is 264148. Valid for 10 minutes. Do not share it with anyone
1138,الراجحي,2024-06-12T05:23:00,"Purchase of AED 48,169.21 at بنده on card ending ****7587 on 2024-06-12 05:23. Available balance AED 138,326.90"
1139,بنك الرياض,2024-05-10T04:49:00,"سحب  نقدي 54,511.80 USD من الحساب ***258 بتاريخ 10/05/2024 الرصيد المتاح 301,493.70"
1140,riyad bank,2024-07-22T16:20:00,"Transfer of ر.س 2,407.97 to acme trading llc completed. Ref 216656250. Balance ر.س 310,507.69"
1141,alrajhi,2024-08-27T09:24:00,خصم رسوم 27.72 ر.س على الحساب ***903 رقم العملية 754784274
1142,الأهلي,2024-03-23T21:25:00,‏Your card ****8650 was declined at صيدلية النهدي due to insufficient funds‎
1143,alrajhi,2024-11-02T19:08:00,"سحب نقدي 4,119.81 USD من الحساب ***400 بتاريخ 2024-11-02 الرصيد المتاح 376,158.50"
1144,riyad bank,2024-02-07T11:40:00,"Transfer of SAR 62,340.72 to mohammed ali completed. Ref 598961955. Balance SAR 252,645.34"
1145,الأهلي,2024-06-26T04:33:00,عزيزنا العميل تم تفعيل خدمة sms alerts على حسابك ***748 للاستفسار اتصل على 966587944165 -riyad bank
1146,بنك الرياض,2024-10-28T18:30:00,"Salary of SAR 48,767.13 credited to account ***576 on 2024-10-28"
1147,الأهلي,2024-04-05T07:32:00,خصم رسوم 78.42 AED على الحساب ***944 رقم العملية 391754186
1148,الراجحي,2024-07-17T12:34:00,"Purchase of USD 85,872.68 at starbucks on card ending ****2755 on 2024-07-17 12:34. Available balance USD 351,009.37"
1149,الراجحي,2024-12-04T01:29:00,Your card ****5462 was declined at هنقرستيشن due to insufficient funds
1150,بنك الرياض,2024-02-04T16:26:00,"Dear customer, service sms alerts was activated on account ***٣٨٣. Call ٩٦٦٥٢٧٢٦٥٧٧٠ for help -snb"
1151,snb,2024-09-02T05:24:00,خصم رسوم 62.87 USD على الحساب ***500 رقم العملية 311440476 شكرا لك
1152,الراجحي,2024-09-09T17:09:00,"تم ايداع راتب بمبلغ 20,220.41 ر.س في الحساب ***684 بتاريخ 09/09/2024"
1153,riyad bank,2024-02-14T06:12:00,"Bill payment USD 71,822.55 to jarir bookstore succeeded. Fee USD 5.13. Ref 600446009"
1154,alrajhi,2024-05-06T10:01:00,"‏ATM withdrawal USD 22,005.93 from account ***509 on 06/05/2024. Available balance USD 429,132.63‎"
1155,alrajhi,2024-03-14T08:15:00,"تم ايداع راتب بمبلغ 70,729.52 ر.س في الحساب ***314 بتاريخ 2024-03-14 شكرا لك"
1156,alrajhi,2024-10-30T02:27:00,"تم  ايداع راتب بمبلغ 5,405.87 ر.س في الحساب ***116 بتاريخ 30/10/2024"
1157,snb,2024-05-29T15:27:00,"Salary of SAR 68,609.84 credited to account ***636 on 29/05/2024"
1158,الأهلي,2024-05-09T07:54:00,عزيزنا العميل تم تفعيل خدمة المدفوعات الدولية على حسابك ***912 للاستفسار اتصل على 966555746615
1159,snb,2024-02-19T12:52:00,"تم تحويل مبلغ 27,320.18 AED الى نورة الشمري رقم المرجع 541475128 الرصيد 38,278.38"
1160,riyad bank,2024-03-14T16:48:00,Your OTP is 291736. Valid for 10 minutes. Do not share it with anyone
1161,riyad bank,2024-01-07T02:51:00,خصم رسوم 79.63 ر.س على الحساب ***778 رقم العملية 671924520
1162,الراجحي,2024-08-27T21:13:00,"Purchase of USD 43,699.27 at بنده on card ending ****6076 on 2024-08-27 21:13. Available balance USD 131,536.01"
1163,riyad bank,2024-03-09T04:32:00,"Salary of SAR 83,095.86 credited to account ***831 on 2024-03-09"
1164,بنك الرياض,2024-10-15T19:46:00,"سحب نقدي 52,668.68 AED من الحساب ***160 بتاريخ 2024-10-15 الرصيد المتاح 217,429.15"
1165,snb,2024-03-19T15:34:00,"Salary of USD 53,466.90 credited to account ***705 on 19/03/2024"
1166,الراجحي,2024-10-05T04:55:00,رمز التحقق الخاص بك هو 78300 صالح لمدة 15 دقائق لا تشاركه مع احد
1167,بنك الرياض,2024-12-06T11:13:00,عزيزنا العميل تم تفعيل خدمة sms alerts على حسابك ***926 للاستفسار اتصل على 966518384094
1168,الأهلي,2024-06-08T18:24:00,عزيزنا العميل تم تفعيل خدمة sms alerts على حسابك ***933 للاستفسار اتصل على 966526351729
1169,snb,2024-05-03T07:15:00,"سحب نقدي 65,782.50 ر.س من الحساب ***757 بتاريخ 03/05/2024 الرصيد المتاح 434,008.48"
1170,snb,2024-04-06T02:54:00,"تم تحويل مبلغ 86,607.19 SAR الى mohammed ali رقم المرجع 160883265 الرصيد 6,588.71"
1171,بنك الرياض,2024-03-24T13:18:00,"Dear customer, service الحوالات الفورية was activated on account ***875. Call 966528863582 for help"
1172,بنك الرياض,2024-03-17T16:55:00,عزيزنا العميل تم تفعيل خدمة المدفوعات الدولية على حسابك ***544 للاستفسار اتصل على 966580273026
1173,alrajhi,2024-11-21T20:14:00,خصم رسوم 36.41 ر.س على الحساب ***302 رقم العملية 518670926 -alrajhi
1174,بنك الرياض,2024-02-23T21:37:00,عزيزنا العميل تم تفعيل خدمة sms alerts على حسابك ***569 للاستفسار اتصل على 966591143847
1175,الأهلي,2024-10-25T19:02:00,"Transfer  of USD 28,058.61 to نورة الشمري completed. Ref 597436819. Balance USD 101,904.21"
1176,بنك الرياض,2024-07-14T23:52:00,"Salary of SAR 42,175.85 credited to account ***223 on 14/07/2024"
1177,riyad bank,2024-05-19T06:50:00,Your OTP is 371550. Valid for 10 minutes. Do not share it with anyone شكرا لك
1178,الراجحي,2024-11-15T01:48:00,خصم رسوم 65.81 ر.س على الحساب ***773 رقم العملية 428094493 thank you
1179,snb,2024-12-10T14:40:00,Your OTP is 147281. Valid for 5 minutes. Do not share 
1180,alrajhi,2024-02-16T04:09:00,Your card xxxx2798 was declined at صيدلية النهدي due to insufficient funds
1181,riyad bank,2024-10-05T12:49:00,‏خصم  رسوم 74.16 ر.س على الحساب ***976 رقم العملية 488033196‎
1182,riyad bank,2024-09-22T23:46:00,"Transfer  of AED 18,560.70 to sara a. completed. Ref 897642321. Balance AED 399,446.55"
1183,الأهلي,2024-04-06T02:06:00,"Bill payment USD 45,813.51 to هنقرستيشن succeeded. Fee USD 33.13. Ref 443753012"
1184,snb,2024-08-13T20:10:00,عزيزنا العميل تم تفعيل خدمة الحوالات الفورية على حسابك ***706 للاستفسار اتصل على 966596735772
1185,الراجحي,2024-10-27T19:04:00,"‏تم تحويل مبلغ 57,278.37 ر.س الى acme trading llc رقم المرجع 636930376 الرصيد 332,341.07‎"
1186,الأهلي,2024-07-28T12:41:00,"ATM withdrawal ر.س ٢٣,٥٥٠.٧٨ from account ***١٤٧ on ٢٨/٠٧/٢٠٢٤. Available balance ر.س ٣٣٣,٤٥٧.٣٢ -بنك الرياض"
1187,snb,2024-02-05T10:05:00,رمز التحقق الخاص بك هو 591060 صالح لمدة 10 دقائق لا تشاركه مع احد
1188,riyad bank,2024-11-30T08:12:00,"Salary of USD 61,349.08 credited to account ***548 on 30/11/2024"
1189,alrajhi,2024-06-06T13:41:00,"ATM withdrawal AED 40,620.83 from account ***716 on 06/06/2024. Available balance AED 28,211.75"
1190,بنك الرياض,2024-10-08T16:29:00,"تم  ايداع راتب بمبلغ 60,416.39 SAR في الحساب ***346 بتاريخ 2024-10-08"
1191,الأهلي,2024-07-23T08:06:00,"Salary of USD 47,542.88 credited to account ***739 on 23/07/2024"
1192,الأهلي,2024-08-31T01:10:00,خصم Ø±Ø³ÙˆÙ… 4.26 AED Ø¹Ù„Ù‰ Ø§Ù„Ø­Ø³Ø§Ø¨ ***841 رقم العملية 738884654
1193,الأهلي,2024-09-30T02:21:00,رمز  Ø§Ù„ØªØ­Ù‚Ù‚ Ø§Ù„Ø®Ø§Øµ Ø¨Ùƒ Ù‡Ùˆ 758602 ØµØ§Ù„Ø­ لمدة 15 دقائق لا تشاركه مع احد
1194,snb,2024-10-09T22:22:00,"تم تحويل مبلغ 61,083.38 USD الى خالد العتيبي رقم المرجع 583500975 الرصيد 102,543.85"
1195,snb,2024-10-01T01:46:00,Your card ****6405 was declined at هنقرستيشن due to insufficient funds
1196,الراجحي,2024-09-04T06:24:00,عزيزنا العميل تم تفعيل خدمة sms alerts على حسابك ***991 للاستفسار اتصل على 966580681447
1197,الراجحي,2024-11-20T20:33:00,"Purchase of AED 71,993.11 at amazon.sa on card ending ****5872 on 20/11/2024 20:33. Available balance AED 283,792.20"
1198,بنك الرياض,2024-05-24T09:54:00,Your card ****7196 was declined at نون due to insufficient funds
1199,snb,2024-01-06T17:27:00,"عملية شراء بمبلغ 39,233.96 USD لدى starbucks بالبطاقة ****3068 بتاريخ 2024-01-06 الرصيد المتاح 283,306.82"
1200,بنك الرياض,2024-11-06T08:17:00,"Transfer of USD 41,309.77 to mohammed ali completed. Ref 886624572. Balance USD 167,135.67 -alrajhi"
1201,الأهلي,2024-08-20T14:38:00,"Dear customer, service الحوالات الفورية was activated on account ***927. Call 966574511169 for help"
1202,الأهلي,2024-05-24T17:29:00,"Dear customer, service الحوالات الفورية was activated on account ***٧٤١. Call ٩٦٦٥٥٠٢٧١٨٣٨ for help"
1203,snb,2024-06-19T00:15:00,"‏تم تحويل مبلغ 47,764.15 ر.س الى acme trading llc رقم المرجع 228202613 "
1204,alrajhi,2024-08-09T22:34:00,"Dear customer, service المدفوعات الدولية was activated on account ***168. Call 966563333473 for help"
1205,snb,2024-07-07T11:35:00,"ATM withdrawal AED ٤٤,٨٣٠.٥٩ from account ***١٩٦ on ٢٠٢٤-٠٧-٠٧. Available balance AED ٦٤,٨٨٨.٧١"
1206,الراجحي,2024-08-11T02:24:00,عزيزنا العميل تم تفعيل خدمة sms alerts على حسابك ***666 للاستفسار اتصل على 966566085419
1207,alrajhi,2024-07-07T13:46:00,رمز  التحقق الخاص بك هو 863431 صالح لمدة 10 دقائق لا تشاركه مع احد
1208,بنك الرياض,2024-03-15T17:54:00,"Transfer of SAR 75,341.55 to خالد العتيبي completed. Ref 452344585. Balance SAR 113,510.74"
1209,بنك الرياض,2024-08-21T01:36:00,"عملية شراء بمبلغ ٧٩,٧٥٤.٢٦ AED لدى jarir bookstore بالبطاقة xxxx٤٥٧٢ بتاريخ ٢٠٢٤-٠٨-٢١ الرصيد المتاح ٤٥٠,٢١٠.٣٤ thank you"
1210,بنك الرياض,2024-09-15T13:51:00,"Transfer of ر.س 19,413.78 to mohammed ali completed. Ref 632580554. Balance ر.س 225,506.88"
1211,الأهلي,2024-09-27T19:43:00,"Dear  customer, service المدفوعات الدولية was activated on account ***653. Call 966521308599 for help"
1212,riyad bank,2024-08-03T17:04:00,"‏تم ايداع راتب بمبلغ 55,370.81 USD في الحساب ***635 بتاريخ 03/08/2024‎"
1213,alrajhi,2024-08-06T12:30:00,"Dear customer, service apple pay was activated on account ***675. Call 96"
1214,riyad bank,2024-09-10T02:51:00,خصم رسوم 46.08 ر.س على الحساب ***603 رقم العمل
1215,riyad bank,2024-06-30T07:21:00,"Purchase of ر.س 74,622.54 at بنده on card ending xxxx8937 on 2024-06-30 07:21. Available balance ر.س 409,985.85"
1216,الراجحي,2024-07-06T09:29:00,"Bill payment ر.س 61,301.59 to jarir bookstore succeeded. Fee ر.س 93.08. Ref 171138812"
1217,riyad bank,2024-05-19T03:00:00,"‏تم تحويل مبلغ 50,487.65 USD الى acme trading llc رقم المرجع 815971470 الرصيد 113,003.92‎"
1218,alrajhi,2024-01-09T17:39:00,"تم ايداع راتب بمبلغ 38,412.13 USD في الحساب ***718 بتاريخ 2024-01-09"
1219,الراجحي,2024-07-23T19:40:00,"Transfer of Ø±.Ø³ 32,810.04 to sara a. completed. Ref 940376888. Balance ر.س 93,127.65"
1220,الأهلي,2024-11-13T04:08:00,رمز  التحقق الخاص بك هو 186314 صالح لمدة 10 دقائق لا تشاركه مع احد
1221,الأهلي,2024-12-11T08:34:00,عزيزنا العميل تم تفعيل خدمة الحوالات الفورية على حسابك ***501 للاستفسار اتصل على 966547951791
1222,alrajhi,2024-08-06T05:12:00,Your  card xxxx1943 was declined at هنقرستيشن due to insufficient funds
1223,snb,2024-04-04T18:10:00,Your card xxxx8323 was declined at starbucks due to insufficient funds
1224,snb,2024-05-12T12:10:00,Your OTP is 977554. Valid for 15 minutes. Do not share it with anyone
1225,alrajhi,2024-07-09T12:35:00,عزيزنا العميل تم تفعيل خدمة sms alerts على حسابك ***485 للاستفسار اتصل على 966518623462
1226,snb,2024-07-16T09:40:00,"Salary of AED 87,422.59 credited to account ***625 "
1227,alrajhi,2024-11-20T14:17:00,"ATM withdrawal SAR 88,037.95 from account ***139 on 2024-11-20. Available balance SAR 36,279.41"
1228,snb,2024-08-12T06:53:00,خصم  رسوم 26.84 USD على الحساب ***816 رقم العملية 521794850
1229,alrajhi,2024-08-31T12:44:00,Your OTP is 755879. Valid for 5 minutes. Do not share it with anyone thank you
1230,الأهلي,2024-02-22T01:40:00,"تم ايداع راتب بمبلغ 78,824.62 AED في الحساب ***646 بتاريخ 22/02/2024 شكرا لك"
1231,الأهلي,2024-10-12T20:50:00,"تم ايداع راتب بمبلغ 71,519.09 USD في الحساب ***971 بتاريخ 12/10/2024"
1232,snb,2024-12-09T13:30:00,"ATM withdrawal SAR 66,579.44 from account ***857 on 09/12/2024. Available balance SAR 319,567.04"
1233,الراجحي,2024-09-21T10:42:00,"Dear customer, service الحوالات الفورية was activated on account ***124. Call 966522531779 for help"
1234,riyad bank,2024-02-21T04:05:00,"Salary of SAR 81,211.80 credited to account ***295 on 2024-02-21"
1235,snb,2024-06-14T06:53:00,"Transfer of AED ٨٢,٣٩٠.٨٣ to acme trading llc completed. Ref ٤٥٥٦١٨٦٧٤. Balance AED ٣٤٠,١٩٨.٥٦"
1236,الراجحي,2024-03-28T22:31:00,عزيزنا  العميل تم تفعيل خدمة الحوالات الفورية على حسابك ***198 للاستفسار اتصل على 966541835025
1237,بنك الرياض,2024-08-20T12:27:00,"Dear customer, service المدفوعات الدولية was activated on account ***١٩٨. Call ٩٦٦٥٨٧٩٤٠٠١٢ for help"
1238,riyad bank,2024-02-10T19:01:00,"عملية شراء بمبلغ 71,544.40 USD لدى carrefour hyper بالبطاقة xxxx4926 بتاريخ 10/02/2024 الرصيد المتاح 458,528.03"
1239,بنك الرياض,2024-06-26T00:03:00,"Transfer of USD 66,017.84 to خالد العتيبي completed. Ref 860824259. Balance USD 83,827.94"
1240,snb,2024-08-06T05:41:00,"تم Ø§ÙŠØ¯Ø§Ø¹ Ø±Ø§ØªØ¨ Ø¨Ù…Ø¨Ù„Øº 66,050.23 USD Ùي الحساب ***220 بتاريخ 2024-08-06"
1241,riyad bank,2024-07-29T08:56:00,رمز التحقق الخاص بك هو 444667 صالح لمدة 10 دقائق لا تشاركه مع احد
1242,snb,2024-04-04T12:18:00,"تم ØªØ­ÙˆÙŠÙ„ Ù…Ø¨Ù„Øº 82,612.90 SAR Ø§Ù„Ù‰ sara a. رقم المرجع 347235597 الرصيد 478,491.58"
1243,بنك الرياض,2024-08-16T03:46:00,‏Your OTP is 868526. Valid for 10 minutes. Do not share it with anyone‎
1244,riyad bank,2024-06-21T14:21:00,"Salary of SAR 64,627.75 credited to account ***473 on 21/06/2024"
1245,الراجحي,2024-08-29T10:40:00,"‏Salary of SAR 71,052.31 credited to account ***124 on 2024-08-29‎"
1246,snb,2024-07-14T05:52:00,"ATM withdrawal AED 87,091.31 from account ***450 on 14/07/2024. Available balance AED 39,241.95"
1247,alrajhi,2024-04-13T08:01:00,‏Your OTP is 503397. Valid for 5 minutes. Do not share it with anyone‎
1248,الأهلي,2024-09-22T07:25:00,"Transfer of AED ٢٤,٧٦٥.٥١ to خالد العتيبي completed. Ref ٧١٢٥٧٣٦٠٢. Balance AED ٥٤,١٨٢.١٩"
1249,snb,2024-08-12T11:26:00,"ATM withdrawal USD 11,375.72 from account ***484 on 2024-08-12. Available balance USD 364,518.61"
1250,بنك الرياض,2024-12-06T23:34:00,عزيزنا العميل تم تفعيل خدمة المدفوعات الدولية على حسابك ***624 للاستفسار اتصل على 966595314844
1251,snb,2024-06-25T18:18:00,رمز التحقق الخاص بك هو 74398 صالح لمدة 15 دقائق لا تشاركه مع احد
1252,snb,2024-01-20T04:33:00,"تم  ايداع راتب بمبلغ 73,268.53 AED في الحساب ***274 بتاريخ 2024-01-20"
1253,snb,2024-06-22T12:38:00,عزيزنا العميل تم تفعيل خدمة sms alerts على حسابك ***407 للاستفسار اتصل على 966512728199
1254,riyad bank,2024-12-09T03:04:00,"عملية  شراء بمبلغ 55,888.81 SAR لدى jarir bookstore بالبطاقة xxxx6094 بتاريخ 09/12/2024 الرصيد المتاح 403,933.56"
1255,بنك الرياض,2024-10-26T09:01:00,"Transfer of AED 58,107.51 to sara a. completed. Ref 517669801. Balance AED 2,338.65"
1256,الراجحي,2024-10-25T06:04:00,"سحب Ù†Ù‚Ø¯ÙŠ 62,977.12 USD Ù…Ù† Ø§Ù„Ø­Ø³Ø§Ø¨ ***730 Ø¨ØªØ§ريخ 2024-10-25 الرصيد المتاح 448,347.81"
1257,الراجحي,2024-01-11T22:05:00,رمز التحقق الخاص بك هو 645195 صالح لمدة 5 دقائق لا تشاركه مع احد
1258,بنك الرياض,2024-07-23T00:45:00,"عملية شراء بمبلغ ٥٨,٩٧٨.٢٧ AED لدى starbucks بالبطاقة xxxx٩٩٤٦ بتاريخ ٢٠٢٤-٠٧-٢٣ الرصيد المتاح ٤٩,٦١١.٩٢"
1259,بنك الرياض,2024-06-22T00:40:00,"ATM withdrawal SAR 80,853.54 from account ***377 on 2024-06-22. Available balance SAR 20,013.64 -alrajhi"
1260,الراجحي,2024-04-05T01:08:00,Your OTP is 173011. Valid for 5 minutes. Do not share it with anyone
1261,alrajhi,2024-07-20T09:44:00,"عملية شراء بمبلغ 20,280.21 SAR لدى هنقرستيشن بالبطاقة ****6535 بتاريخ 2024-07-20 الرصيد المتاح 396,381.92"
1262,snb,2024-09-02T07:45:00,"عملية شراء بمبلغ 3,065.75 USD لدى بنده بالبطاقة xxxx3574 بتاريخ 02/09/2024 الرصيد المتاح 175,871.35"
1263,snb,2024-11-09T01:47:00,خصم رسوم 13.60 SAR على الحساب ***657 رقم العملية 649933301
1264,بنك الرياض,2024-11-10T12:25:00,"تم ايداع راتب بمبلغ ٤٧,٥٨٩.٠٥ USD في الحساب ***٤٢١ بتاريخ ١٠/١١/٢٠٢٤ شكرا لك"
1265,riyad bank,2024-08-05T04:39:00,"سحب Ù†Ù‚Ø¯ÙŠ 33,404.81 AED Ù…Ù† Ø§Ù„Ø­Ø³Ø§Ø¨ ***211 Ø¨ØªØ§ريخ 05/08/2024 الرصيد المتاح 375,345.35"
1266,riyad bank,2024-03-21T11:22:00,خصم رسوم ٧٠.٨٧ SAR على الحساب ***١٨٤ رقم العمل
1267,الأهلي,2024-08-26T11:20:00,رمز التحقق الخاص بك هو 880074 صالح لمدة 5 دقائق لا تشاركه مع احد
1268,الراجحي,2024-06-10T11:09:00,عزيزنا العميل تم تفعيل خدمة الحوالات الفورية على حسابك ***460 للاستفسار اتصل على 966538075733
1269,snb,2024-01-21T20:45:00,"ATM withdrawal USD 5,113.00 from account ***632 on 2024-01-21. Available balance USD 114,227.39"
1270,alrajhi,2024-05-13T03:27:00,"عملية شراء بمبلغ 9,926.94 ر.س لدى amazon.sa بالبطاقة xxxx1163 بتاريخ 2024-05-13 الرصيد المتاح 431,391.31"
1271,الأهلي,2024-10-17T16:56:00,"تم ØªØ­ÙˆÙŠÙ„ Ù…Ø¨Ù„Øº 34,579.46 SAR Ø§Ù„Ù‰ mohammed ali رقم المرجع 849736985 الرصيد 251,120.50"
1272,snb,2024-04-16T21:07:00,"Salary of SAR 53,176.65 credited to account ***257 on 2024-04-16"
1273,riyad bank,2024-06-14T00:12:00,Your OTP is 89772. Valid for 10 minutes. Do not share it with anyone
1274,alrajhi,2024-11-24T17:20:00,"‏Salary  of SAR 6,799.63 credited to account ***371 on 2024-11-24‎"
1275,alrajhi,2024-11-15T18:14:00,خصم رسوم ٨٩.٩٠ USD على الحساب ***٩٦٢ رقم العملية ٢٩٣٢٤٩٥١٩
1276,الأهلي,2024-06-29T21:58:00,"عملية شراء بمبلغ 67,467.84 USD لدى صيدلية النهدي بالبطاقة ****1606 بتاريخ 29/06/2024 الرصيد المتاح 218,207.20"
1277,alrajhi,2024-12-06T08:06:00,"ATM withdrawal USD 15,895.51 from account ***964 on 06/12/2024. Available balance USD 474,473.82"
1278,الأهلي,2024-12-11T21:54:00,Your OTP is 674126. Valid for 10 minutes. Do not share it with anyone
1279,الراجحي,2024-07-31T00:21:00,"Dear customer, service apple pay was activated on account ***٣٢٥. Call ٩٦٦٥٧٣١١٤٣٧٣ for help"
1280,الأهلي,2024-04-20T15:41:00,"Purchase of USD 10,608.66 at هنقرستيشن on card ending xxxx3756 on 20/04/2024 15:41. Available balance USD 437,915.17"
1281,الراجحي,2024-09-29T02:56:00,Your OTP is 962346. Valid for 5 minutes. Do not share it with anyone
1282,الراجحي,2024-09-19T11:01:00,"ATM withdrawal AED 9,134.89 from account ***648 on 2024-09-19. Available balance AED 44,734.35"
1283,snb,2024-08-05T14:17:00,Your card ****2025 was declined at starbucks due to insufficient funds
1284,snb,2024-12-09T03:56:00,خصم رسوم 32.22 AED على الحساب ***853 رقم العملية 237039368
1285,الأهلي,2024-10-04T17:43:00,رمز التحقق الخاص بك هو 261592 صالح لمدة 15 دقائق لا تشاركه مع احد
1286,بنك الرياض,2024-07-13T01:40:00,"Bill payment AED 74,652.19 to هنقرستيشن succeeded. Fee AED 91.90. Ref 974691913"
1287,alrajhi,2024-05-07T06:51:00,"سحب نقدي 3,090.71 ر.س من الحساب ***146 بتاريخ 2024-05-07 الرصيد المتاح 102,182.74"
1288,riyad bank,2024-03-19T23:05:00,خصم رسوم 8.51 ر.س على الحساب ***439 رقم العملية 739502203
1289,alrajhi,2024-06-18T03:00:00,عزيزنا  العميل تم تفعيل خدمة sms alerts على حسابك ***732 للاستفسار اتصل على 966524364143
1290,snb,2024-06-04T00:54:00,"Bill payment AED 21,269.36 to carrefour hyper succeeded. Fee AED 80.36. Ref 398501247"
1291,riyad bank,2024-01-20T18:24:00,"Purchase  of AED 51,042.72 at starbucks on card ending xxxx1997 on 2024-01-20 18:24. Available balance AED 451,151.69"
1292,snb,2024-02-07T22:39:00,عزيزنا العميل تم تفعيل خدمة الحوالات الفورية على حسابك ***990 للاستفسار اتصل على 966546946576
1293,alrajhi,2024-08-23T15:30:00,رمز التحقق الخاص بك هو ٢٤٩٧٠٠ صالح لمدة ٥ دقائق لا تشاركه مع احد
1294,الأهلي,2024-09-19T02:16:00,"Purchase of ر.س 35,840.46 at carrefour hyper on card ending ****5325 on 2024-09-19 02:16. Available balance ر.س 236,063.21"
1295,بنك الرياض,2024-05-26T14:07:00,"Bill payment ر.س 24,900.50 to amazon.sa succeeded. Fee ر.س 25.00. Ref 296640268"
1296,alrajhi,2024-06-28T10:06:00,"‏Dear customer, service الحوالات الفورية was activated on account ***438. Call 966540573013 for help‎"
1297,snb,2024-07-22T05:33:00,"Transfer of USD 14,102.90 to خالد العتيبي completed. Ref 574948033. Balance USD 90,018.66"
1298,الأهلي,2024-11-28T14:09:00,"سحب نقدي 52,359.02 ر.س من الحساب ***413 بتاريخ 28/11/2024 الرصيد المتاح 320,333.58"
1299,alrajhi,2024-09-28T23:07:00,"Transfer of USD 2,619.85 to sara a. completed. Ref 289749266. Balance USD 355,979.68"
1300,الراجحي,2024-09-12T13:16:00,Your OTP is 816633. Valid for 10 minutes. Do not share it with anyone
1301,riyad bank,2024-05-28T01:10:00,"تم ايداع راتب بمبلغ 73,381.58 SAR في الحساب ***650 بتاريخ 2024-05-28"
1302,الأهلي,2024-10-27T01:21:00,"Salary of USD 9,200.05 credited to account ***225 on 27/10/2024"
1303,بنك الرياض,2024-06-09T11:45:00,"ATM withdrawal USD 48,861.80 from account ***483 on 2024-06-09. Available balance USD 187,118.82"
1304,الأهلي,2024-12-12T11:26:00,"Bill payment AED 41,619.98 to amazon.sa succeeded. Fee AED 66.0"
1305,الأهلي,2024-03-26T11:35:00,"Transfer  of AED 11,161.47 to sara a. completed. Ref 628391952. Balance AED 37,366.77"
1306,الأهلي,2024-08-01T02:16:00,"ATM withdrawal SAR 78,758.45 from account ***635 on 2024-08-01. Available balance SAR 148,901.78"
1307,الراجحي,2024-11-05T20:06:00,"Bill payment SAR 5,872.58 to carrefour hyper succeeded. Fee SAR 39.63. Ref 461272102"
1308,alrajhi,2024-09-18T02:58:00,"Purchase of SAR 79,068.97 at نون on card ending ****3929 on 2024-09-18 02:58. Available balance SAR 52,839.86"
1309,riyad bank,2024-05-04T09:04:00,"تم ØªØ­ÙˆÙŠÙ„ Ù…Ø¨Ù„Øº 78,347.31 Ø±.Ø³ Ø§Ù„Ù‰ Ø®Ø§Ù„Ø¯ Ø§Ù„Ø¹ØªÙŠØ¨ي رقم المرجع 854561789 الرصيد 178,484.33 -الأهلي"
1310,الأهلي,2024-09-24T22:52:00,"تم ايداع راتب بمبلغ ٣١,٦٢٣.٥٢ SAR في الحساب ***٩٠٧ بتاريخ ٢٤/٠٩/٢٠٢٤"
1311,بنك الرياض,2024-05-03T13:04:00,رمز التحقق الخاص بك هو 853026 صالح لمدة 10 دقائق لا تشاركه مع احد
1312,riyad bank,2024-07-05T08:10:00,"‏Transfer of AED 48,127.53 to acme trading llc completed. Ref 986635037. Balance AED 265,035.10‎"
1313,riyad bank,2024-10-26T00:26:00,"‏Purchase of USD 81,158.88 at starbucks on card ending ****1426 on 26/10/2024 00:26. Available balance USD 63,651.90‎"
1314,الراجحي,2024-08-07T06:39:00,"‏Purchase of SAR 66,527.45 at بنده on card ending ****8837 on 2024-08-07 06:39. Available balance SAR 204,760.56‎"
1315,الأهلي,2024-02-29T16:13:00,"Purchase  of ر.س 43,947.70 at بنده on card ending ****1179 on 29/02/2024 16:13. Available balance ر.س 433,348.74"
1316,riyad bank,2024-10-21T10:30:00,Your OTP is 535940. Valid for 5 minutes. Do not share it with anyone
1317,بنك الرياض,2024-02-09T01:30:00,"‏Purchase of USD 88,607.07 at صيدلية النهدي on card ending xxxx4279 on 09/02/2024 01:30. Available balance USD 385,161.89‎"
1318,snb,2024-08-10T11:25:00,خصم رسوم 80.67 ر.س على الحساب ***709 رقم العملية 329288666
1319,بنك الرياض,2024-09-05T04:31:00,"Transfer of AED 14,427.76 to خالد العتيبي completed. Ref 162187675. Balance AED 319,399.77"
1320,alrajhi,2024-01-05T05:50:00,‏Your OTP is 512429. Valid for 10 minutes. Do not share it with anyone‎
1321,snb,2024-10-14T13:17:00,عزيزنا العميل تم تفعيل خدمة الحوالات الفورية على حسابك ***354 للاستفسار اتصل على 966544223864
1322,snb,2024-10-19T21:52:00,"Transfer  of SAR 65,308.44 to acme trading llc completed. Ref 235875795. Balance SAR 242,748.81"
1323,الراجحي,2024-09-21T09:11:00,"تم ايداع راتب بمبلغ 32,204.91 SAR في الحساب ***465 بتاريخ 2024-09-21 thank you"
1324,الراجحي,2024-11-03T07:55:00,"Salary of AED 81,256.80 credited to account ***511 on 2024-11-03"
1325,riyad bank,2024-04-03T21:43:00,‏Your OTP is 538494. Valid for 15 minutes. Do not share it with anyone‎
1326,riyad bank,2024-02-12T08:42:00,خصم رسوم 85.27 USD على الحساب ***639 رقم العملية 978402010
1327,بنك الرياض,2024-09-20T00:23:00,عزيزنا Ø§Ù„Ø¹Ù…ÙŠÙ„ ØªÙ… ØªÙØ¹ÙŠÙ„ Ø®Ø¯Ù…Ø© sms alerts Ø¹Ù„Ù‰ Ø­Ø³Ø§Ø¨ك ***348 للاستفسار اتصل على 966525210000
1328,snb,2024-04-29T12:01:00,Your card xxxx6290 was declined at jarir bookstore due to insufficient funds
1329,alrajhi,2024-06-26T06:39:00,"Dear customer, service sms alerts was activated on account ***405. Call 966596944282 for help"
1330,riyad bank,2024-07-22T07:25:00,"ATM  withdrawal ر.س 18,108.20 from account ***505 on 2024-07-22. Available balance ر.س 168,170.48"
1331,riyad bank,2024-10-31T05:38:00,"Transfer of AED 25,203.63 to نورة الشمري completed. Ref 159487504. Balance AED 4,225.10"
1332,alrajhi,2024-10-25T07:32:00,"عملية Ø´Ø±Ø§Ø¡ Ø¨Ù…Ø¨Ù„Øº 71,628.64 USD Ù„Ø¯Ù‰ amazon.sa Ø¨Ø§Ù„Ø¨Ø·Ø§Ù‚Ø© xxxx2874 بتاريخ 25/10/2024"
1333,بنك الرياض,2024-04-14T05:42:00,"Transfer of AED 78,339.62 to نورة الشمري completed. Ref 342132348. Balance AED 155,930.37 شكرا لك"
1334,snb,2024-08-12T16:58:00,"ATM withdrawal Ø±.Ø³ 4,533.77 from account ***242 on 2024-08-12. Available balance ر.س 180,730.29"
1335,بنك الرياض,2024-03-12T07:11:00,Your card xxxx9988 was declined at صيدلية النهدي due to insufficient funds
1336,الأهلي,2024-10-06T11:10:00,"Purchase  of AED 78,917.78 at Ø¨Ù†Ø¯Ù‡ on card ending ****6140 on 2024-10-06 11:10. Availabl"
1337,snb,2024-06-14T15:27:00,"تم تحويل مبلغ 44,679.75 SAR الى خالد العتيبي رقم المرجع 460229585 الرصيد 278,941.65"
1338,الأهلي,2024-06-21T17:45:00,"Salary of AED 25,577.26 credited to account ***603 on 2024-06-21"
1339,بنك الرياض,2024-02-10T10:48:00,Your OTP is 559303. Valid for 5 minutes. Do not share it with anyone
1340,الأهلي,2024-10-05T04:43:00,Your OTP is 210670. Valid for 10 minutes. Do not share it with anyone
1341,snb,2024-10-06T06:04:00,"Purchase of USD 38,711.62 at starbucks on card ending xxxx9050 on 2024-10-06 06:04. Available balance USD 159,657.25"
1342,الراجحي,2024-08-11T00:11:00,"Transfer of SAR 75,784.18 to mohammed ali completed. Ref 111794861. Balance SAR 141,861.07"
1343,alrajhi,2024-06-03T05:44:00,"سحب نقدي 15,099.38 USD من الحساب ***295 بتاريخ 03/06/2024 الرصيد المتاح 470,463.40"
1344,الراجحي,2024-09-21T12:57:00,رمز التحقق الخاص بك هو 980060 صالح لمدة 10 دقائق لا تشاركه مع احد
1345,بنك الرياض,2024-08-13T07:51:00,Your card xxxx2141 was declined at amazon.sa due to insufficient funds
1346,الأهلي,2024-11-11T03:06:00,"Bill  payment SAR 77,138.75 to هنقرستيشن succeeded. Fee SAR 52.76. Ref 188280438"
1347,الأهلي,2024-08-18T11:54:00,"تم ايداع راتب بمبلغ 84,824.21 SAR في الحساب ***803 بتاريخ 2024-08-18"
1348,snb,2024-03-20T21:08:00,"Purchase of SAR 88,856.69 at jarir bookstore on card ending xxxx6674 on 20/03/2024 21:08. Available balance SAR 389,346.62 شكرا لك"
1349,snb,2024-05-11T03:33:00,Your card ****9498 was declined at هنقرستيشن due to insufficient funds
1350,riyad bank,2024-04-13T20:59:00,"Purchase  of ر.س 7,596.97 at صيدلية النهدي on card ending xxxx9453 on 2024-04-13 20:59. Available balance ر.س 90,044.93"
1351,بنك الرياض,2024-11-29T10:44:00,"سحب نقدي 61,941.38 SAR من الحساب ***955 بتاريخ 29/11/2024 الرصيد المتاح 322,008.48"
1352,alrajhi,2024-08-23T06:39:00,"‏سحب Ù†Ù‚Ø¯ÙŠ 6,730.62 AED Ù…Ù† Ø§Ù„Ø­Ø³Ø§Ø¨ ***681 Ø¨ØªØ§ريخ 23/08/2024 الرصيد المتاح 361,959.44‎"
1353,alrajhi,2024-01-22T09:50:00,"عملية شراء بمبلغ 2,479.48 SAR لدى هنقرستيشن بالبطاقة xxxx9610 بتاريخ 22/01/2024 الرصيد المتاح 412,494.47"
1354,الراجحي,2024-10-03T23:23:00,"ATM withdrawal ر.س 54,269.30 from account ***298 on 03/10/2024. Available balance ر.س 137,438.43"
1355,بنك الرياض,2024-08-09T18:26:00,"تم ايداع راتب بمبلغ ٥٨,٧٠٦.٢٥ ر.س في الحساب ***٤٥٨ بتاريخ ٠٩/٠٨/٢٠٢٤"
1356,الأهلي,2024-10-14T16:25:00,"تم تحويل مبلغ 69,474.48 ر.س الى acme trading llc رقم المرجع 622717000 الرصيد 209,757.13"
1357,riyad bank,2024-06-13T17:35:00,"تم  ايداع راتب بمبلغ 51,628.86 SAR في الحساب ***444 بتاريخ 13/06/2024"
1358,الراجحي,2024-02-03T13:30:00,"ATM withdrawal ر.س 20,764.95 from account ***760 on 2024-02-03. Available balance ر.س 328,203.95"
1359,الأهلي,2024-05-29T17:43:00,"Dear customer, service الحوالات الفورية was activated on account ***613. Call 966529709468 for help"
1360,الراجحي,2024-07-13T09:10:00,"ATM withdrawal USD 86,345.05 from account ***630 on 13/07/2024. Available balance USD 317,432.43"
1361,snb,2024-02-17T12:24:00,"تم Ø§ÙŠØ¯Ø§Ø¹ Ø±Ø§ØªØ¨ Ø¨Ù…Ø¨Ù„Øº 15,308.70 USD Ùي الحساب ***977 بتاريخ 2024-02-17"
1362,snb,2024-10-13T21:23:00,‏رمز التحقق الخاص بك هو 962892 صالح لمدة 5 دقائق لا تشاركه مع احد‎
1363,riyad bank,2024-02-09T18:45:00,Your card xxxx٥٥٩٨ was declined at carrefour hyper due to insufficient funds
1364,snb,2024-08-17T07:28:00,عزيزنا العميل تم تفعيل خدمة الحوالات الفورية على حسابك ***805 للاستفسار اتصل على 966540197423
1365,الراجحي,2024-03-29T13:48:00,"‏Transfer of SAR 25,122.06 to sara a. completed. Ref 727678399. Balance SAR 165,772.97‎"
1366,بنك الرياض,2024-06-17T03:45:00,"ATM withdrawal AED 2,363.80 from account ***710 on 17/06/2024. Available balance AED 222,444.51"
1367,snb,2024-05-22T17:38:00,"سحب  نقدي 74,494.32 ر.س من الحساب ***111 بتاريخ 22/05/2024 الرصيد المتاح 18,986.48"
1368,snb,2024-11-30T05:14:00,"Transfer of SAR 83,712.02 to sara a. completed. Ref 810495833. Balance SAR 21,256.93 شكرا لك"
1369,snb,2024-07-27T09:49:00,عزيزنا العميل تم تفعيل خدمة المدفوعات الدولية على حسابك ***163 للاستفسار اتصل على 966534657989
1370,snb,2024-06-27T02:15:00,Your card ****5808 was declined at بنده due to insufficient funds
1371,riyad bank,2024-04-01T02:03:00,"عملية شراء بمبلغ 33,340.49 ر.س لدى amazon.sa بالبطاقة xxxx3191 بتاريخ 01/04/2024 الرصيد المتاح 452,022.17"
1372,alrajhi,2024-10-21T14:00:00,"Purchase of SAR 84,219.63 at amazon.sa on card ending xxxx2910 on 21/10/2024 14:00. Available balance SAR 30,547.51"
1373,riyad bank,2024-05-07T07:47:00,رمز التحقق الخاص بك هو 276549 صالح لمدة 5 دقائق لا تشاركه مع احد
1374,الراجحي,2024-06-25T13:52:00,رمز التحقق الخاص بك هو 617923 صالح لمدة 15 دقائق لا تشاركه مع احد
1375,بنك الرياض,2024-08-03T10:07:00,عزيزنا العميل تم تفعيل خدمة sms alerts على حسابك ***930 للاستفسار اتصل على 966597561783
1376,الراجحي,2024-03-10T11:35:00,"Bill  payment SAR 68,911.72 to نون succeeded. Fee SAR 23.48. Ref 131990345"
1377,alrajhi,2024-08-28T11:57:00,"تم ايداع راتب بمبلغ 78,682.41 AED في الحساب ***196 بتاريخ 28/08/2024"
1378,snb,2024-01-11T02:44:00,رمز  التحقق الخاص بك هو 353214 صالح لمدة 15 دقائق لا تشاركه مع احد
1379,alrajhi,2024-05-31T06:17:00,"تم تحويل مبلغ 85,328.02 AED الى mohammed ali رقم المرجع 960228783 الرصيد 247,367.62"
1380,riyad bank,2024-01-27T10:50:00,"تم تحويل مبلغ 54,074.02 AED الى acme trading llc رقم المرجع 256576792 الرصيد 113,637.16"
1381,بنك الرياض,2024-02-29T09:08:00,Your  card ****5463 was declined at starbucks due to insufficient funds
1382,alrajhi,2024-08-11T11:28:00,"عملية شراء بمبلغ 11,431.27 ر.س لدى نون بالبطاقة ****6940 بتاريخ 2024-08-11 الرصيد المتاح 172,008.44"
1383,الراجحي,2024-07-14T23:02:00,Your OTP is 981284. Valid for 10 minutes. Do not share it with anyone
1384,بنك الرياض,2024-11-16T03:24:00,خصم رسوم 44.98 ر.س على الحساب ***693 رقم العملية 663524529 -alrajhi
1385,alrajhi,2024-09-14T19:50:00,خصم رسوم 56.01 SAR على الحساب ***252 رقم العملية 984270952
1386,snb,2024-07-21T03:26:00,"Bill payment AED 20,179.34 to نون succeeded. Fee AED 58.01. Ref 112253566"
1387,snb,2024-11-10T00:52:00,"سحب Ù†Ù‚Ø¯ÙŠ 37,496.80 USD Ù…Ù† Ø§Ù„Ø­Ø³Ø§Ø¨ ***906 Ø¨ØªØ§ريخ 10/11/2024 الرصيد المتاح 243,571.14 thank you"
1388,الراجحي,2024-04-13T13:42:00,"Transfer of USD 78,633.42 to mohammed ali completed. Ref 890742874. Balance USD 289,749.64"
1389,riyad bank,2024-05-05T21:58:00,"تم ايداع راتب بمبلغ 54,457.36 SAR في الحساب ***605 بتاريخ 2024-05-05 -alrajhi"
1390,alrajhi,2024-01-16T08:26:00,"سحب نقدي ٨٣,٠٢٠.٥١ USD من الحساب ***٣٤٨ بتاريخ ٢٠٢٤-٠١-١٦ الرصيد المتاح "
1391,snb,2024-07-07T16:06:00,"سحب نقدي 38,271.30 ر.س من الحساب ***560 بتاريخ 07/07/2024 الرصيد المتاح 221,166.29"
1392,riyad bank,2024-03-19T01:21:00,Your card xxxx9366 was declined at carrefour hyper due to insufficient funds -الأهلي
1393,alrajhi,2024-10-04T22:59:00,"سحب نقدي 89,144.08 USD من الحساب ***519 بتاريخ 2024-10-04 الرصيد المتاح 226,339.16"
1394,alrajhi,2024-05-27T00:28:00,رمز التحقق الخاص بك هو 161705 صالح لمدة 5 دقائق لا تشاركه مع احد
1395,alrajhi,2024-04-08T11:38:00,"Bill payment USD 58,900.22 to jarir bookstore succeeded. Fee USD 11.93. Ref 183911725"
1396,بنك الرياض,2024-09-27T06:33:00,"تم ايداع راتب بمبلغ 26,377.66 AED في الحساب ***149 بتاريخ 2024-09-27 -riyad bank"
1397,الأهلي,2024-05-28T03:06:00,"تم تحويل مبلغ 17,365.48 SAR الى نورة الشمري رقم المرجع 644960324 الرصيد 35,629.97"
1398,alrajhi,2024-10-18T17:54:00,"Dear customer, service Ø§Ù„Ù…Ø¯ÙÙˆØ¹Ø§Øª Ø§Ù„Ø¯ÙˆÙ„ÙŠØ© was activated on account ***142. Call 966560661597 for help"
1399,snb,2024-05-21T12:57:00,خصم  Ø±Ø³ÙˆÙ… 97.55 SAR Ø¹Ù„Ù‰ Ø§Ù„Ø­Ø³Ø§Ø¨ ***916 رقم العملية 760018518
1400,بنك الرياض,2024-03-02T00:45:00,"تم تحويل مبلغ 70,253.11 USD الى نورة الشمري رقم المرجع 932450657 الرصيد 205,143.11"
1401,بنك الرياض,2024-08-18T10:29:00,"Bill  payment USD 56,449.09 to بنده succeeded. Fee USD 3.16. Ref 842302982"
1402,riyad bank,2024-07-28T10:50:00,Your card xxxx7080 was declined at starbucks due to insufficient funds
1403,snb,2024-10-06T08:06:00,"تم تحويل مبلغ 26,791.47 ر.س الى خالد العتيبي رقم المرجع 895590194 الرصيد 112,875.62"
1404,alrajhi,2024-09-30T12:07:00,"تم ايداع راتب بمبلغ 33,619.97 USD في الحساب ***961 بتاريخ 2024-09-30"
1405,الأهلي,2024-06-29T10:30:00,"ATM withdrawal AED 59,531.94 from account ***795 on 29/06/2024. Available balance AED 491,789.15"
1406,riyad bank,2024-05-14T16:07:00,‏Your OTP is 208727. Valid for 10 minutes. Do not share it with anyone‎
1407,riyad bank,2024-05-17T00:01:00,Your OTP is 948236. Valid for 10 minutes. Do not share it with anyone
1408,riyad bank,2024-06-14T04:54:00,"ATM withdrawal USD 7,599.19 from account ***642 on 2024-06-14. Available balance USD 316,309.96"
1409,snb,2024-10-07T16:40:00,"عملية شراء بمبلغ 2,665.82 SAR لدى هنقرستيشن بالبطاقة ****5435 بتاريخ 2024-10-07 الرصيد المتاح 419,416.74"
1410,الأهلي,2024-07-27T06:28:00,"Purchase of ر.س 66,674.37 at carrefour hyper on card ending xxxx1080 on 27/07/2024 06:28. Available balance ر.س 420,389.14"
1411,alrajhi,2024-11-08T13:36:00,"تم تحويل مبلغ 20,038.87 SAR الى نورة الشمري رقم المرجع 352805368 الرصيد 118,758.24"
1412,الراجحي,2024-12-06T09:30:00,"‏Purchase of SAR 26,094.33 at هنقرستيشن on card ending ****6389 on 2024-12-06 09:30. Available balance SAR 458,971.43‎"
1413,الراجحي,2024-10-22T13:04:00,عزيزنا العميل تم تفعيل خدمة الحوالات الفورية على حسابك ***794 للاستفسار اتصل على 966564906308
1414,الراجحي,2024-08-22T13:23:00,رمز  التحقق الخاص بك هو 649168 صالح لمدة 5 دقائق لا تشاركه مع احد
1415,الأهلي,2024-01-04T02:50:00,"‏تم ايداع راتب بمبلغ ٥٢,٩٨٦.٤٦ AED في الحساب ***٦٨٦ بتاريخ ٢٠٢٤-٠١-٠٤‎"
1416,بنك الرياض,2024-02-02T20:45:00,عزيزنا العميل تم تفعيل خدمة الحوالات الفورية على حسابك ***655 للاستفسار اتصل على 966564798019
1417,snb,2024-10-23T09:05:00,"عملية  شراء بمبلغ 10,506.02 SAR لدى jarir bookstore بالبطاقة ****6495 بتاريخ 23/10/2024 الرصيد المتاح 117,696.65"
1418,riyad bank,2024-04-22T17:10:00,"Transfer of ر.س 88,233.08 to mohammed ali completed. Ref 675482023. Balance ر.س 448,201.31"
1419,alrajhi,2024-05-16T11:15:00,Your card xxxx8509 was declined at amazon.sa due to insufficient funds
1420,الأهلي,2024-10-22T10:39:00,"Dear customer, service المدفوعات الدولية was activated on account ***217. Call 966570980596 for help"
1421,alrajhi,2024-08-21T15:01:00,"تم تحويل مبلغ 18,405.16 ر.س الى نورة الشمري رقم المرجع 474525418 الرصيد 408,393.48"
1422,snb,2024-03-14T01:41:00,"Dear customer, service sms alerts was activated on account ***843. Call 966520936116 for help"
1423,الأهلي,2024-03-14T17:52:00,Your card xxxx9620 was declined at نون due to insufficient funds
1424,الأهلي,2024-01-13T16:04:00,"Dear customer, service sms alerts was activated on account ***260. Call 96"
1425,riyad bank,2024-10-16T00:35:00,"Transfer of ر.س 81,246.57 to acme trading llc completed. Ref 937058146. Balance ر.س 131,586.27"
1426,snb,2024-12-05T07:47:00,"‏Bill payment USD 15,515.77 to هنقرستيشن succeeded. Fee USD 6.21. Ref 148504405‎"
1427,بنك الرياض,2024-06-26T23:56:00,"تم تحويل مبلغ 53,235.02 USD الى acme trading llc رقم المرجع 919426291"
1428,الراجحي,2024-08-31T20:39:00,"Purchase of USD 84,385.62 at starbucks on card ending xxxx5555 on 31/08/2024 20:39. Available balance USD 98,444.94"
1429,snb,2024-09-18T11:38:00,عزيزنا العميل تم تفعيل خدمة المدفوعات الدولية على حسابك ***٧٠٠ للاستفسار اتصل على ٩٦٦٥٦٥٩٦٩٦٨٥
1430,الأهلي,2024-08-17T20:31:00,رمز التحقق الخاص بك هو 572401 صالح لمدة 10 دقائق لا تشاركه مع احد
1431,الراجحي,2024-09-01T15:11:00,رمز  التحقق الخاص بك هو 742637 صالح لمدة 5 دقائق لا تشاركه مع احد
1432,alrajhi,2024-07-29T05:16:00,Your card xxxx5271 was declined at نون due to insufficient funds
1433,alrajhi,2024-02-11T06:55:00,"تم تحويل مبلغ 6,866.71 ر.س الى نورة الشمري رقم المرجع 676425452 الرصيد 272,374.27"
1434,الراجحي,2024-07-30T01:27:00,"Salary  of ر.س 65,421.76 credited to account ***365 on 30/07/2024"
1435,بنك الرياض,2024-06-01T01:17:00,"تم تحويل مبلغ 43,333.38 SAR الى sara a. رقم المرجع 880186726 الرصيد 402,393.19"
1436,الأهلي,2024-01-04T14:44:00,"Transfer  of AED 29,592.77 to mohammed ali completed. Ref 364212306. Balance AED 100,143.34"
1437,بنك الرياض,2024-05-26T13:55:00,عزيزنا العميل تم تفعيل خدمة المدفوعات الدولية على حسابك ***446 للاستفسار اتصل على 966545472391
1438,snb,2024-11-08T02:54:00,"Dear customer, service apple pay was activated on account ***٥٥٣. Call ٩٦٦٥٢٧٠٨٥٩١٩ for help"
1439,الراجحي,2024-08-07T20:01:00,Your card xxxx٩١٦٢ was declined at carrefour hyper due to insufficient funds
1440,بنك الرياض,2024-01-03T12:48:00,"ATM withdrawal USD 85,291.13 from account ***850 on 2024-01-03. Available balance USD 92,542.70"
1441,snb,2024-04-08T00:23:00,"ATM withdrawal USD 37,036.15 from account ***200 on 2024-04-08. Available balance USD 67,211.53"
1442,بنك الرياض,2024-03-31T10:55:00,"Transfer of AED 4,110.43 to acme trading llc completed. Ref 631737003. Bal"
1443,بنك الرياض,2024-08-07T04:09:00,"Dear customer, service apple pay was activated on account ***590. Call 966562661619 for help"
1444,riyad bank,2024-02-14T01:51:00,"ATM withdrawal ر.س 2,033.40 from account ***757 on 2024-02-14. Available balance ر.س 80,543.34"
1445,الأهلي,2024-11-17T16:57:00,Your  OTP is 509186. Valid for 15 minutes. Do not share it with anyone
1446,snb,2024-07-23T13:04:00,"ATM  withdrawal ر.س 78,442.45 from account ***810 on 23/07/2024. Available balance ر.س 321,869.47"
1447,الراجحي,2024-07-08T21:23:00,Your card ****7729 was declined at starbucks due to insu
1448,alrajhi,2024-06-01T11:31:00,"ATM  withdrawal Ø±.Ø³ 49,553.78 from account ***265 on 2024-06-01. Available balance ر.س 390,138.06"
1449,الراجحي,2024-06-19T03:08:00,‏Your card ****2102 was declined at starbucks due to insufficient funds‎
1450,الراجحي,2024-01-28T11:48:00,"تم ايداع راتب بمبلغ 5,278.14 USD في الحساب ***668 بتاريخ 28/01/2024"
1451,alrajhi,2024-01-22T16:17:00,"Dear  customer, service apple pay was activated on account ***347. Call 966575590899 for help"
1452,الأهلي,2024-01-17T00:23:00,"Bill payment AED 69,715.19 to jarir bookstore succeeded. Fee AED 85.07. Ref 992082842"
1453,snb,2024-10-29T22:15:00,"Purchase of SAR ٣٢,٧٧١.٠٨ at هنقرستيشن on card ending ****٢٤١٧ on ٢٩/١٠/٢٠٢٤ ٢٢:١٥. Available balance SAR ٣٦٦,٣١٧.٩٨"
1454,snb,2024-03-03T23:15:00,"ATM withdrawal USD 73,860.84 from account ***329 on 03/03/2024. Available balance USD 489,280.17"
1455,بنك الرياض,2024-05-06T20:14:00,خصم رسوم ٢.٧٣ SAR على الحساب ***٤٥٠ رقم العملية ٣١٣٩٠٣٠٦٧
1456,الراجحي,2024-07-18T13:57:00,Your card ****3906 was declined at jarir bookstore due to insufficient funds
1457,alrajhi,2024-06-10T12:58:00,"Transfer of USD 14,907.94 to نورة الشمري completed. Ref 232268318. Balance USD 306,027.83"
1458,بنك الرياض,2024-09-24T19:40:00,Your card xxxx7104 was declined at amazon.sa due to insufficient funds
1459,alrajhi,2024-06-01T14:18:00,"Salary  of AED ٣١,٥٥٨.٧٨ credited to account ***٢١٥ on ٠١/٠٦/٢٠٢٤"
1460,الأهلي,2024-03-04T17:04:00,"سحب نقدي 45,674.08 AED من الحساب ***187 بتاريخ 04/03/2024 الرصيد المتاح 488,859.16"
1461,alrajhi,2024-02-20T14:38:00,"تم ايداع راتب بمبلغ 12,412.00 AED في الحساب ***129 بتاريخ 20/02/2024"
1462,snb,2024-02-21T01:02:00,"Bill payment AED 13,342.32 to بنده succeeded. Fee AED 98.37. Ref 685246433"
1463,riyad bank,2024-10-30T00:21:00,"ATM withdrawal SAR 55,013.75 from account ***756 on 30/10/2024. Available balance SAR 406,288.76"
1464,الأهلي,2024-09-29T13:14:00,"Dear customer, service sms alerts was activated on account ***803. Call 966594638304 for help"
1465,الأهلي,2024-01-21T06:21:00,"Purchase of USD 57,699.07 at صيدلية النهدي on card ending ****7521 on 21/01/2024 06:21. Available balance USD 449,681.88"
1466,alrajhi,2024-01-23T09:48:00,"Dear customer, service الحوالات الفورية was activated on account ***438. Call 966582113736 for help"
1467,الراجحي,2024-07-25T02:28:00,"Transfer of ر.س 30,099.02 to sara a. completed. Ref 664443843. Balance ر.س 191,758.56"
1468,alrajhi,2024-01-01T23:28:00,"تم تحويل مبلغ ٢٤,٢٧٤.٣٣ USD الى acme trading llc رقم المرجع ٤٦٧٢٣٩٦٤٦ الرصيد ١٨١,٦٩٥.٠٣"
1469,الراجحي,2024-01-15T04:48:00,"ATM withdrawal ر.س 70,252.33 from account ***110 on 15/01/2024. Available balance ر.س 179,946.72 شكرا لك"
1470,بنك الرياض,2024-02-27T05:48:00,‏Your OTP is 724220. Valid for 10 minutes. Do not share it with anyone‎
1471,الأهلي,2024-06-26T12:06:00,"ATM withdrawal SAR 25,750.54 from account ***224 on 26/06/2024. Available balance SAR 408,402.30"
1472,الأهلي,2024-04-27T09:50:00,عزيزنا العميل تم تفعيل خدمة sms alerts على حسابك ***642 للاستفسار اتصل على 966511132910
1473,riyad bank,2024-08-08T22:40:00,"Bill payment USD ٦٥,٢٥٩.٢٦ to jarir bookstore succeeded. Fee USD ١١.٧٧. Ref ٤٦٨٢٤٨٢٧٦"
1474,الأهلي,2024-03-04T22:22:00,"عملية شراء بمبلغ 76,290.66 ر.س لدى صيدلية النهدي بالبطاقة ****2288 بتاريخ 04/03/2024 الرصيد المتاح 342,194.57"
1475,snb,2024-06-11T01:55:00,Your card xxxx2126 was declined at amazon.sa due to insu
1476,الراجحي,2024-01-14T21:57:00,"تم تحويل مبلغ 58,339.32 AED الى mohammed ali رقم المرجع 591791577 الرصيد 491,754.07"
1477,الراجحي,2024-09-01T11:29:00,"Dear customer, service apple pay was activated on account ***964. Call 966526943348 for help"
1478,alrajhi,2024-09-29T04:32:00,"Dear customer, service sms alerts was activated on account ***332. Call 966527945476 for help"
1479,snb,2024-02-29T12:19:00,"Transfer of AED 61,135.81 to mohammed ali completed. Ref 992607568. Balance AED 109,819.84"
1480,بنك الرياض,2024-05-27T16:52:00,"تم ØªØ­ÙˆÙŠÙ„ Ù…Ø¨Ù„Øº 1,829.49 SAR Ø§Ù„Ù‰ mohammed ali رقم المرجع 745450886 الرصيد 445,437.75"
1481,بنك الرياض,2024-01-25T20:04:00,"‏ATM  withdrawal USD 75,544.19 from account ***746 on 25/01/2024. Available balance USD 154,458.43‎"
1482,snb,2024-11-16T16:40:00,"Transfer of SAR 37,484.70 to نورة الشمري completed. Ref 155599076. Balance SAR 484,886.75"
1483,alrajhi,2024-08-26T00:32:00,"Purchase  of USD 1,409.93 at نون on card ending ****2400 on 26/08/2024 00:32. Available balance USD 356,578.16 -الراجحي"
1484,الأهلي,2024-07-06T23:04:00,"تم تحويل مبلغ 14,077.70 AED الى mohammed ali رقم المرجع 227918266 الرصيد 100,616.90"
1485,بنك الرياض,2024-10-24T03:10:00,"Purchase of SAR ٣٩,٢٦٩.١٤ at بنده on card ending ****٨٦٠١ on ٢٤/١٠/٢٠٢٤ ٠٣:١٠. Available balance SAR ٣١١,٩٠٠.٩٠ شكرا لك"
1486,snb,2024-03-07T09:41:00,"تم تحويل مبلغ 51,872.81 ر.س الى sara a. رقم المرجع 612027214 الرص"
1487,alrajhi,2024-06-02T13:28:00,"سحب نقدي 50,997.95 ر.س من الحساب ***624 بتاريخ 02/06/2024 الرصيد المتاح 330,868.08"
1488,snb,2024-07-04T20:02:00,"Purchase of AED 28,631.30 at نون on card ending xxxx7907 on 2024-07-04 20:02. Available balance AED 337,612.98"
1489,بنك الرياض,2024-04-25T15:09:00,"ATM withdrawal AED 39,510.01 from account ***530 on 25/04/2024. Available balance AED 160,951.42"
1490,بنك الرياض,2024-11-12T23:59:00,"عملية شراء بمبلغ 45,524.65 ر.س لدى amazon.sa بالبطاقة ****1895 بتاريخ 2024-11-12 الرصيد المتاح 355,920.61"
1491,الراجحي,2024-08-12T08:37:00,"سحب نقدي 49,839.58 AED من الحساب ***714 بتاريخ 2024-08-12 الرصيد المتاح 225,918.32"
1492,riyad bank,2024-10-15T13:14:00,"ATM  withdrawal ر.س 87,958.88 from account ***653 on 15/10/2024. Available balance ر.س 154,523.43"
1493,الراجحي,2024-04-01T05:04:00,"تم تحويل مبلغ 10,896.67 ر.س الى mohammed ali رقم المرجع 505200130 الرصيد 237,116.97"
1494,riyad bank,2024-10-16T22:22:00,عزيزنا العميل تم تفعيل خدمة sms alerts على حسابك ***233 للاستفسار اتصل على 966544285416
1495,riyad bank,2024-07-09T23:24:00,Your card xxxx2742 was declined at starbucks due to insufficient funds
1496,snb,2024-01-24T14:20:00,"سحب Ù†Ù‚Ø¯ÙŠ 40,525.15 USD Ù…Ù† Ø§Ù„Ø­Ø³Ø§Ø¨ ***327 Ø¨ØªØ§ريخ 2024-01-24 الرصيد المتاح 365,854.38 thank you"
1497,alrajhi,2024-07-21T12:03:00,"ATM withdrawal USD 75,840.98 from account ***975 on 2024-07-21. Available balance USD 340,975.74"
1498,الأهلي,2024-09-05T18:28:00,"Salary of SAR 64,373.03 credited to account ***954 on 05/09/2024"
1499,alrajhi,2024-04-16T08:35:00,"تم تحويل مبلغ 11,358.93 USD الى sara a. رقم المرجع 338082958 الرصيد 258,537.65"
1500,بنك الرياض,2024-06-03T13:46:00,"Purchase of AED 695.11 at carrefour hyper on card ending xxxx3934 on 2024-06-03 13:46. Available balance AED 135,941.96"
1501,بنك الرياض,2024-03-07T19:09:00,عزيزنا العميل تم تفعيل خدمة apple pay على حسابك ***303 للاستفسار اتصل على 966581154388
1502,بنك الرياض,2024-06-27T13:28:00,"Dear customer, service الحوالات الفورية was activated on account ***694. Call 966571752450 for help"
1503,alrajhi,2024-05-23T05:30:00,"Purchase of USD 88,655.15 at بنده on card ending ****8715 on 2024-05-23 05:30. Available balance USD 42,316.75"
1504,alrajhi,2024-03-27T07:00:00,"تم تحويل مبلغ 46,252.75 USD الى نورة الشمري رقم المرجع 927367229 الرصيد 61,928.54"
1505,الأهلي,2024-06-16T09:52:00,"‏ATM withdrawal USD 63,560.05 from account ***595 on 2024-06-16. Available bal"
1506,alrajhi,2024-08-31T05:44:00,Your  OTP is 102404. Valid for 15 minutes. Do not share it with anyone
1507,riyad bank,2024-01-05T04:26:00,Your OTP is 886516. Valid for 10 minutes. Do not share it with anyone
1508,بنك الرياض,2024-03-09T11:22:00,"تم ايداع راتب بمبلغ 63,711.81 AED في الحساب ***882 بتاريخ 2024-03-09"
1509,الراجحي,2024-03-17T20:44:00,خصم رسوم 75.80 USD على الحساب ***898 رقم العملية 886687343
1510,بنك الرياض,2024-03-13T06:00:00,"‏تم تحويل مبلغ ١٤,٦١٢.٦٥ SAR الى mohammed ali رقم المرجع ٣٩١٢٢٠٨٤٧ الرصيد ١٢١,٦٠٨.٦١‎"
1511,الراجحي,2024-11-07T09:40:00,"Bill payment USD 43,097.16 to صيدلية النهدي succeeded. Fee USD 42.59. Ref 137245252"
1512,riyad bank,2024-02-19T19:51:00,"Purchase of AED 52,549.60 at هنقرستيشن on card ending xxxx1586 on 19/02/2024 19:51. Available balance AED 404,675.25"
1513,الراجحي,2024-11-23T11:16:00,رمز التحقق الخاص بك هو 565374 صالح لمدة 10 دقائق لا تشاركه مع احد
1514,الأهلي,2024-03-28T08:13:00,‏خصم رسوم 88.46 ر.س على الحساب ***195 رقم العملية 647631184‎
1515,alrajhi,2024-10-05T17:42:00,"تم  ايداع راتب بمبلغ 18,573.95 SAR في الحساب ***887 بتاريخ 2024-10-05"
1516,snb,2024-05-23T11:19:00,"تم ايداع راتب بمبلغ 33,394.59 USD في الحساب ***548 بتاريخ 2024-05-23"
1517,snb,2024-09-17T20:27:00,رمز التحقق الخاص بك هو 228990 صالح لمدة 15 دقائق لا تشاركه مع احد
1518,snb,2024-11-16T14:21:00,"Transfer of ر.س 72,626.98 to sara a. completed. Ref 326066846. Balance ر.س 285,109.13"
1519,بنك الرياض,2024-06-07T09:41:00,"Transfer of SAR 87,444.08 to نورة الشمري completed. Ref 346200298. Balance SAR 423,460.81 شكرا لك"
1520,snb,2024-09-11T01:08:00,"عملية شراء بمبلغ ٨,٦٥٢.٦٠ ر.س لدى carrefour hyper بالبطاقة xxxx٤٠٥١ بتاريخ ٢٠٢٤-٠٩-١١ الرصيد المتاح ٤٢٠,٥٤٠.٦٩"
1521,alrajhi,2024-02-03T15:29:00,"عملية  شراء بمبلغ 32,807.94 AED لدى amazon.sa بالبطاقة ****1641 بتاريخ 03/02/2024 الرصيد المتاح 75,561.49"
1522,الراجحي,2024-08-16T06:30:00,"عملية شراء بمبلغ 5,777.89 ر.س لدى نون بالبطاقة ****7331 بتاريخ 2024-08-16 الرصيد المتاح 240,074.51"
1523,riyad bank,2024-11-27T17:36:00,"Purchase  of SAR 52,511.19 at بنده on card ending xxxx2266 on 27/11/2024 17:36. Available balance SAR 117,387.60"
1524,الأهلي,2024-07-04T14:01:00,رمز التحقق الخاص بك هو 372650 صالح لمدة 5 دقائق لا تشاركه مع احد
1525,snb,2024-06-01T12:35:00,"تم ايداع راتب بمبلغ 32,031.26 USD في الحساب ***268 بتاريخ 01/06/2024"
1526,بنك الرياض,2024-06-09T03:37:00,"ATM withdrawal SAR 23,259.94 from account ***536 on 2024-06-09. Available balance SAR 406,956.13 -snb"
1527,riyad bank,2024-11-21T10:04:00,"Transfer of AED 68,121.61 to خالد العتيبي completed. Ref 740818546. Balance AED 469,664.95"
1528,alrajhi,2024-10-27T13:08:00,"عملية شراء بمبلغ 50,224.43 AED لدى carrefour hyper بالبطاقة ****2352 بتاريخ 27/10/2024 الرصيد المتاح 208,514.26"
1529,snb,2024-01-26T09:39:00,"سحب نقدي 3,854.20 ر.س من الحساب ***637 بتاريخ 2024-01-26 الرصيد المتاح 312,628.84"
1530,الأهلي,2024-06-11T07:51:00,"Purchase  of ر.س 22,360.40 at amazon.sa on card ending xxxx7041 on 11/06/2024 07:51. Available balance ر.س 60,651.86"
1531,الأهلي,2024-09-03T19:35:00,Your OTP is 106149. Valid for 15 minutes. Do not share it with anyone
1532,الراجحي,2024-12-10T00:46:00,"Dear customer, service sms alerts was activated on account ***464. Call 96"
1533,alrajhi,2024-11-27T11:18:00,"Transfer of USD 53,843.97 to نورة الشمري completed. Ref 148506180. Balance USD 203,109.27"
1534,alrajhi,2024-02-21T12:47:00,"ATM withdrawal AED 12,054.88 from account ***648 on 21/02/2024. Available balance AED 68,614.79 شكرا لك"
1535,الراجحي,2024-03-06T13:12:00,"Transfer of ر.س 76,339.50 to mohammed ali completed. Ref 221556321. Balance ر.س 60,624.90"
1536,snb,2024-07-15T18:53:00,"تم تحويل مبلغ 28,757.77 USD الى sara a. رقم المرجع 352290586 الرصيد 99,189.90"
1537,بنك الرياض,2024-08-15T19:07:00,Your  OTP is 69898. Valid for 15 minutes. Do not share it with anyone
1538,الراجحي,2024-06-25T21:05:00,"تم تحويل مبلغ 47,597.33 AED الى نورة الشمري رقم المرجع 932125511 الرصيد 39,364.56"
1539,بنك الرياض,2024-03-27T02:44:00,"تم ايداع راتب بمبلغ 59,187.11 ر.س في الحساب ***321 بتاريخ 27/03/2024"
1540,riyad bank,2024-10-25T23:53:00,رمز التحقق الخاص بك هو 562808 صالح لمدة 15 دقائق لا تشاركه مع احد thank you
1541,riyad bank,2024-11-17T14:04:00,"‏تم تحويل مبلغ 48,610.99 AED الى خالد العتيبي رقم المرجع 785447161 الرصيد 482,264.03‎"
1542,alrajhi,2024-01-03T03:42:00,"Transfer of SAR 70,490.53 to sara a. completed. Ref 322545975. Balance SAR 410,352.94"
1543,الراجحي,2024-03-24T17:32:00,"تم ايداع راتب بمبلغ 32,382.35 USD في الحساب ***273 بتاريخ 24/03/2024"
1544,بنك الرياض,2024-09-19T11:04:00,رمز التحقق الخاص بك هو 439268 صالح لمدة 5 دقائق لا تشاركه مع احد
1545,الراجحي,2024-02-17T16:59:00,"Salary of SAR ٧٩,٣٧٢.٠٢ credited to account ***٣١٩ on ٢٠٢٤-٠٢-١٧"
1546,snb,2024-11-08T15:08:00,"Transfer  of USD 52,601.85 to sara a. completed. Ref 924536770. Balance USD 278,354.16"
1547,snb,2024-07-30T11:48:00,عزيزنا العميل تم تفعيل خدمة sms alerts على حسابك ***590 للاستفسار اتصل على 966589681274
1548,riyad bank,2024-02-14T19:45:00,خصم رسوم 60.82 AED على الحساب ***456 رقم العملية 556051943
1549,الراجحي,2024-02-23T20:44:00,Your card ****5247 was declined at بنده due to insufficient funds
1550,riyad bank,2024-05-12T17:10:00,"ATM withdrawal USD ٣٥,٦٣٢.٨٩ from account ***٤٠٠ on ١٢/٠٥/٢٠٢٤. Available balance USD ٩٦,٣٨٣.٧٥"
1551,الأهلي,2024-08-02T03:27:00,عزيزنا  العميل تم تفعيل خدمة apple pay على حسابك ***٥٦١ للاستفسار اتصل على ٩٦٦٥٢٢١٢٢١٤٠
1552,الراجحي,2024-10-13T18:12:00,Your OTP is 201799. Valid for 15 minutes. Do not share it with anyone شكرا لك
1553,riyad bank,2024-05-07T22:07:00,"تم تحويل مبلغ 47,577.00 SAR الى نورة الشمري رقم المرجع 598290593 الرصيد 106,317.18"
1554,بنك الرياض,2024-10-06T15:43:00,"سحب  نقدي 55,731.89 ر.س من الحساب ***240 بتاريخ 06/10/2024 الرصيد المتاح 367,506.70"
1555,الأهلي,2024-08-25T16:08:00,رمز التحقق الخاص بك هو 629115 صالح لمدة 10 دقائق لا تشاركه مع احد
1556,بنك الرياض,2024-05-22T05:48:00,"سحب نقدي 77,345.10 USD من الحساب ***862 بتاريخ 22/05/2024 الرصيد المتاح 478,759.14"
1557,snb,2024-02-19T03:52:00,"Dear customer, service الحوالات الفورية was activated on account ***771. Call 966521432926 for help"
1558,الأهلي,2024-04-26T10:01:00,"عملية شراء بمبلغ 58,103.75 AED لدى jarir bookstore بالبطاقة ****3168 بتاريخ 2024-04-26 الرصيد المتاح 16,530.79"
1559,الأهلي,2024-01-27T03:20:00,"ATM withdrawal Ø±.Ø³ 16,928.67 from account ***675 on 2024-01-27. Available balance ر.س 359,888.73"
1560,الأهلي,2024-10-14T23:04:00,عزيزنا العميل تم تفعيل خدمة الحوالات الفورية على حسابك ***730 للاستفسار اتصل على 966538385310
1561,الراجحي,2024-04-03T03:57:00,"Bill payment AED 20,326.08 to jarir bookstore succeeded. Fee AED 75.31. Ref 893830794"
1562,snb,2024-10-23T11:19:00,"تم تحويل مبلغ 21,441.16 ر.س الى نورة الشمري رقم المرجع 433890032 الرصيد 247,368.35"
1563,الراجحي,2024-01-08T15:29:00,Your card ****7030 was declined at هنقرستيشن due to insufficient funds
1564,الراجحي,2024-03-16T04:11:00,‏رمز التحقق الخاص بك هو 624436 صالح لمدة 10 دقائق لا تشاركه مع احد‎
1565,الأهلي,2024-11-22T01:57:00,Your card ****7884 was declined at نون due to insufficient funds
1566,snb,2024-01-10T09:46:00,"سحب نقدي 83,598.89 SAR من الحساب ***877 بتاريخ 2024-01-10 الرصيد المتاح 63,912.85"
1567,riyad bank,2024-04-16T15:55:00,‏Your card ****5940 was declined at بنده due to insufficient funds‎
1568,snb,2024-05-27T15:16:00,خصم رسوم ٧.٦٥ AED على الحساب ***٧٧١ رقم العملية ٥٩٣٦٤٩٤٠٤
1569,alrajhi,2024-05-20T17:33:00,عزيزنا العميل تم تفعيل خدمة apple pay على حسابك ***976 للاستفسار اتصل على 966557384145
1570,snb,2024-10-28T08:52:00,"‏ATM withdrawal SAR 60,382.83 from account ***729 on 2024-10-28. Available balance SAR 251,233.41‎"
1571,الأهلي,2024-04-02T08:58:00,"سحب نقدي ٦٠,٥٦٥.٤٥ USD من الحساب ***٩٦٥ بتاريخ ٠٢/٠٤/٢٠٢٤ الرصيد المتاح ١٠٨,٣٦٦.٥٠"
1572,بنك الرياض,2024-05-20T02:56:00,"Bill payment USD 56,787.78 to نون succeeded. Fee USD 96.32. Ref 233036996"
1573,alrajhi,2024-06-01T13:49:00,"تم تحويل مبلغ 68,421.96 AED الى خالد العتيبي رقم المرجع 907086241 الرصيد 227,359.28"
1574,alrajhi,2024-12-11T11:17:00,Your OTP is 492464. Valid for 5 minutes. Do not share it with anyone
1575,riyad bank,2024-01-25T02:11:00,"Purchase of SAR 35,264.64 at صيدلية النهدي on card ending xxxx1357 on 25/01/2024 02:11. Available balance SAR 20,082.90"
1576,alrajhi,2024-01-13T14:06:00,رمز التحقق الخاص بك هو 704605 صالح لمدة 10 دقائق لا تشاركه مع احد
1577,الأهلي,2024-05-25T19:00:00,Your OTP is 323376. Valid for 15 minutes. Do not share it with anyone شكرا لك
1578,riyad bank,2024-02-06T02:48:00,عزيزنا العميل تم تفعيل خدمة المدفوعات الدولية على حسابك ***342 للاستفسار اتصل على 966554623191 thank you
1579,الراجحي,2024-10-25T01:41:00,"عملية شراء بمبلغ 51,489.45 USD لدى carrefour hyper بالبطاقة ****7833 بتاريخ 25/10/2024 الرصيد المتاح 189,616.64"
1580,الأهلي,2024-09-13T19:49:00,"سحب نقدي 85,536.47 USD من الحساب ***773 بتاريخ 2024-09-13 الرصيد المتاح 51,652.08"
1581,riyad bank,2024-05-04T12:13:00,Your card xxxx9004 was declined at هنقرستيشن due to insufficient funds
1582,بنك الرياض,2024-01-23T06:39:00,"Purchase of AED 1,726.50 at amazon.sa on card ending ****5826 on 23/01/2024 06:39. Available balance AED 415,610.25"
1583,riyad bank,2024-11-01T15:30:00,"عملية شراء بمبلغ ٤٥,٩٢٨.٥٨ USD لدى carrefour hyper بالبطاقة ****٤١٥٤ بتاريخ ٠١/١١/٢٠٢٤ الرصيد المتاح ٢٢٦,٨٣٦.٨٣"
1584,snb,2024-09-23T23:51:00,عزيزنا العميل تم تفعيل خدمة apple pay على حسابك ***657 للاستفسار اتصل على 966595562609
1585,بنك الرياض,2024-05-02T02:03:00,"Purchase of ر.س 58,086.08 at amazon.sa on card ending ****4116 on 02/05/2024 02:03. Available balance ر.س 322,680.38"
1586,snb,2024-02-20T07:00:00,"تم تحويل مبلغ 56,277.31 ر.س الى خالد العتيبي رقم المرجع 814084639 الرصيد 478,194.10"
1587,بنك الرياض,2024-03-08T12:14:00,"ATM  withdrawal SAR ٢,٠٧٨.٢٩ from account ***٤١٣ on ٠٨/٠٣/٢٠٢٤. Available balance SAR ٢٠,١٣٠.٧٣"
1588,snb,2024-07-29T21:18:00,"‏Salary of ر.س 65,763.98 credited to account ***846 on 2024-07-29‎"
1589,riyad bank,2024-06-25T11:37:00,Your  OTP is 35358. Valid for 15 minutes. Do not share it with anyone
1590,riyad bank,2024-01-13T17:02:00,خصم رسوم 81.16 ر.س على الحساب ***995 رقم العملية 132117170 thank you
1591,riyad bank,2024-07-09T06:00:00,"Bill payment ر.س 60,485.11 to starbucks succeeded. Fee ر.س 91.68. Ref 728792217 -بنك الرياض"
1592,بنك الرياض,2024-07-17T18:00:00,"عملية شراء بمبلغ 51,495.82 USD لدى carrefour hyper بالبطاقة ****1959 بتاريخ 17/07/2024 الرصيد المتاح 194,405.38"
1593,بنك الرياض,2024-04-25T07:39:00,"Dear  customer, service الحوالات الفورية was activated on account ***342. Call 966545504461 for help"
1594,الأهلي,2024-08-29T09:58:00,رمز التحقق الخاص بك هو 899975 صالح لمدة 5 دقائق لا تشاركه مع احد
1595,الراجحي,2024-09-23T12:16:00,خصم رسوم 97.13 SAR على الحساب ***689 رقم العملية 411727050
1596,بنك الرياض,2024-07-18T04:02:00,رمز التحقق الخاص بك هو 900205 صالح لمدة 10 دقائق لا تشاركه مع احد
1597,بنك الرياض,2024-09-17T17:10:00,رمز التحقق الخاص بك هو 203756 صالح لمدة 15 دقائق لا تشاركه مع احد
1598,riyad bank,2024-04-25T01:15:00,"Dear customer, service sms alerts was activated on account ***693. Call 966599349172 for help"
1599,alrajhi,2024-02-20T19:07:00,تم ايداع راتب بمبلغ 910.65 SAR في الحساب ***891 بتاريخ 2024-02-20
1600,الراجحي,2024-08-24T04:40:00,‏رمز التحقق الخاص بك هو 628585 صالح لمدة 10 دقائق لا تشاركه مع احد‎
1601,snb,2024-04-22T15:30:00,"Dear customer, service المدفوعات الدولية was activated on account ***٩٤٢. Call ٩"
1602,snb,2024-04-06T15:16:00,رمز التحقق الخاص بك هو 485441 صالح لمدة 5 دقائق لا تشاركه مع احد
1603,alrajhi,2024-09-17T22:46:00,"‏Transfer of SAR 62,972.26 to Ù†ÙˆØ±Ø© Ø§Ù„Ø´Ù…Ø±ÙŠ completed. Ref 353218086. Balance SAR 344,399.35‎"
1604,الراجحي,2024-08-01T02:42:00,"Purchase of AED 10,272.86 at هنقرستيشن on card ending ****7688 on 2024-08-01 02:42. Available balance AED 304,874.68"
1605,alrajhi,2024-01-30T18:20:00,رمز التحقق الخاص بك هو 915558 صالح لمدة 15 دقائق لا تشاركه مع احد
1606,riyad bank,2024-01-21T06:22:00,"عملية شراء بمبلغ 4,534.35 SAR لدى بنده بالبطاقة xxxx5871 بتاريخ 21/01/2024 الرصيد المتاح 3,400.10 شكرا لك"
1607,riyad bank,2024-08-07T05:37:00,"‏عملية شراء بمبلغ 15,501.13 USD لدى نون بالبطاقة xxxx2927 بتاريخ 2024-08-07 الرصيد المتاح 457,950.52‎"
1608,riyad bank,2024-11-01T23:47:00,"Transfer of USD ٧٥,٥٠٤.٤٧ to خالد العتيبي completed. Ref ٩٥٥٥٩٧٢٩٩. Balance USD ٣١٠,٢٦٦.٤٩"
1609,الأهلي,2024-09-13T23:05:00,"Transfer of USD 32,357.55 to acme trading llc completed. Ref 305645146. Balance USD 322,285.71"
1610,riyad bank,2024-01-27T16:57:00,"Bill payment SAR 37,134.23 to amazon.sa succeeded. Fee SAR 38.01. Ref 837035560"
1611,riyad bank,2024-10-15T23:05:00,"Transfer of ر.س 21,663.07 to sara a. completed. Ref 222961445. Balance ر.س 101,416.37"
1612,الراجحي,2024-09-27T08:59:00,Your OTP is 239595. Valid for 15 minutes. Do not share it with anyone
1613,الأهلي,2024-07-07T23:54:00,"Salary of SAR 18,317.37 credited to account ***250 on 07/07/2024 -riyad bank"
1614,snb,2024-09-21T18:26:00,"ATM withdrawal USD 18,816.22 from account ***250 on 2024-09-21. Available balance USD 394,539.90"
1615,الأهلي,2024-03-08T11:34:00,"Dear  customer, service apple pay was activated on account ***850. Call 966532080556 for help"
1616,riyad bank,2024-08-26T01:14:00,"تم ايداع راتب بمبلغ 42,574.60 USD في الحساب ***734 بتاريخ 2024-08-26"
1617,alrajhi,2024-06-10T12:20:00,خصم رسوم 13.73 AED على الحساب ***151 رقم العملية 318668224
1618,الراجحي,2024-12-13T01:47:00,عزيزنا Ø§Ù„Ø¹Ù…ÙŠÙ„ ØªÙ… ØªÙØ¹ÙŠÙ„ Ø®Ø¯Ù…Ø© Ø§Ù„Ù…Ø¯ÙÙˆØ¹Ø§Øª Ø§Ù„Ø¯ÙˆÙ„ÙŠØ© Ø¹Ù„Ù‰ حسابك ***761 للاستفسار اتصل على 966551905325
1619,الراجحي,2024-06-14T06:21:00,رمز التحقق الخاص بك هو 470457 صالح لمدة 10 دقائق لا تشاركه مع احد
1620,الراجحي,2024-09-22T03:51:00,Your OTP is 224576. Valid for 5 minutes. Do not share 
1621,riyad bank,2024-11-20T17:20:00,"‏Purchase  of AED 42,866.33 at بنده on card ending xxxx2724 on 20/11/2024 17:20. Available balance AED 20,134.41‎"
1622,snb,2024-05-20T13:58:00,"سحب نقدي 62,011.06 AED من الحساب ***939 بتاريخ 2024-05-20 الرصيد المتاح 240,714.94"
1623,بنك الرياض,2024-02-22T16:59:00,Your OTP is 532916. Valid for 10 minutes. Do not share it with anyone
1624,riyad bank,2024-03-21T02:01:00,"عملية شراء بمبلغ 52,496.31 SAR لدى amazon.sa بالبطاقة xxxx7655 بتاريخ 2024-03-21 الرصيد المتاح 227,115.86"
1625,riyad bank,2024-12-09T07:17:00,عزيزنا العميل تم تفعيل خدمة المدفوعات الدولية على حسابك ***629 للاستفسار اتصل على 966580337254
1626,snb,2024-12-09T02:50:00,Your card ****4919 was declined at صيدلية النهدي due to insufficient funds
1627,snb,2024-07-07T12:43:00,"Salary of SAR 51,210.88 credited to account ***728 on 07/07/2024"
1628,بنك الرياض,2024-07-26T16:56:00,"Transfer  of USD 8,744.93 to sara a. completed. Ref 137644501. Balance USD 138,235.69"
1629,riyad bank,2024-06-17T06:32:00,خصم  رسوم 75.82 USD على الحساب ***522 رقم العملية 171309792
1630,riyad bank,2024-01-21T07:47:00,‏Your card ****9658 was declined at صيدلية النهدي due to insufficient funds‎
1631,alrajhi,2024-06-16T00:37:00,"Purchase  of ر.س 28,155.43 at carrefour hyper on card ending ****7858 on 2024-06-16 00:37. Available balance ر.س 281,962.80"
1632,الأهلي,2024-10-04T11:20:00,"Salary of AED 73,987.45 credited to account ***159 on 2024-10-04"
1633,الأهلي,2024-01-18T08:50:00,خصم رسوم 91.52 ر.س على الحساب ***690 رقم العملية 583
1634,بنك الرياض,2024-04-20T09:36:00,"Dear customer, service المدفوعات الدولية was activated on account ***901. Call 966571519070 for help thank you"
1635,الأهلي,2024-05-31T09:48:00,Your card xxxx7443 was declined at ØµÙŠØ¯Ù„ية النهدي due to in
1636,الأهلي,2024-10-16T17:10:00,خصم رسوم 98.56 ر.س على الحساب ***122 رقم العملية 398697913
1637,الراجحي,2024-11-10T04:50:00,"عملية شراء بمبلغ 44,956.84 USD لدى amazon.sa بالبطاقة xxxx9527 بتاريخ 2024-11-10 الرصيد المتاح 315,748.06"
1638,بنك الرياض,2024-08-16T11:18:00,عزيزنا العميل تم تفعيل خدمة apple pay على حسابك ***٤٣٣ للاستفسار اتصل على ٩٦٦٥٣٦١٣٧٩٩٠
1639,snb,2024-01-11T21:27:00,"Bill payment USD 78,098.76 to بنده succeeded. Fee USD 48.15. Ref 407013000"
1640,الراجحي,2024-02-16T00:32:00,"‏Dear customer, service المدفوعات الدولية was activated on account ***178. Call 966586783054 for help‎"
1641,alrajhi,2024-07-12T00:31:00,"Transfer of AED 16,427.82 to mohammed ali completed. Ref 508121814. Balance AED 419,878.84"
1642,بنك الرياض,2024-02-27T14:09:00,خصم رسوم 31.35 ر.س على الحساب ***312 رقم العملية 630337902
1643,snb,2024-07-01T15:51:00,"Bill  payment USD ٢٣,٦٥٩.٣٥ to صيدلية النهدي succeeded. Fee USD ٥١.١٣. Ref ٣٨٧٨١٦٧٠٧"
1644,riyad bank,2024-08-26T02:16:00,"سحب نقدي 64,532.96 ر.س من الحساب ***989 بتاريخ 26/08/2024 الرصيد "
1645,الراجحي,2024-05-17T01:10:00,"Transfer of ر.س 71,705.60 to نورة الشمري completed. Ref 383473910. Balance ر.س 291,610.44"
1646,alrajhi,2024-07-25T08:40:00,"ATM withdrawal SAR 3,973.68 from account ***807 on 2024-07-25. Available b"
1647,snb,2024-11-13T13:37:00,رمز التحقق الخاص بك هو 753498 صالح لمدة 5 دقائق لا تشاركه مع احد
1648,الأهلي,2024-05-30T22:49:00,"عملية شراء بمبلغ 30,799.80 AED لدى نون بالبطاقة xxxx4374 بتاريخ 2024-05-30 الرصيد المتاح 384,470.88"
1649,alrajhi,2024-11-19T18:56:00,رمز Ø§Ù„ØªØ­Ù‚Ù‚ Ø§Ù„Ø®Ø§Øµ Ø¨Ùƒ Ù‡Ùˆ 252142 ØµØ§Ù„Ø­ لمدة 15 دقائق
1650,riyad bank,2024-10-26T16:49:00,عزيزنا العميل تم تفعيل خدمة الحوالات الفورية على حسابك ***248 للاستفسار اتصل على 966562219651
1651,الأهلي,2024-05-19T20:07:00,"عملية  شراء بمبلغ 82,247.53 USD لدى هنقرستيشن بالبطاقة xxxx8991 بتاريخ 2024-05-19 الرصيد المتاح 461,361.86"
1652,بنك الرياض,2024-10-16T20:52:00,"Transfer of USD 80,800.08 to acme trading llc completed. Ref 500917112. Balance USD 374,671.38"
1653,riyad bank,2024-11-29T14:43:00,"تم ايداع راتب بمبلغ 77,786.45 USD في الحساب ***260 بتاريخ 2024-11-29"
1654,بنك الرياض,2024-04-21T07:45:00,"Transfer of USD 48,465.78 to Ø®Ø§Ù„Ø¯ Ø§Ù„Ø¹ØªÙŠØ¨ÙŠ completed. Ref 896874687. Balance USD 154,103.98"
1655,الراجحي,2024-12-01T17:01:00,"عملية شراء بمبلغ 1,684.86 ر.س لدى صيدلية النهدي بالبطاقة ****5096 بتاريخ 01/12/2024 الرصيد المتاح 437,728.66"
1656,alrajhi,2024-03-05T10:07:00,"Bill payment AED 51,855.05 to بنده succeeded. Fee AED 6.49. Ref 671236175"
1657,بنك الرياض,2024-12-06T08:48:00,‏خصم  رسوم 31.82 AED على الحساب ***130 رقم العملية 400334828‎
1658,الأهلي,2024-03-24T22:43:00,"سحب نقدي 78,632.93 AED من الحساب ***301 بتاريخ 2024-03-24 الرصيد المتاح 378,403.66"
1659,snb,2024-05-17T16:40:00,‏Your  OTP is 221550. Valid for 5 minutes. Do not share it with anyone‎
1660,بنك الرياض,2024-08-06T18:39:00,"‏Purchase  of USD 80,935.23 at starbucks on card ending xxxx8407 on 2024-08-06 18:39. Available balance USD 225,476.45‎"
1661,alrajhi,2024-01-08T16:30:00,"Bill payment SAR 11,998.33 to starbucks succeeded. Fee SAR 57.95. Ref 704300352"
1662,snb,2024-06-28T18:32:00,"‏Dear  customer, service sms alerts was activated on account ***968. Call 966534119756 for help‎"
1663,الراجحي,2024-10-23T14:45:00,Your OTP is 577594. Valid for 10 minutes. Do not share it with anyone
1664,riyad bank,2024-06-30T12:29:00,"تم تحويل مبلغ 6,562.16 ر.س الى نورة الشمري رقم المرجع 909595859 الرصيد 472,837.43"
1665,snb,2024-09-21T05:31:00,Your  OTP is 22156. Valid for 10 minutes. Do not share it with anyone
1666,riyad bank,2024-05-31T07:03:00,‏Your card xxxx2396 was declined at هنقرستيشن due to insufficient funds‎
1667,alrajhi,2024-05-11T22:40:00,"Transfer of SAR 46,766.99 to acme trading llc completed. Ref 727132814. Balance SAR 59,491.54"
1668,الراجحي,2024-05-31T19:56:00,Your OTP is 808524. Valid for 10 minutes. Do not share it with anyone
1669,snb,2024-02-17T10:30:00,"تم ايداع راتب بمبلغ 87,036.31 SAR في الحساب ***804 بتاريخ 2024-02-17"
1670,alrajhi,2024-10-29T08:46:00,Your  OTP is 730268. Valid for 5 minutes. Do not share it with anyone
1671,بنك الرياض,2024-05-21T15:46:00,"Dear customer, service apple pay was activated on account ***674. Call 966546512327 for help"
1672,بنك الرياض,2024-04-23T04:15:00,"Dear customer, service المدفوعات الدولية was activated on account ***341. Call 966539135660 for help"
1673,alrajhi,2024-06-08T17:52:00,"تم تحويل مبلغ 38,369.60 ر.س الى mohammed ali رقم المرجع 463241426 الرصيد 422,800.16"
1674,الراجحي,2024-07-08T03:48:00,رمز التحقق الخاص بك هو 111003 صالح لمدة 10 دقائق لا تشاركه مع احد
1675,riyad bank,2024-06-28T07:09:00,خصم  رسوم 26.35 ر.س على الحساب ***463 رقم العملية 991397868
1676,الأهلي,2024-05-14T04:53:00,"Transfer of SAR 67,718.21 to sara a. completed. Ref 317959719. Balance SAR 266,223.70"
1677,alrajhi,2024-11-04T19:28:00,"Transfer of USD 84,330.43 to acme trading llc completed. Ref 619145328. Balance USD 365,424.72"
1678,snb,2024-10-26T01:22:00,"ATM withdrawal AED 74,466.30 from account ***581 on 26/10/2024. Available balance AED 151,404.50"
1679,الراجحي,2024-10-15T02:05:00,"Dear customer, service sms alerts was activated on account ***966. Call 966595976269 for help"
1680,snb,2024-05-26T11:13:00,"تم تحويل مبلغ 53,564.47 ر.س الى acme trading llc رقم المرجع 804649362 الرصيد 271,099.25 شكرا لك"
1681,riyad bank,2024-05-14T04:26:00,"سحب نقدي 80,229.41 AED من الحساب ***736 بتاريخ 2024-05-14 الرصيد المتاح 214,338.36"
1682,snb,2024-06-22T23:51:00,"تم تحويل مبلغ 14,162.96 AED الى نورة الشمري رقم المرجع 973326025 الرصيد 350,293.38"
1683,alrajhi,2024-08-06T07:09:00,"تم ايداع راتب بمبلغ 63,070.54 SAR في الحساب ***315 بتاريخ 2024-08-06"
1684,الأهلي,2024-08-11T20:18:00,"Salary of SAR 39,956.20 credited to account ***282 on 2024-08-11 -بنك الرياض"
1685,الراجحي,2024-12-09T08:41:00,"تم ايداع راتب بمبلغ 9,104.58 AED في الحساب ***247 بتاريخ 09/12/2024"
1686,الراجحي,2024-07-22T23:20:00,عزيزنا العميل تم تفعيل خدمة الحوالات الفورية على حسابك ***٥٨٣ للاستفسار اتصل على ٩٦٦٥٢٦٥٨٤٠٦٨
1687,snb,2024-09-12T04:33:00,"سحب نقدي 10,254.00 ر.س من الحساب ***732 بتاريخ 2024-09-12 الرصيد المتاح 147,826.07"
1688,الأهلي,2024-08-20T11:47:00,"Salary of ر.س 26,074.86 credited to account ***967 "
1689,alrajhi,2024-10-25T09:30:00,عزيزنا العميل تم تفعيل خدمة المدفوعات الدولية على حسابك ***710 للاستفسار اتصل على 966599517464
1690,بنك الرياض,2024-08-12T13:46:00,"سحب  Ù†Ù‚Ø¯ÙŠ 50,200.86 Ø±.Ø³ Ù…Ù† Ø§Ù„Ø­Ø³Ø§Ø¨ ***838 Ø¨ØªØ§ريخ 12/08/2024 الرصيد المتاح 187,200.03"
1691,snb,2024-03-04T01:48:00,"Bill  payment ر.س 76,259.94 to هنقرستيشن succeeded. Fee ر.س 73.78. Ref 827419657"
1692,snb,2024-06-12T09:26:00,"Bill payment AED 19,704.14 to نون succeeded. Fee AED 58.65. Ref 339703864"
1693,snb,2024-04-12T20:14:00,Your card ****7916 was declined at starbucks due to insufficient funds
1694,riyad bank,2024-05-28T23:39:00,"عملية شراء بمبلغ 16,274.42 AED لدى بنده بالبطاقة ****4470 بتاريخ 28/05/2024 الرصيد المتاح 121,567.01"
1695,snb,2024-07-29T15:58:00,رمز التحقق الخاص بك هو 544666 صالح لمدة 15 دقائق لا تشاركه مع احد
1696,الأهلي,2024-07-19T17:58:00,"تم ايداع راتب بمبلغ 19,897.05 USD في الحساب ***728 بتاريخ 2024-07-19"
1697,الراجحي,2024-01-24T05:32:00,"تم ايداع راتب بمبلغ 69,305.27 SAR في الحساب ***389 بتاريخ 2024-01-24 -الراجحي"
1698,الأهلي,2024-02-20T08:19:00,عزيزنا العميل تم تفعيل خدمة المدفوعات الدولية على حسابك ***422 للاستفسار اتصل على 966596843578
1699,alrajhi,2024-08-27T02:34:00,"Salary of USD 11,870.84 credited to account ***463 on 2024-08-27"
1700,بنك الرياض,2024-06-28T23:27:00,"‏تم تحويل مبلغ 69,099.79 USD الى خالد العتيبي رقم المرجع 411806223 الرصيد 51,798.97‎ -الأهلي"
1701,بنك الرياض,2024-10-16T02:15:00,"تم تحويل مبلغ 70,576.35 AED الى sara a. رقم المرجع 729639275 الرصيد 212,375.17"
1702,riyad bank,2024-12-08T16:09:00,"عملية شراء بمبلغ 8,820.95 USD لدى نون بالبطاقة xxxx1081 بتاريخ 2024-12-08 الرصيد المتاح 398,906.36 شكرا لك"
1703,الأهلي,2024-07-25T06:41:00,"سحب نقدي 17,759.05 AED من الحساب ***254 بتاريخ 2024-07-25 الرصيد "
1704,snb,2024-06-10T15:05:00,"Bill  payment ر.س 17,647.09 to starbucks succeeded. Fee ر.س 2.32. Ref 846992263"
1705,alrajhi,2024-01-13T03:14:00,رمز التحقق الخاص بك هو 60119 صالح لمدة 10 دقائق لا تشاركه مع احد
1706,snb,2024-07-27T10:02:00,"Dear customer, service الحوالات الفورية was activated on account ***825. Call 966581121227 for help"
1707,alrajhi,2024-10-22T15:13:00,"Purchase of ر.س 83,569.53 at نون on card ending xxxx1070 on 2024-10-22 15:13. Available balance ر.س 359,294.81"
1708,alrajhi,2024-07-19T01:45:00,"Salary of AED 5,995.28 credited to account ***759 on 2024-07-19"
1709,الأهلي,2024-05-31T06:38:00,عزيزنا  العميل تم تفعيل خدمة apple pay على حسابك ***800 للاستفسار اتصل على 966572953720
1710,snb,2024-10-29T04:16:00,"تم تحويل مبلغ 46,099.78 ر.س الى sara a. رقم المرجع 467106792 الرصيد 420,721.66"
1711,الراجحي,2024-05-17T23:10:00,"Purchase  of AED 81,683.31 at صيدلية النهدي on card ending xxxx1358 on 17/05/2024 23:10. Available balance AED 100,732.28"
1712,الأهلي,2024-03-23T05:59:00,"عملية شراء بمبلغ 39,854.02 USD لدى amazon.sa بالبطاقة ****4390 بتاريخ 23/03/2024 الرصيد المتاح 47,887.10"
1713,alrajhi,2024-05-19T00:01:00,رمز التحقق الخاص بك هو 959576 صالح لمدة 15 دقائق لا تشاركه مع احد
1714,riyad bank,2024-09-04T16:15:00,عزيزنا  العميل تم تفعيل خدمة المدفوعات الدولية على حسابك ***663 للاستفسار اتصل على 966593468030
1715,الأهلي,2024-11-12T03:04:00,"Salary of AED 69,706.04 credited to account ***469 on 12/11/2024"
1716,alrajhi,2024-05-26T23:31:00,"Transfer of USD 8,957.02 to acme trading llc completed. Ref 825303593. Balance USD 445,120.01"
1717,بنك الرياض,2024-08-30T07:52:00,"سحب  نقدي 70,184.98 AED من الحساب ***182 بتاريخ 2024-08-30 الرصيد المتاح 265,954.64"
1718,الأهلي,2024-01-31T17:05:00,رمز التحقق الخاص بك هو 908866 صالح لمدة 5 دقائق لا تشاركه مع احد
1719,riyad bank,2024-05-02T10:09:00,"ATM withdrawal USD 57,724.16 from account ***871 on 2024-05-02. Available ba"
1720,بنك الرياض,2024-03-07T14:04:00,"‏تم ايداع راتب بمبلغ 49,680.69 ر.س في الحساب ***488 بتاريخ 2024-03-07‎"
1721,الأهلي,2024-10-12T01:18:00,خصم Ø±Ø³ÙˆÙ… 43.13 AED Ø¹Ù„Ù‰ Ø§Ù„Ø­Ø³Ø§Ø¨ ***408 رقم العملية 858108897
1722,الراجحي,2024-12-12T15:23:00,"عملية شراء بمبلغ 30,078.80 AED لدى صيدلية النهدي بالبطاقة ****8953 بتاريخ 12/12/2024 الرصيد المتاح 276,936.05 شكرا لك"
1723,الأهلي,2024-05-14T10:11:00,"تم ايداع راتب بمبلغ 17,635.98 ر.س في الحساب ***619 بتاريخ 14/05/2024"
1724,الأهلي,2024-06-17T03:43:00,"Transfer of ر.س ١٤,٢٨٩.٠٢ to mohammed ali completed. Ref ٨٢٦٩٧٥٤٢٩. Balance ر.س ٢٠٣,٠١٧.٦٩"
1725,بنك الرياض,2024-01-13T22:46:00,"تم ايداع راتب بمبلغ 55,935.11 ر.س في الحساب ***751 بتاريخ 2024-01-13"
1726,بنك الرياض,2024-02-08T17:45:00,خصم  رسوم 95.53 USD على الحساب ***972 رقم العملية 562363971
1727,riyad bank,2024-07-17T23:26:00,"Dear customer, service apple pay was activated on account ***291. Call 966541115284 for help"
1728,riyad bank,2024-05-21T03:30:00,"تم  تحويل مبلغ ٥٥,٨٧٠.٩٧ AED الى خالد العتيبي رقم المرجع ٧٢١٣٨٦٨٨٥ الرصيد ٤٢٨,٢٥٨.٠٣"
1729,snb,2024-03-12T13:50:00,"Salary of ر.س 88,128.00 credited to account ***920 on 2024-03-12"
1730,الراجحي,2024-08-15T10:31:00,خصم  رسوم 7.44 SAR على الحساب ***742 رقم العملية 236481435
1731,alrajhi,2024-07-11T23:59:00,"Dear customer, service sms alerts was activated on account ***571. Call 966580395804 for help"
1732,الأهلي,2024-07-31T15:04:00,عزيزنا العميل تم تفعيل خدمة المدفوعات الدولية على حسابك ***740 للاستفسار اتصل على 966588534211
1733,الراجحي,2024-06-10T03:51:00,خصم رسوم 38.28 SAR على الحساب ***983 رقم العملية 996994956
1734,الأهلي,2024-06-21T14:42:00,"سحب Ù†Ù‚Ø¯ÙŠ 46,145.33 USD Ù…Ù† Ø§Ù„Ø­Ø³Ø§Ø¨ ***692 Ø¨ØªØ§ريخ 2024-06-21 الرصيد المتاح 454,165.90"
1735,الأهلي,2024-01-03T22:03:00,"Dear customer, service sms alerts was activated on account ***955. Call 966590918202 for help"
1736,الراجحي,2024-02-18T00:20:00,"Bill payment USD 68,940.03 to jarir bookstore succeeded. Fee USD 98.08. Ref 392697269"
1737,الأهلي,2024-01-25T21:39:00,"‏Salary of USD 32,282.52 credited to account ***863 on 25/01/2024‎"
1738,riyad bank,2024-09-18T06:46:00,عزيزنا العميل تم تفعيل خدمة الحوالات الفورية على حسابك ***114 للاستفسار اتصل على 966540414177
1739,الأهلي,2024-10-02T09:08:00,"تم تحويل مبلغ 67,488.93 USD الى mohammed ali رقم المرجع 526166647 "
1740,بنك الرياض,2024-11-19T09:53:00,"ATM withdrawal AED ٧٦,١٠٥.٧٤ from account ***٦٧٢ on ١٩/١١/٢٠٢٤. Available balance AED ٣٥٧,٤١٧.٤١"
1741,الأهلي,2024-07-20T05:50:00,خصم رسوم 73.57 AED على الحساب ***612 رقم العملية 461243380 شكرا لك
1742,بنك الرياض,2024-10-06T11:41:00,"Purchase of SAR 6,160.39 at هنقرستيشن on card ending ****6845 on 06/10/2024 11:41. Available balance SAR 302,831.16"
1743,snb,2024-07-05T20:12:00,‏Your card xxxx3171 was declined at بنده due to insuf
1744,snb,2024-02-04T18:50:00,"عملية Ø´Ø±Ø§Ø¡ Ø¨Ù…Ø¨Ù„Øº 70,992.94 AED Ù„Ø¯Ù‰ Ù‡Ù†Ù‚Ø±Ø³ØªÙŠØ´Ù† Ø¨Ø§Ù„Ø¨Ø·Ø§Ù‚Ø© ****8576 بتاريخ 2024-02-04 الرصيد المتاح 127,391.62"
1745,riyad bank,2024-05-29T08:24:00,"Bill  payment AED 33,588.36 to amazon.sa succeeded. Fee AED 9.34. Ref 879500118"
1746,riyad bank,2024-03-12T00:31:00,"ATM withdrawal SAR 55,553.49 from account ***259 on 12/03/2024. Available balance SAR 226,426.80"
1747,الأهلي,2024-01-29T14:30:00,رمز التحقق الخاص بك هو 552705 صالح لمدة 5 دقائق لا تشاركه مع احد
1748,الراجحي,2024-11-12T22:39:00,"‏ATM  withdrawal AED 14,663.34 from account ***581 on 2024-11-12. Available balance AED 244,144.49‎"
1749,بنك الرياض,2024-05-08T03:50:00,"تم تحويل مبلغ 51,121.32 ر.س الى mohammed ali رقم المرجع 326136108 الرصيد 303,226.80"
1750,alrajhi,2024-07-31T05:56:00,"Salary of AED 59,067.07 credited to account ***907 on 2024-07-31"
1751,riyad bank,2024-06-22T05:16:00,"سحب  نقدي 10,686.99 AED من الحساب ***762 بتاريخ 2024-06-22 الرصيد المتاح 378,264.92 thank you"
1752,الراجحي,2024-01-19T05:29:00,خصم  رسوم 44.28 AED على الحساب ***312 رقم العملية 178768932
1753,snb,2024-02-02T12:10:00,"Salary of SAR 54,930.72 credited to account ***728 on 02/02/2024"
1754,snb,2024-01-21T17:44:00,عزيزنا العميل تم تفعيل خدمة apple pay على حسابك ***885 للاستفسار اتصل على 966579539699
1755,بنك الرياض,2024-07-13T06:32:00,"ATM withdrawal AED 8,655.75 from account ***828 on 13/07/2024. Available balance AED 394,145.44"
1756,بنك الرياض,2024-03-09T07:04:00,رمز Ø§Ù„ØªØ­Ù‚Ù‚ Ø§Ù„Ø®Ø§Øµ Ø¨Ùƒ Ù‡Ùˆ 324734 ØµØ§Ù„Ø­ لمدة 10 دقائق لا تشاركه مع احد
1757,بنك الرياض,2024-04-25T17:24:00,"ATM withdrawal USD 26,036.66 from account ***487 on 25/04/2024. Available balance USD 420,978.83"
1758,snb,2024-08-06T15:48:00,"Purchase of USD ٤٢,٥٩٧.٥٨ at starbucks on card ending ****٧٦٨٣ on ٢٠٢٤-٠٨-٠٦ ١٥:٤٨. Available balance USD ١٦٨,٤٨٨.٥٥"
1759,riyad bank,2024-08-21T13:52:00,"ATM  withdrawal ر.س 33,773.23 from account ***773 on 21/08/2024. Available balance ر.س 132,546.45"
1760,الراجحي,2024-11-25T05:47:00,رمز التحقق الخاص بك هو 345530 صالح لمدة 5 دقائق لا تشاركه مع احد
1761,snb,2024-10-25T11:38:00,"Transfer of ر.س 59,292.47 to acme trading llc completed. Ref 924981796. Balance ر.س 310,114.93"
1762,الراجحي,2024-07-31T22:56:00,رمز التحقق الخاص بك هو 334661 صالح لمدة 15 دقائق لا تشاركه مع احد
1763,snb,2024-06-22T12:11:00,خصم  رسوم 30.09 AED على الحساب ***616 رقم العملية 993339489
1764,riyad bank,2024-02-21T05:25:00,"تم ØªØ­ÙˆÙŠÙ„ Ù…Ø¨Ù„Øº 35,473.75 USD Ø§Ù„Ù‰ acme trading llc رقم المرجع 307815591 الرصيد 398,552.13"
1765,riyad bank,2024-04-03T06:14:00,"Purchase of SAR 10,570.14 at نون on card ending xxxx7009 on 03/04/2024 06:14. Available balance SAR 187,475.44"
1766,بنك الرياض,2024-01-01T13:21:00,Your  OTP is 183916. Valid for 5 minutes. Do not share it with anyone
1767,الراجحي,2024-08-18T13:47:00,رمز التحقق الخاص بك هو 812693 صالح لمدة 10 دقائق لا تشاركه مع احد
1768,alrajhi,2024-11-22T12:16:00,‏رمز  Ø§Ù„ØªØ­Ù‚Ù‚ Ø§Ù„Ø®Ø§Øµ Ø¨Ùƒ Ù‡Ùˆ 502122 ØµØ§Ù„Ø­ لمدة 10 دقائق لا تشاركه مع احد‎
1769,الراجحي,2024-07-08T23:52:00,Your OTP is 821170. Valid for 5 minutes. Do not share it with anyone
1770,alrajhi,2024-06-25T00:12:00,"عملية  شراء بمبلغ 66,506.73 USD لدى starbucks بالبطاقة xxxx5563 بتاريخ 2024-06-25 الرصيد المتاح 59,686.84"
1771,alrajhi,2024-11-29T04:59:00,"عملية شراء بمبلغ 62,300.04 AED لدى صيدلية النهدي بالبطاقة ****8042 بتاريخ 29/11/2024 الرصيد المتاح 27,349.39"
1772,بنك الرياض,2024-01-13T23:20:00,"تم تحويل مبلغ 84,892.31 USD الى acme trading llc رقم المرجع 411010636 الرصيد 108,349.05"
1773,snb,2024-04-14T04:59:00,Your card xxxx3926 was declined at amazon.sa due to insu
1774,snb,2024-05-31T16:02:00,"Salary  of ر.س 7,182.03 credited to account ***209 on 31/05/2024"
1775,alrajhi,2024-04-10T19:50:00,"Salary of ر.س 33,481.87 credited to account ***956 on 10/04/2024"
1776,alrajhi,2024-06-22T01:49:00,خصم رسوم 47.73 AED على الحساب ***835 رقم العملية 968984375
1777,snb,2024-02-14T11:00:00,‏خصم رسوم 85.33 AED على الحساب ***581 رقم العملية 146414564‎
1778,riyad bank,2024-05-06T09:48:00,"Purchase of SAR 72,397.81 at صيدلية النهدي on card ending xxxx6380 on 06/05/2024 09:48. Available balance SAR 171,609.28"
1779,riyad bank,2024-08-11T13:35:00,رمز التحقق الخاص بك هو 299970 صالح لمدة 10 دقائق لا تشاركه مع احد -alrajhi
1780,الراجحي,2024-10-29T18:37:00,"Bill payment USD 81,726.40 to هنقرستيشن succeeded. Fee USD 86.25. Ref 315199453"
1781,alrajhi,2024-07-07T06:27:00,"عملية شراء بمبلغ 32,648.29 USD لدى هنقرستيشن بالبطاقة ****9883 بتاريخ 07/07/2024 الرصيد المتاح 10,403.34"
1782,snb,2024-03-27T23:01:00,"ATM withdrawal ر.س 89,688.59 from account ***771 on 2024-03-27. Available balance ر.س 484,578.09"
1783,riyad bank,2024-06-08T04:22:00,"‏Bill payment AED 1,329.44 to هنقرستيشن succeeded. Fee AED 64.33. Ref 500476377‎"
1784,alrajhi,2024-10-23T11:18:00,"Salary of AED 22,836.18 credited to account ***977 on 2024-10-23"
1785,بنك الرياض,2024-03-18T11:10:00,‏عزيزنا العميل تم تفعيل خدمة المدفوعات الدولية على حسابك ***136 للاستفسار اتصل على 966581620848‎
1786,riyad bank,2024-10-03T14:30:00,"عملية شراء بمبلغ 61,532.95 SAR لدى صيدلية النهدي بالبطاقة xxxx6609 بتاريخ 03/10/2024 الرصيد المتاح 247,937.57"
1787,الراجحي,2024-10-30T21:43:00,Your card xxxx6849 was declined at amazon.sa due to insu
1788,الراجحي,2024-05-07T16:13:00,Your card xxxx2172 was declined at هنقرستيشن due to insufficient funds
1789,snb,2024-09-27T20:59:00,"ATM  withdrawal SAR 29,569.15 from account ***938 on 2024-09-27. Available balance SAR 388,724.98"
1790,الأهلي,2024-01-12T02:25:00,"Transfer of SAR 16,946.92 to نورة الشمري completed. Ref 731407802. Bal"
1791,snb,2024-01-11T02:19:00,رمز التحقق الخاص بك هو ٧٤٢٥٧٧ صالح لمدة ١٥ دقائق لا تشاركه مع احد
1792,alrajhi,2024-07-17T13:05:00,"‏سحب نقدي 54,058.21 USD من الحساب ***704 بتاريخ 2024-07-17 الرصيد المتاح 329,893.17‎"
1793,riyad bank,2024-03-21T05:06:00,"تم تحويل مبلغ 10,236.16 ر.س الى sara a. رقم المرجع 859966443 الرصيد 20,420.32"
1794,الأهلي,2024-07-11T11:46:00,"عملية شراء بمبلغ 54,598.77 ر.س لدى هنقرستيشن بالبطاقة ****9252 بتاريخ 2024-07-11 الرصيد المتاح 476,847.77"
1795,alrajhi,2024-07-18T04:38:00,"سحب نقدي 71,409.24 AED من الحساب ***619 بتاريخ 18/07/2024 الرصيد المتاح 81,949.06"
1796,riyad bank,2024-05-13T12:16:00,"Bill payment AED 30,209.18 to بنده succeeded. Fee AED 44.01. Ref 565928027"
1797,الراجحي,2024-05-25T02:14:00,"Transfer of AED 77,221.38 to acme trading llc completed. Ref 951908559. Balance AED 290,025.38"
1798,alrajhi,2024-04-28T12:26:00,خصم رسوم 30.93 USD على الحساب ***977 رقم العملية 991094303
1799,alrajhi,2024-10-12T21:02:00,"Dear customer, service sms alerts was activated on account ***165. Call 966596009637 for help"
1800,الأهلي,2024-10-30T12:09:00,"عملية شراء بمبلغ 85,605.58 AED لدى صيدلية النهدي بالبطاقة xxxx8700 بتاريخ 30/10/2024 الرصيد المتاح 308,454.23"
1801,alrajhi,2024-02-01T06:03:00,خصم رسوم 71.91 SAR على الحساب ***134 رقم العملية 316824316
1802,snb,2024-05-16T14:20:00,"Purchase of USD ٤٠,٤٩٥.١٩ at هنقرستيشن on card ending ****٤٨٨٠ on ٢٠٢٤-٠٥-١٦ ١٤:٢٠. Available balance USD ٤٢,٦٣٩.٦٢"
1803,snb,2024-11-13T11:12:00,"عملية شراء بمبلغ 46,732.65 AED لدى jarir bookstore بالبطاقة xxxx3928 بتاريخ 2024-11-13 الرصيد المتاح 133,210.87"
1804,بنك الرياض,2024-06-21T11:19:00,"ATM withdrawal ر.س 10,079.39 from account ***107 on 2024-06-21. Available balance ر.س 335,546.19"
1805,riyad bank,2024-10-19T09:03:00,"سحب نقدي 12,106.70 SAR من الحساب ***262 بتاريخ 19/10/2024 الرصيد المتاح 416,745.80"
1806,الراجحي,2024-09-16T18:53:00,خصم  رسوم 56.93 SAR على الحساب ***869 رقم العمل
1807,snb,2024-07-27T23:24:00,"Transfer of SAR 82,515.01 to خالد العتيبي completed. Ref 277412246. Balance SAR 452,996.02"
1808,alrajhi,2024-07-17T00:16:00,خصم رسوم 65.89 SAR على الحساب ***121 رقم العملية 818235703
1809,alrajhi,2024-05-24T01:46:00,‏Your OTP is 146086. Valid for 15 minutes. Do not share it with anyone‎ thank you
1810,snb,2024-03-07T03:49:00,رمز التحقق الخاص بك هو ١٣٤٦١١ صالح لمدة ١٠ دقائق لا تشاركه مع احد
1811,snb,2024-03-10T10:45:00,Your card ****1337 was declined at starbucks due to insufficient funds شكرا لك
1812,alrajhi,2024-01-20T05:50:00,"عملية  Ø´Ø±Ø§Ø¡ Ø¨Ù…Ø¨Ù„Øº 78,907.54 Ø±.Ø³ Ù„Ø¯Ù‰ carrefour hyper Ø¨Ø§Ù„Ø¨Ø·Ø§Ù‚ة xxxx4638 بتاريخ 20/01/2024 الرصيد المتاح 411,157.76 شكرا لك"
1813,alrajhi,2024-07-28T13:28:00,خصم رسوم 9.81 AED على الحساب ***386 رقم العملية 315956596
1814,الراجحي,2024-06-03T12:09:00,خصم رسوم 22.14 USD على الحساب ***243 رقم العملية 815197085
1815,alrajhi,2024-04-07T04:22:00,"ATM withdrawal SAR 39,381.87 from account ***156 on 2024-04-07. Available balance SAR 117,617.92"
1816,الأهلي,2024-11-20T05:40:00,"ATM withdrawal ر.س 61,271.50 from account ***955 on 20/11/2024. Available balance ر.س 202,280.88"
1817,riyad bank,2024-01-21T05:13:00,"Bill payment AED 58,551.88 to نون succeeded. Fee AED 63.07"
1818,alrajhi,2024-01-11T12:22:00,"‏تم ايداع راتب بمبلغ 66,538.06 ر.س في الحساب ***641 بتاريخ 2024-01-11‎"
1819,الراجحي,2024-02-14T15:00:00,عزيزنا العميل تم تفعيل خدمة المدفوعات الدولية على حسابك ***902 للاستفسار اتصل على 966559170993
1820,بنك الرياض,2024-06-05T13:37:00,"Transfer of AED 9,895.54 to نورة الشمري completed. Ref 358353918. Balance AED 34,003.49"
1821,الأهلي,2024-07-31T18:30:00,رمز التحقق الخاص بك هو 469390 صالح لمدة 5 دقائق لا تشاركه مع احد
1822,الأهلي,2024-07-23T08:35:00,"Dear customer, service sms alerts was activated on account ***233. Call 96"
1823,riyad bank,2024-06-20T19:11:00,"تم تحويل مبلغ 65,388.42 SAR الى mohammed ali رقم المرجع 687048406 الرصيد 247,229.55"
1824,الراجحي,2024-06-22T21:48:00,"عملية  شراء بمبلغ 41,172.11 AED لدى نون بالبطاقة xxxx2492 بتاريخ 2024-06-22 الرصيد المتاح 385,147.92"
1825,alrajhi,2024-11-15T21:54:00,عزيزنا العميل تم تفعيل خدمة apple pay على حسابك ***762 للاستفسار اتصل على 966596525335 thank you
1826,alrajhi,2024-09-08T02:56:00,"Purchase of SAR 82,547.33 at amazon.sa on card ending ****4678 on 08/09/2024 02:56. Available balance SAR 243,563.00"
1827,الأهلي,2024-01-19T19:44:00,رمز التحقق الخاص بك هو 756315 صالح لمدة 5 دقائق لا تشاركه مع احد
1828,alrajhi,2024-09-15T17:33:00,"Dear customer, service المدفوعات الدولية was activated on account ***815. Call 966572731858 for help"
1829,riyad bank,2024-11-27T02:48:00,"تم تحويل مبلغ 85,472.26 AED الى خالد العتيبي رقم المرجع 431063345 الرصيد 334,868.48"
1830,alrajhi,2024-06-12T12:07:00,Your card ****9811 was declined at صيدلية النهدي due to insufficient funds
1831,alrajhi,2024-02-06T00:59:00,‏Your card xxxx2663 was declined at هنقرستيشن due to insufficient funds‎
1832,بنك الرياض,2024-05-18T20:14:00,عزيزنا العميل تم تفعيل خدمة الحوالات الفورية على حسابك ***334 للاستفسار اتصل على 966513363207 thank you
1833,riyad bank,2024-07-31T05:46:00,"Bill payment AED 68,258.84 to هنقرستيشن succeeded. Fee AED 69.91. Ref 667854705"
1834,alrajhi,2024-06-04T03:26:00,‏Your OTP is 908758. Valid for 10 minutes. Do not share it with anyone‎
1835,الراجحي,2024-04-02T16:33:00,"سحب  نقدي 78,512.71 USD من الحساب ***833 بتاريخ 02/04/2024 الرصيد المتاح 161,314.56"
1836,بنك الرياض,2024-04-08T02:28:00,"Bill payment AED 57,883.10 to starbucks succeeded. Fee AED 38.82. Ref 213998878"
1837,snb,2024-07-02T20:29:00,"Purchase of ر.س 77,078.09 at starbucks on card ending ****5837 on 02/07/2024 20:29. Available balance ر.س 132,475.02"
1838,snb,2024-04-20T10:43:00,"سحب نقدي 39,062.17 AED من الحساب ***323 بتاريخ 20/04/2024 الرصيد المتاح 162,872.26"
1839,snb,2024-06-30T22:40:00,"Salary of ر.س 48,966.86 credited to account ***414 on 2024-06-30"
1840,riyad bank,2024-02-06T23:58:00,"ATM withdrawal USD 50,134.53 from account ***324 on 06/02/2024. Available balance USD 470,282.54"
1841,alrajhi,2024-06-23T06:56:00,Your card ****7400 was declined at هنقرستيشن due to insufficient funds
1842,riyad bank,2024-08-07T17:04:00,عزيزنا العميل تم تفعيل خدمة sms alerts على حسابك ***874 للاستفسار اتصل على 966531006149
1843,alrajhi,2024-10-02T18:37:00,رمز التحقق الخاص بك هو 177550 صالح لمدة 5 دقائق لا تشاركه مع احد
1844,الراجحي,2024-06-16T03:37:00,"عملية شراء بمبلغ 511.31 ر.س لدى بنده بالبطاقة xxxx9065 بتاريخ 2024-06-16 الرصيد المتاح 320,591.77"
1845,riyad bank,2024-02-11T23:11:00,"Bill payment AED 80,609.93 to Ù†ÙˆÙ† succeeded. Fee AED 59.86. Ref 387328893"
1846,snb,2024-07-14T12:06:00,‏Your OTP is 390676. Valid for 15 minutes. Do not share it with anyone‎
1847,الراجحي,2024-01-11T07:24:00,"Bill payment USD 2,483.96 to jarir bookstore succeeded. Fee USD 22.32. Ref 930485030"
1848,riyad bank,2024-01-25T23:28:00,"Transfer of USD 72,022.57 to خالد العتيبي completed. Ref 798609168. Balance USD 109,410.66"
1849,الراجحي,2024-09-15T17:11:00,"Dear customer, service sms alerts was activated on account ***793. Call 966553335688 for help"
1850,الراجحي,2024-07-06T17:48:00,Your OTP is 176003. Valid for 10 minutes. Do not share it with anyone
1851,الأهلي,2024-10-18T10:05:00,‏عزيزنا العميل تم تفعيل خدمة الحوالات الفورية على حسابك ***410 للاستفسار اتصل على 966567963295‎
1852,riyad bank,2024-03-04T01:49:00,"Bill  payment SAR 62,211.41 to amazon.sa succeeded. Fee SAR 53.33. Ref 643033949"
1853,بنك الرياض,2024-05-20T22:37:00,خصم رسوم 56.15 AED على الحساب ***624 رقم العملية 571541782
1854,riyad bank,2024-03-10T12:17:00,"تم ايداع راتب بمبلغ 80,602.68 USD في الحساب ***697 بتاريخ 10/03/2024"
1855,riyad bank,2024-01-19T07:26:00,"Dear customer, service apple pay was activated on account ***562. Call 966536677871 for help"
1856,riyad bank,2024-02-10T15:11:00,"Salary  of USD 69,555.52 credited to account ***160 on 2024-02-10"
1857,snb,2024-12-07T11:03:00,"‏عملية Ø´Ø±Ø§Ø¡ Ø¨Ù…Ø¨Ù„Øº 60,669.66 USD Ù„Ø¯Ù‰ Ù‡Ù†Ù‚Ø±Ø³ØªÙŠØ´Ù† Ø¨Ø§Ù„Ø¨Ø·Ø§Ù‚Ø© xxxx4575 بتاريخ 2024-12-07 الرصيد المتاح 445,864.52‎"
1858,بنك الرياض,2024-04-08T12:52:00,"‏Transfer of Ø±.Ø³ 58,350.55 to Ù†ÙˆØ±Ø© Ø§Ù„Ø´Ù…Ø±ÙŠ completed. Ref 145459545. Balance ر.س 380,207.24‎"
1859,snb,2024-05-27T11:15:00,"Transfer  of USD 84,382.82 to sara a. completed. Ref 702484830. Balance USD 34,723.01"
1860,الأهلي,2024-03-31T02:24:00,"عملية شراء بمبلغ 87,116.69 USD لدى starbucks بالبطاقة xxxx7740 بتاريخ 2024-03-31 الرصيد المتاح 453,153.18"
1861,بنك الرياض,2024-08-29T17:58:00,خصم  رسوم 66.41 USD على الحساب ***523 رقم العملية 707450989
1862,الراجحي,2024-08-28T07:12:00,‏خصم رسوم 71.19 AED على الحساب ***226 رقم العملية 421419406‎
1863,riyad bank,2024-11-17T11:17:00,"ATM  withdrawal ر.س 5,714.68 from account ***128 on 2024-11-17. Available balance ر.س 41,700.28"
1864,بنك الرياض,2024-08-30T05:50:00,"Transfer of USD 59,119.57 to sara a. completed. Ref 495478111. Balance USD 413,990.46"
1865,الأهلي,2024-05-05T08:19:00,"Salary of AED 69,144.90 credited to account ***584 on 05/05/2024"
1866,الأهلي,2024-09-26T10:39:00,"سحب نقدي 66,784.46 USD من الحساب ***394 بتاريخ 26/09/2024 الرصيد المتاح 206,769.14"
1867,riyad bank,2024-06-05T01:36:00,"Dear customer, service apple pay was activated on account ***913. Call 966596061555 for help"
1868,riyad bank,2024-11-18T14:16:00,"Purchase of USD 11,346.01 at صيدلية النهدي on card ending xxxx6549 on 2024-11-18 14:16. Available balance USD 387,911.89"
1869,snb,2024-02-07T02:47:00,Your card xxxx6958 was declined at بنده due to insufficient funds
1870,alrajhi,2024-09-15T19:51:00,رمز التحقق الخاص بك هو 700794 صالح لمدة 5 دقائق لا تشاركه مع احد
1871,snb,2024-11-15T14:58:00,"Dear customer, service apple pay was activated on account ***331. Call 966586744852 for help"
1872,بنك الرياض,2024-09-08T11:08:00,عزيزنا العميل تم تفعيل خدمة المدفوعات الدولية على حسابك ***126 للاستفسار اتصل على 966516053454
1873,snb,2024-07-23T02:52:00,"تم ايداع راتب بمبلغ 46,574.77 ر.س في الحساب ***296 بتاريخ 2024-07-23"
1874,الأهلي,2024-04-11T07:28:00,Your OTP is 652899. Valid for 5 minutes. Do not share it with anyone
1875,riyad bank,2024-10-28T09:39:00,"‏تم  تحويل مبلغ 83,077.81 USD الى خالد العتيبي رقم المرجع 195066921 الرصيد 122,906.13‎"
1876,riyad bank,2024-06-04T08:07:00,"تم  تحويل مبلغ 17,894.41 AED الى sara a. رقم المرجع 435395179 الرصيد 308,925.73"
1877,alrajhi,2024-05-29T10:07:00,"‏Transfer of ر.س 79,577.77 to نورة الشمري completed. Ref 264030993. Balance ر.س 30,782.69‎"
1878,بنك الرياض,2024-11-24T19:11:00,"Purchase  of ر.س 79,103.24 at هنقرستيشن on card ending xxxx9779 on 24/11/2024 19:11. Available balance ر.س 339,555.72"
1879,riyad bank,2024-11-26T10:30:00,"Salary of SAR 67,435.50 credited to account ***679 on 2024-11-26"
1880,snb,2024-06-29T14:50:00,"تم ايداع راتب بمبلغ 47,420.02 AED في الحساب ***687 بتاريخ 29/06/2024"
1881,الأهلي,2024-10-23T17:17:00,"Transfer  of USD ٤٤,٧١٨.١٢ to نورة الشمري completed. Ref ٨٥٨٨١٠٩٩٨. Balance USD ٣٢٤,٥٩٩.٩٢"
1882,الراجحي,2024-02-15T12:02:00,‏خصم رسوم 59.61 SAR على الحساب ***363 رقم العملية 234588211‎
1883,الراجحي,2024-11-28T04:19:00,"Purchase of SAR 32,841.49 at starbucks on card ending xxxx2110 on 2024-11-28 04:19. Available balance SAR 138,148.76"
1884,بنك الرياض,2024-01-08T19:09:00,"عملية شراء بمبلغ 458.62 AED لدى jarir bookstore بالبطاقة xxxx2960 بتاريخ 08/01/2024 الرصيد المتاح 451,245.30"
1885,بنك الرياض,2024-11-19T23:41:00,"تم ايداع راتب بمبلغ 49,282.12 USD في الحساب ***582 بتاريخ 2024"
1886,الراجحي,2024-09-16T13:07:00,عزيزنا العميل تم تفعيل خدمة الحوالات الفورية على حسابك ***175 للاستفسار ات
1887,riyad bank,2024-06-26T09:14:00,‏رمز التحقق الخاص بك هو 38023 صالح لمدة 15 دقائق لا تشاركه مع احد‎
1888,riyad bank,2024-08-11T00:44:00,Your  OTP is 251255. Valid for 15 minutes. Do not share it with anyone
1889,بنك الرياض,2024-11-02T12:52:00,خصم رسوم 36.06 ر.س على الحساب ***904 رقم العملية 502252931
1890,الأهلي,2024-09-11T13:02:00,"Transfer of USD 51,307.85 to mohammed ali completed. Ref 954611153. Balance USD 253,613.07"
1891,بنك الرياض,2024-10-17T00:46:00,"Bill payment SAR ٨٥,٩٦٧.٤٢ to هنقرستيشن succeeded. Fee SAR ٤٣.٠٢. Ref ٢٩٥٢٧٥٦٢٥"
1892,الأهلي,2024-10-02T05:28:00,"Purchase of USD 76,650.29 at صيدلية النهدي on card ending ****5284 on 02/10/2024 05:28. Available balance USD 351,015.31 -الراجحي"
1893,بنك الرياض,2024-11-03T09:13:00,"ATM  withdrawal SAR ٧٨,٨٢٦.١٦ from account ***٨٥٣ on ٠٣/١١/٢٠٢٤. Available balance SAR ١٢,١٥١.٤٤"
1894,alrajhi,2024-04-29T22:22:00,"‏Dear customer, service apple pay was activated on account ***246. Call 966559459800 for help‎"
1895,snb,2024-06-22T08:21:00,"Transfer of ر.س 38,317.14 to sara a. completed. Ref 345993500. Balance ر.س 182,167.44"
1896,الأهلي,2024-06-12T00:57:00,"Transfer of USD ٣,٨٤٥.٦٥ to نورة الشمري completed. Ref ٢٠٢٦٠٣٦١١. Balance USD ١٣٦,٥٦٩.١٤"
1897,alrajhi,2024-07-29T09:05:00,"سحب نقدي 82,747.45 AED من الحساب ***651 بتاريخ 2024-07-29 الرصيد المتاح 400,052.15"
1898,alrajhi,2024-09-07T06:06:00,‏خصم رسوم 3.48 SAR على الحساب ***805 رقم العملية 166641409‎ شكرا لك
1899,alrajhi,2024-02-06T16:36:00,"ATM withdrawal SAR 5,769.79 from account ***250 on 06/02/2024. Available balance SAR 250,915.02"
1900,snb,2024-02-20T10:49:00,"سحب نقدي 23,380.61 ر.س من الحساب ***866 بتاريخ 20/02/2024 الرصيد المتاح 267,409.36"
1901,riyad bank,2024-12-06T20:31:00,خصم Ø±Ø³ÙˆÙ… 93.15 AED Ø¹Ù„Ù‰ Ø§Ù„Ø­Ø³Ø§Ø¨ ***352 رقم العملية 569074834
1902,snb,2024-11-11T20:10:00,"Purchase of USD ٨٠,٩٩١.٢٥ at starbucks on card ending ****٩٨٥٢ on ٢٠٢٤-١١-١١ ٢٠:١٠. Availabl"
1903,alrajhi,2024-02-29T15:32:00,خصم رسوم 91.29 ر.س على الحساب ***397 رقم العملية 572962080
1904,الأهلي,2024-02-25T22:59:00,عزيزنا العميل تم تفعيل خدمة sms alerts على حسابك ***492 للاستفسار اتصل على 966516938559
1905,الأهلي,2024-09-16T00:43:00,"Salary of AED 44,828.55 credited to account ***807 on 16/09/2024"
1906,الراجحي,2024-07-05T20:54:00,"Transfer of ر.س 33,543.96 to خالد العتيبي completed. Ref 959966650. Balance ر.س 229,797.06"
1907,riyad bank,2024-03-02T12:08:00,"سحب نقدي 54,169.53 ر.س من الحساب ***744 بتاريخ 02/03/2024 الرصيد المتاح 50,841.12"
1908,الأهلي,2024-08-12T08:00:00,"تم ايداع راتب بمبلغ 13,837.78 USD في الحساب ***658 بتا"
1909,الراجحي,2024-08-07T20:35:00,رمز التحقق الخاص بك هو 56359 صالح لمدة 10 دقائق لا تشاركه مع احد
1910,بنك الرياض,2024-09-24T14:47:00,Your  OTP is ٦٢١٨٤٣. Valid for ٥ minutes. Do not share it with anyone
1911,الراجحي,2024-01-12T09:27:00,Your OTP is 647575. Valid for 15 minutes. Do not share it with anyone
1912,الأهلي,2024-10-29T01:38:00,"Transfer of AED 45,781.83 to نورة الشمري completed. Ref 513739306. Balance AED 387,023.92"
1913,بنك الرياض,2024-02-20T00:44:00,"Bill payment USD 78,419.94 to amazon.sa succeeded. Fee USD 21.08. Ref 843964332"
1914,الراجحي,2024-06-13T20:50:00,"Salary of ر.س 32,715.37 credited to account ***287 on 13/06/2024"
1915,بنك الرياض,2024-10-02T06:32:00,"تم ØªØ­ÙˆÙŠÙ„ Ù…Ø¨Ù„Øº 16,721.25 AED Ø§Ù„Ù‰ mohammed ali رقم المرجع 448138842 الرصيد 41,409.99"
1916,الأهلي,2024-10-24T15:13:00,"Transfer of AED 30,797.72 to نورة الشمري completed. Ref 847556012. Balance AED 143,241.79"
1917,الأهلي,2024-08-08T20:23:00,"تم تحويل مبلغ 32,197.36 USD الى sara a. رقم المرجع 315189758 الرصيد 444,700.59"
1918,alrajhi,2024-04-29T22:55:00,‏Your card ****٥٧٣٠ was declined at amazon.sa due to insu
1919,riyad bank,2024-02-23T16:51:00,"عملية شراء بمبلغ 50,782.85 USD لدى بنده بالبطاقة xxxx1498 بتاريخ 23/02/2024 الرصيد المتاح 474,421.73"
1920,بنك الرياض,2024-09-29T12:03:00,Your OTP is 793101. Valid for 15 minutes. Do not share it with anyone
1921,alrajhi,2024-09-26T10:03:00,"ATM  withdrawal USD 56,596.12 from account ***798 on 26/09/2024. Available balance USD 171,865.19"
1922,بنك الرياض,2024-04-12T00:16:00,"Bill payment USD 18,066.35 to carrefour hyper succeeded. Fee USD 67.90. Ref 549038737"
1923,alrajhi,2024-05-29T09:54:00,"سحب نقدي 3,110.11 ر.س من الحساب ***807 بتاريخ 2024-05-29 الرصيد المتاح 181,769.07"
1924,الراجحي,2024-04-28T02:05:00,"Transfer of USD 82,549.30 to خالد العتيبي completed. Ref 930733138. Balance USD 452,813.56 thank you"
1925,snb,2024-11-11T07:22:00,"تم  ايداع راتب بمبلغ 75,439.54 USD في الحساب ***304 بتاريخ 11/11/2024"
1926,الراجحي,2024-08-17T04:58:00,"‏عملية شراء بمبلغ 87,763.72 SAR لدى amazon.sa بالبطاقة xxxx7030 بتاريخ 17/08/2024 الرصيد المتاح 132,300.34‎"
1927,الأهلي,2024-06-23T05:29:00,خصم رسوم 12.63 ر.س على الحساب ***577 رقم العملية 458800722
1928,الراجحي,2024-08-08T13:43:00,عزيزنا العميل تم تفعيل خدمة sms alerts على حسابك ***163 للاستفسار اتصل على 966535762159
1929,riyad bank,2024-08-23T03:25:00,Your OTP is 965424. Valid for 10 minutes. Do not share it with anyone
1930,snb,2024-02-13T22:42:00,"Purchase of SAR 1,454.46 at صيدلية النهدي on card ending xxxx6125 on 2024-02-13 22:42. Available balance SAR 409,137.21"
1931,snb,2024-10-03T12:35:00,عزيزنا  العميل تم تفعيل خدمة المدفوعات الدولية على حسابك ***983 للاستفسار اتصل على 966558433895
1932,alrajhi,2024-07-05T17:39:00,عزيزنا  العميل تم تفعيل خدمة sms alerts على حسابك ***196 للاستفسار اتصل على 966566901446
1933,بنك الرياض,2024-07-18T02:07:00,"عملية شراء بمبلغ 19,684.94 USD لدى صيدلية النهدي بالبطاقة ****1047 بتاريخ 18/07/2024 الرصيد المتاح 366,317.11"
1934,snb,2024-11-06T18:15:00,"تم تحويل مبلغ 63,085.65 AED الى نورة الشمري رقم المرجع 127442720 الرصيد 371,937.49"
1935,بنك الرياض,2024-10-06T19:46:00,Your card xxxx2705 was declined at صيدلية النهدي due to insufficient funds
1936,alrajhi,2024-08-04T16:08:00,خصم رسوم 38.89 USD على الحساب ***153 رقم العملية 379630863
1937,snb,2024-09-15T17:31:00,"تم  ايداع راتب بمبلغ 79,036.73 USD في الحساب ***316 بتاريخ 2024-09-15"
1938,الراجحي,2024-04-26T07:36:00,"Salary of AED 61,800.33 credited to account ***497 on 2024-04-26 شكرا لك"
1939,الأهلي,2024-03-11T12:57:00,Your card ****5356 was declined at carrefour hyper due to insufficient funds
1940,alrajhi,2024-06-05T18:52:00,"‏ATM withdrawal ر.س 46,823.43 from account ***878 on 05/06/2024. Available balance ر.س 91,203.68‎"
1941,الراجحي,2024-11-14T01:23:00,"تم  ايداع راتب بمبلغ 20,412.14 ر.س في الحساب ***723 بتاريخ 2024-11-14"
1942,الراجحي,2024-02-03T08:47:00,Your OTP is 878015. Valid for 5 minutes. Do not share it with anyone
1943,بنك الرياض,2024-07-23T09:11:00,"Transfer of SAR 18,422.39 to sara a. completed. Ref 516272929. Balance SAR 424,391.42"
1944,snb,2024-05-14T00:33:00,"عملية شراء بمبلغ 2,895.62 AED لدى نون بالبطاقة ****6797 بتاريخ 14/05/2024 الرصيد المتاح 368,195.89"
1945,riyad bank,2024-02-21T02:43:00,"Salary  of AED 11,179.63 credited to account ***276 "
1946,riyad bank,2024-11-19T22:24:00,خصم رسوم ٣٦.٣٩ AED على الحساب ***٨٧٥ رقم العملية ٨١٦٥٤٦٩٧٨
1947,riyad bank,2024-01-23T13:36:00,"سحب نقدي 33,704.50 AED من الحساب ***805 بتاريخ 23/01/2024 الرصيد "
1948,الأهلي,2024-04-02T15:54:00,"ATM withdrawal ر.س 34,141.73 from account ***339 on 2024-04-02. Available balance ر.س 5,201.46"
1949,الراجحي,2024-05-20T21:24:00,"‏عملية Ø´Ø±Ø§Ø¡ Ø¨Ù…Ø¨Ù„Øº 18,046.44 AED Ù„Ø¯Ù‰ Ù‡Ù†Ù‚Ø±Ø³ØªÙŠØ´Ù† Ø¨Ø§Ù„Ø¨Ø·Ø§Ù‚Ø© ****5324 بتاريخ 20/05/2024 الرصيد المتاح 147,867.03‎"
1950,alrajhi,2024-07-12T02:39:00,"Transfer of SAR 26,478.04 to mohammed ali completed. Ref 624819341. Balance SAR 431,572.88"
1951,snb,2024-03-07T13:15:00,"سحب Ù†Ù‚Ø¯ÙŠ 57,294.15 Ø±.Ø³ Ù…Ù† Ø§Ù„Ø­Ø³Ø§Ø¨ ***498 Ø¨ØªØ§ريخ 2024-03-07 الرصيد المتاح 305,970.54"
1952,alrajhi,2024-04-06T13:50:00,Your card xxxx2890 was declined at صيدلية النهدي due to ins
1953,الأهلي,2024-11-02T14:39:00,"Transfer of AED 66,956.73 to خالد العتيبي completed. Ref 222762062. Balance AED 452,228.08"
1954,snb,2024-04-04T04:10:00,عزيزنا العميل تم تفعيل خدمة apple pay على حسابك ***539 للاستفسار اتص
1955,الراجحي,2024-09-17T23:18:00,"Salary  of USD 40,430.34 credited to account ***716 on 17/09/2024"
1956,riyad bank,2024-08-07T01:14:00,"Purchase of AED 81,775.15 at نون on card ending xxxx7790 on 07/08/2024 01:14. Available balance AED 48,185.86"
1957,snb,2024-03-14T22:12:00,خصم  رسوم 57.11 ر.س على الحساب ***515 رقم العملية 228035225
1958,الأهلي,2024-06-05T00:13:00,‏Your OTP is 270314. Valid for 15 minutes. Do not share it with anyone‎
1959,alrajhi,2024-06-27T12:27:00,"Bill payment ر.س 69,300.85 to صيدلية النهدي succeeded. Fee ر.س 25.95. Ref 549722439"
1960,snb,2024-10-21T11:56:00,رمز التحقق الخاص بك هو 903742 صالح لمدة 15 دقائق لا تشاركه مع احد
1961,riyad bank,2024-07-31T05:27:00,"ATM  withdrawal AED 88,692.26 from account ***642 on 2024-07-31. Available ba"
1962,snb,2024-03-12T23:59:00,"Transfer of ر.س 4,285.80 to نورة الشمري completed. Ref 765640922. Balance ر.س 98,830.45"
1963,snb,2024-11-21T22:54:00,"Purchase of AED 46,816.18 at هنقرستيشن on card ending ****8182 on 2024-11-21 22:54. Available balance AED 399,723.36"
1964,snb,2024-02-20T22:00:00,"Purchase of ر.س 13,880.65 at carrefour hyper on card ending xxxx1120 on 2024-02-20 22:00. Availab"
1965,بنك الرياض,2024-04-26T20:57:00,Your  card ****2665 was declined at هنقرستيشن due to insufficient funds
1966,riyad bank,2024-09-24T02:59:00,Your OTP is 221574. Valid for 15 minutes. Do not share it with anyone
1967,بنك الرياض,2024-05-25T15:06:00,عزيزنا العميل تم تفعيل خدمة الحوالات الفورية على حسابك ***110 للاستفسار اتصل على 966596236402
1968,riyad bank,2024-11-26T05:53:00,"ATM withdrawal AED 76,491.58 from account ***783 on 26/11/2024. Available ba"
1969,alrajhi,2024-02-15T06:19:00,"Transfer of SAR 36,149.27 to sara a. completed. Ref 700807742. Balance SAR 147,059.15"
1970,snb,2024-06-28T06:13:00,عزيزنا  العميل تم تفعيل خدمة sms alerts على حسابك ***252 للاستفسار اتصل على 966531037188
1971,الأهلي,2024-05-21T07:02:00,"Bill payment ر.س ٢٥,٥٩٧.٥٤ to صيدلية النهدي succeeded. Fee ر.س ٣٤.٢٩. Ref ٥٤٦٣٥٤٠١٧"
1972,بنك الرياض,2024-02-13T14:33:00,"Transfer  of AED 81,457.18 to Ø®Ø§Ù„Ø¯ Ø§Ù„Ø¹ØªÙŠØ¨ÙŠ completed. Ref 723155034. Balance AED 433,700.08"
1973,الراجحي,2024-06-01T03:53:00,"Salary  of USD 14,542.78 credited to account ***687 on 01/06/2024"
1974,الأهلي,2024-11-04T06:44:00,عزيزنا العميل تم تفعيل خدمة sms alerts على حسابك ***748 للاستفسار اتصل على 966599313264
1975,alrajhi,2024-04-04T14:54:00,"Transfer of USD 15,694.41 to Ø®Ø§Ù„Ø¯ Ø§Ù„Ø¹ØªÙŠØ¨ÙŠ completed. Ref 440270436. Balance USD 59,922.05"
1976,الراجحي,2024-03-02T12:10:00,"عملية شراء بمبلغ 13,378.00 SAR لدى amazon.sa بالبطاقة xxxx6090 بتاريخ 2024-03-02 الرصيد المتاح 365,455.52"
1977,الأهلي,2024-05-18T04:39:00,"ATM withdrawal USD 22,989.96 from account ***833 on 18/05/2024. Available balance USD 147,350.55"
1978,بنك الرياض,2024-01-08T02:12:00,‏عزيزنا  العميل تم تفعيل خدمة sms alerts على حسابك ***291 للاستفسار اتصل على 966560463793‎
1979,alrajhi,2024-11-17T18:08:00,"‏تم ايداع راتب بمبلغ 34,018.00 SAR في الحساب ***742 بتاريخ 17/11/2024‎"
1980,snb,2024-09-20T01:18:00,"‏تم تحويل مبلغ 31,000.21 SAR الى acme trading llc رقم المرجع 442419669 الرصيد 460,392.53‎"
1981,بنك الرياض,2024-06-13T18:35:00,رمز التحقق الخاص بك هو 335418 صالح لمدة 5 دقائق لا تشاركه مع احد
1982,الراجحي,2024-02-27T19:18:00,عزيزنا العميل تم تفعيل خدمة المدفوعات الدولية على حسابك ***٦٢٣ للاستفسار اتصل على ٩٦٦٥٦١٦١٥١٤٣
1983,الأهلي,2024-08-19T23:01:00,"Salary of AED 36,240.19 credited to account ***838 on 2024-08-19"
1984,alrajhi,2024-02-18T20:47:00,"Bill payment ر.س 14,807.03 to بنده succeeded. Fee ر.س 63.33. Ref 400008771"
1985,snb,2024-10-06T04:56:00,"Salary of AED ٥٦,٢٤٤.٦٩ credited to account ***٣٠٤ on ٠٦/١٠/٢٠٢٤"
1986,alrajhi,2024-06-10T16:51:00,"Transfer  of ر.س 70,572.45 to acme trading llc completed. Ref 915116850. Balance ر.س 191,383.62"
1987,alrajhi,2024-01-24T08:36:00,‏رمز التحقق الخاص بك هو 15061 صالح لمدة 10 دقائق لا تشاركه مع احد‎
1988,snb,2024-06-07T06:27:00,‏رمز التحقق الخاص بك هو ٦٠٤٥٩٥ صالح لمدة ١٠ دقائق لا تشاركه مع احد‎
1989,snb,2024-09-06T23:03:00,"سحب  نقدي 54,532.99 AED من الحساب ***576 بتاريخ 06/09/2024 الرصيد المتاح 361,279.55"
1990,riyad bank,2024-10-12T13:51:00,"Purchase of AED 76,560.29 at starbucks on card ending xxxx7824 on 2024-10-12 13:51. Available balance AED 238,198.30"
1991,بنك الرياض,2024-08-25T23:07:00,"عملية شراء بمبلغ 15,632.29 AED لدى jarir bookstore بالبطاقة xxxx9857 بتاريخ 2024-08-25 الرصيد المتاح 376,760.57"
1992,riyad bank,2024-08-25T07:16:00,"‏سحب  نقدي ٦٩,٩٥٠.٢٧ AED من الحساب ***١٠٣ بتاريخ ٢٥/٠٨/٢٠٢٤ الرصيد المتاح ١١٠,٥٩٠.٥٠‎"
1993,riyad bank,2024-07-23T03:18:00,"‏Bill  payment USD 54,372.63 to carrefour hyper succeeded. Fee USD 99.00. Ref 160194111‎"
1994,alrajhi,2024-10-08T10:47:00,"Transfer of USD 69,131.10 to sara a. completed. Ref 513746203. Balance USD 410,127.24"
1995,riyad bank,2024-03-30T10:59:00,Your card xxxx2241 was declined at amazon.sa due to insufficient funds
1996,الراجحي,2024-10-23T16:33:00,"تم ايداع راتب بمبلغ 12,562.55 AED في الحساب ***759 بتاريخ 23/10/2024"
1997,بنك الرياض,2024-04-07T04:38:00,‏خصم Ø±Ø³ÙˆÙ… 60.55 USD Ø¹Ù„Ù‰ Ø§Ù„Ø­Ø³Ø§Ø¨ ***785 رقم العملية 961957937‎
1998,بنك الرياض,2024-10-22T12:10:00,"تم تحويل مبلغ 47,818.98 SAR الى acme trading llc رقم المرجع 452024696 الرصيد 209,808.20"
1999,بنك الرياض,2024-11-28T17:45:00,"Transfer of SAR 6,351.78 to sara a. completed. Ref 632677927. Balance SAR 461,944.84"
2000,الراجحي,2024-05-20T15:35:00,"سحب نقدي 33,650.51 USD من الحساب ***688 بتاريخ 2024-05-20 الرصيد المتاح 173,753.82"
2001,بنك الرياض,2024-08-20T21:24:00,خصم رسوم 81.37 USD على الحساب ***164 رقم العملية 867192954
2002,snb,2024-08-21T10:14:00,رمز التحقق الخاص بك هو 612806 صالح لمدة 10 دقائق لا تشاركه مع احد
2003,بنك الرياض,2024-07-26T19:19:00,عزيزنا العميل تم تفعيل خدمة الحوالات الفورية على حسابك ***656 للاستفسار اتصل على 966582987435
2004,snb,2024-04-10T21:18:00,"‏تم ايداع راتب بمبلغ 20,971.27 AED في الحساب ***772 بتاريخ 2024-04-10‎"
2005,riyad bank,2024-12-03T11:14:00,"Salary of USD 72,743.95 credited to account ***609 on 2024-12-03"
2006,بنك الرياض,2024-07-25T02:08:00,Your card ****1153 was declined at نون due to insufficient funds
2007,الراجحي,2024-12-02T04:09:00,"تم تحويل مبلغ 19,737.84 USD الى mohammed ali رقم المرجع 520848649 الرصيد 354,139.92"
2008,الأهلي,2024-09-05T08:59:00,"تم تحويل مبلغ 10,570.20 USD الى خالد العتيبي رقم المرجع 652946650 الرصيد 419,817.15"
2009,riyad bank,2024-10-06T07:49:00,Your card xxxx9843 was declined at carrefour hyper due to insufficient funds
2010,الأهلي,2024-04-07T07:33:00,"Purchase of ر.س 34,788.68 at jarir bookstore on card ending ****5617 on 2024-04-07 07:33. Availab"
2011,الراجحي,2024-01-31T16:34:00,"سحب نقدي 21,297.34 SAR من الحساب ***609 بتاريخ 31/01/2024 الرصيد المتاح 239,841.94"
2012,الراجحي,2024-12-08T01:08:00,"ATM withdrawal SAR 84,619.70 from account ***600 on 2024-12-08. Available balance SAR 213,763.67"
2013,بنك الرياض,2024-07-14T15:39:00,"ATM withdrawal SAR 47,364.21 from account ***419 on 2024-07-14. Available ba"
2014,riyad bank,2024-03-26T06:00:00,"سحب نقدي 14,406.40 USD من الحساب ***239 بتاريخ 2024-03-26 الرصيد المتاح 65,141.04"
2015,snb,2024-05-24T01:33:00,"Dear  customer, service sms alerts was activated on account ***949. Call 966544388865 for help"
2016,الراجحي,2024-07-27T20:59:00,"Salary of AED 45,564.71 credited to account ***481 on 27/07/2024"
2017,بنك الرياض,2024-01-26T03:24:00,"Purchase  of USD 25,175.57 at carrefour hyper on card ending ****4933 on 26/01/2024 03:24. Available balance USD 298,639.32"
2018,alrajhi,2024-10-16T05:24:00,Your card ****7194 was declined at نون due to insufficient funds
2019,الأهلي,2024-09-12T02:58:00,"Bill payment AED 11,895.75 to amazon.sa succeeded. Fee AED 50.69. Ref 307045015"
2020,alrajhi,2024-10-23T06:27:00,Your card xxxx٤٣٤٩ was declined at carrefour hyper due to insufficient funds
2021,snb,2024-09-29T14:03:00,"ATM withdrawal USD 28,687.25 from account ***139 on 29/09/2024. Available balance USD 370,884.89"
2022,بنك الرياض,2024-10-15T15:18:00,"تم تحويل مبلغ ٨٤,٥٩٨.٦٤ USD الى mohammed ali رقم المرجع ٩٥٧٠٢٦٥١٣ "
2023,بنك الرياض,2024-08-19T12:28:00,"عملية شراء بمبلغ 52,142.79 ر.س لدى amazon.sa بالبطاقة xxxx3149 بتاريخ 19/08/2024 الرصيد المتاح 447,618.06"
2024,riyad bank,2024-08-22T01:30:00,"Bill payment AED 27,136.53 to بنده succeeded. Fee AED 25.60. Ref 171601825"
2025,snb,2024-07-18T06:38:00,"Salary of USD 83,699.74 credited to account ***119 on 18/07/2024 -الأهلي"
2026,alrajhi,2024-01-31T16:15:00,رمز التحقق الخاص بك هو 471411 صالح لمدة 10 دقائق لا تشاركه مع احد
2027,بنك الرياض,2024-06-07T21:32:00,"ATM withdrawal USD 24,961.87 from account ***568 on 2024-06-07. Available balance USD 241,997.26"
2028,riyad bank,2024-07-06T18:52:00,‏خصم رسوم 71.68 USD على الحساب ***149 رقم العملية 903326404‎
2029,snb,2024-05-23T03:38:00,خصم رسوم 93.29 AED على الحساب ***147 رقم العملية 496235368
2030,الراجحي,2024-08-13T15:10:00,"Dear customer, service المدفوعات الدولية was activated on account ***474. Call 966553525127 for help"
2031,الأهلي,2024-03-29T09:38:00,"Dear customer, service الحوالات الفورية was activated on account ***896. Call 966552192762 for help"
2032,snb,2024-03-14T06:09:00,"عملية شراء بمبلغ 59,951.17 AED لدى بنده بالبطاقة xxxx4024 بتاريخ 2024-03-14 الرصيد المتاح 22,728.79"
2033,الراجحي,2024-10-18T01:18:00,"Salary of SAR 79,184.06 credited to account ***730 on 18/10/2024"
2034,alrajhi,2024-10-27T13:22:00,"Dear customer, service المدفوعات الدولية was activated on account ***747. Call 966532030799 for help"
2035,riyad bank,2024-04-16T17:51:00,"Transfer of AED 82,206.82 to خالد العتيبي completed. Ref 549019811. Balance AED 404,645.46"
2036,alrajhi,2024-11-07T10:13:00,"عملية شراء بمبلغ ٢,٥٥١.٢٩ USD لدى نون بالبطاقة ****٢٥٥٣ بتاريخ ٠٧/١١/٢٠٢٤ الرصيد المتاح ٢٤٢,٣٦٨.٣٩"
2037,بنك الرياض,2024-03-13T08:59:00,عزيزنا Ø§Ù„Ø¹Ù…ÙŠÙ„ ØªÙ… ØªÙØ¹ÙŠÙ„ Ø®Ø¯Ù…Ø© apple pay Ø¹Ù„Ù‰ Ø­Ø³Ø§Ø¨ك ***170 للاستفسار اتصل على 966582400536
2038,snb,2024-09-11T22:20:00,"Salary of USD 39,166.11 credited to account ***864 on 11/09/2024"
2039,الأهلي,2024-11-29T13:01:00,رمز التحقق الخاص بك هو 44063 صالح لمدة 10 دقائق لا تشاركه مع احد
2040,riyad bank,2024-02-27T16:17:00,رمز التحقق الخاص بك هو 755092 صالح لمدة 15 دقائق لا تشاركه مع احد
2041,alrajhi,2024-08-26T16:29:00,Your OTP is 80210. Valid for 15 minutes. Do not share it with anyone
2042,بنك الرياض,2024-03-05T18:15:00,"Dear customer, service sms alerts was activated on account ***878. Call 966560205005 for help"
2043,alrajhi,2024-05-12T04:55:00,عزيزنا العميل تم تفعيل خدمة الحوالات الفورية على حسابك ***111 للاستفسار اتصل على 966549343897 -alrajhi
2044,alrajhi,2024-04-26T08:02:00,"عملية شراء بمبلغ 3,958.37 AED لدى jarir bookstore بالبطاقة ****5900 بتاريخ 2024-04-26 الرصيد المتاح 411,544.26"
2045,بنك الرياض,2024-09-02T07:00:00,"Transfer of ر.س 76,577.14 to sara a. completed. Ref 203927319. Balance ر.س 18,181.30"
2046,الأهلي,2024-11-24T20:24:00,"سحب نقدي 28,920.55 AED من الحساب ***247 بتاريخ 24/11/2024 الرصيد المتاح 389,929.62"
2047,snb,2024-12-01T14:59:00,"Salary of ر.س 89,164.16 credited to account ***256 on 01/12/2024"
2048,الراجحي,2024-09-19T17:10:00,"Transfer of USD 60,734.31 to sara a. completed. Ref 653497985. Balance USD 345,323.92"
2049,riyad bank,2024-02-05T01:43:00,"Purchase of USD 42,328.92 at بنده on card ending xxxx3828 on 2024-02-05 01:43. Available balance USD 424,005.31"
2050,riyad bank,2024-05-10T18:43:00,"Dear customer, service الحوالات الفورية was activated on account ***٤٨٤. Call ٩٦٦٥٢٠٠٤٤٥٥٤ for help"
2051,الراجحي,2024-03-16T06:22:00,"Purchase of ر.س 89,538.09 at هنقرستيشن on card ending ****1719 on 2024-03-16 06:22. Available balance ر.س 335,158.57"
2052,riyad bank,2024-04-25T05:57:00,"Dear customer, service الحوالات الفورية was activated on account ***164. Call 966562224130 for help"
2053,بنك الرياض,2024-02-08T04:24:00,"عملية شراء بمبلغ 46,281.52 USD لدى amazon.sa بالبطاقة xxxx4475 بتاريخ 2024-02-08 الرصيد المتاح 9,638.04"
2054,alrajhi,2024-11-30T06:37:00,Salary of AED 596.61 credited to account ***493 
2055,alrajhi,2024-01-19T00:01:00,"تم تحويل مبلغ 17,020.81 USD الى acme trading llc رقم المرجع 998241485 الرصيد 417,071.91"
2056,الراجحي,2024-09-27T00:29:00,"Transfer of ر.س 79,975.15 to sara a. completed. Ref 571451527. Balance ر.س 132,697.41"
2057,snb,2024-01-25T20:48:00,"Bill payment AED 26,099.24 to starbucks succeeded. Fee AED 26.43. Ref 994418609"
2058,snb,2024-01-23T17:32:00,"‏Bill payment SAR 81,690.43 to amazon.sa succeeded. Fee SAR 74.12. Ref 521283389‎"
2059,alrajhi,2024-07-11T15:43:00,"‏Dear customer, service الحوالات الفورية was activated on account ***713. Call 966577790760 for help‎"
2060,riyad bank,2024-07-12T05:59:00,‏خصم  رسوم 43.30 ر.س على الحساب ***224 رقم العملية 345955497‎
2061,الأهلي,2024-03-19T11:11:00,"Purchase of AED 21,734.87 at amazon.sa on card ending xxxx5335 on 19/03/2024 11:11. Available balance AED 431,126.10 -بنك الرياض"
2062,riyad bank,2024-08-19T15:08:00,رمز التحقق الخاص بك هو ٦٩١٩١٦ صالح لمدة ١٠ دقائق لا تشاركه مع احد
2063,الأهلي,2024-10-30T00:38:00,Your  card ****2311 was declined at بنده due to insufficient funds
2064,snb,2024-03-14T13:51:00,Your  OTP is 940301. Valid for 15 minutes. Do not share it with anyone
2065,الراجحي,2024-04-18T10:11:00,"تم ايداع راتب بمبلغ 41,806.53 USD في الحساب ***826 بتاريخ 2024-04-18"
2066,alrajhi,2024-06-01T14:58:00,"Purchase of AED 27,057.96 at amazon.sa on card ending xxxx4342 on 2024-06-01 14:58. Available balance AED 55,519.11"
2067,الأهلي,2024-03-28T00:17:00,"Salary of SAR 42,214.64 credited to account ***181 on 2024-03-28"
2068,snb,2024-07-03T09:15:00,Your card xxxx2454 was declined at carrefour hyper due to insufficient funds
2069,الراجحي,2024-08-01T19:46:00,"Bill payment USD 26,955.38 to نون succeeded. Fee USD 10.76. Ref 716675301"
2070,الأهلي,2024-06-27T12:09:00,Your OTP is 383843. Valid for 15 minutes. Do not share it with anyone
2071,الراجحي,2024-05-25T18:06:00,"Bill payment SAR 84,714.55 to Ù‡Ù†Ù‚Ø±Ø³ØªÙŠØ´Ù† succeeded. Fee SAR 24.33. Ref 454530066"
2072,snb,2024-11-03T16:45:00,"Dear customer, service sms alerts was activated on account ***899. Call 966526146663 for help -بنك الرياض"
2073,بنك الرياض,2024-01-18T15:37:00,"ATM withdrawal ر.س 31,841.63 from account ***810 on 18/01/2024. Available balance ر.س 262,750.92"
2074,الراجحي,2024-08-20T06:11:00,"Bill payment SAR 18,761.40 to starbucks succeeded. Fee SAR 90.90. Ref 539158654"
2075,riyad bank,2024-07-13T13:39:00,"Purchase of SAR 41,962.24 at هنقرستيشن on card ending ****2740 on 13/07/2024 13:39. Available balance SAR 51,479.36"
2076,riyad bank,2024-09-06T03:33:00,Your OTP is ٥٢٩٨٦. Valid for ١٠ minutes. Do not share it with anyone
2077,الراجحي,2024-12-07T11:56:00,"تم تحويل مبلغ 9,058.19 SAR الى نورة الشمري رقم المرجع 448244570 الرصيد 259,033.61"
2078,snb,2024-03-16T12:25:00,"سحب نقدي 6,201.61 USD من الحساب ***225 بتاريخ 2024-03-16 الرصيد المتاح 75,091.98"
2079,بنك الرياض,2024-01-07T17:22:00,"ATM withdrawal AED ٧٨,٠١٨.٨٨ from account ***٣٢٨ on ٠٧/٠١/٢٠٢٤. Available balance AED ١٠٢,٨٧٧.٨٨"
2080,بنك الرياض,2024-08-01T07:04:00,"سحب نقدي 72,663.04 SAR من الحساب ***385 بتاريخ 01/08/2024 الرصيد المتاح 165,239.13"
2081,riyad bank,2024-11-20T01:38:00,"تم ايداع راتب بمبلغ 53,749.85 USD في الحساب ***362 بتاريخ 20/11/2024"
2082,الراجحي,2024-03-26T23:43:00,"تم تحويل مبلغ 9,790.23 AED الى mohammed ali رقم المرجع 886573678 الرصيد 394,219.18"
2083,riyad bank,2024-09-14T05:18:00,خصم رسوم 52.44 AED على الحساب ***422 رقم العملية 472074586 thank you
2084,alrajhi,2024-03-09T18:10:00,عزيزنا Ø§Ù„Ø¹Ù…ÙŠÙ„ ØªÙ… ØªÙØ¹ÙŠÙ„ Ø®Ø¯Ù…Ø© sms alerts Ø¹Ù„Ù‰ Ø­Ø³Ø§Ø¨ك ***723 للاستفسار اتصل على 966560067147
2085,alrajhi,2024-08-18T08:01:00,"عملية شراء بمبلغ 18,677.40 AED لدى amazon.sa بالبطاقة ****1011 بتاريخ 2024-08-18 الرصيد المتاح 20,457.57"
2086,الأهلي,2024-03-20T03:33:00,Your card xxxx1170 was declined at هنقرستيشن due to insufficient funds
2087,بنك الرياض,2024-02-28T17:19:00,"تم ايداع راتب بمبلغ 50,926.54 AED في الحساب ***618 بتاريخ 28/02/2024"
2088,الراجحي,2024-11-09T22:51:00,"Dear customer, service sms alerts was activated on account ***910. Call 966580675391 for help"
2089,الراجحي,2024-11-09T14:12:00,"عملية شراء بمبلغ ٢٨,١٥٩.٦١ AED لدى هنقرستيشن بالبطاقة xxxx٧٢٧٥ بتاريخ ٠٩/١١/٢٠٢٤ الرصيد المتاح ٢٩٦,٨١٩.٢٧"
2090,الأهلي,2024-07-15T15:16:00,Your card xxxx١٢٩٥ was declined at amazon.sa due to insufficient funds
2091,الراجحي,2024-09-04T02:47:00,رمز التحقق الخاص بك هو 584410 صالح لمدة 15 دقائق لا تشاركه مع احد شكرا لك
2092,riyad bank,2024-01-18T21:23:00,"ATM  withdrawal AED 87,623.66 from account ***396 on 18/01/2024. Available balance AED 107,706.92"
2093,snb,2024-07-19T04:22:00,"سحب نقدي 28,628.72 USD من الحساب ***690 بتاريخ 2024-07-19 الرصيد المتاح 38,331.60"
2094,الراجحي,2024-09-15T00:12:00,Your OTP is 76264. Valid for 15 minutes. Do not share it with anyone
2095,الراجحي,2024-01-04T02:28:00,"ATM withdrawal SAR 30,802.26 from account ***719 on 04/01/2024. Available balance SAR 140,384.34 شكرا لك"
2096,snb,2024-09-18T00:37:00,"سحب نقدي 14,150.04 SAR من الحساب ***690 بتاريخ 18/09/2024 الرصيد المتاح 158,982.00"
2097,الأهلي,2024-10-25T13:20:00,"ATM withdrawal USD 54,891.97 from account ***982 on 2024-10-25. Available balance USD 274,276.19 -الراجحي"
2098,riyad bank,2024-01-01T10:56:00,"تم Ø§ÙŠØ¯Ø§Ø¹ Ø±Ø§ØªØ¨ Ø¨Ù…Ø¨Ù„Øº 46,572.86 AED Ùي الحساب ***414 بتاريخ 2024-01-01"
2099,riyad bank,2024-06-24T03:06:00,Your card ****3111 was declined at هنقرستيشن due to insu
2100,بنك الرياض,2024-01-21T10:06:00,Your OTP is 685048. Valid for 10 minutes. Do not share it with anyone
2101,الأهلي,2024-02-21T12:45:00,"ATM withdrawal AED 5,836.20 from account ***222 on 21/02/2024. Available balance AED 170,382.30"
2102,riyad bank,2024-04-16T14:17:00,"Dear customer, service sms alerts was activated on account ***963. Call 966562055214 for help شكرا لك"
2103,alrajhi,2024-06-25T01:04:00,"‏Bill payment SAR 74,390.97 to carrefour hyper succeeded. Fee SAR 58.54. Ref 546267230‎"
2104,riyad bank,2024-07-17T13:25:00,رمز التحقق الخاص بك هو 426711 صالح لمدة 10 دقائق لا تشاركه مع احد
2105,الأهلي,2024-10-05T18:04:00,"عملية شراء بمبلغ 32,106.27 USD لدى نون بالبطاقة xxxx6984 بتاريخ 05/10/2024 الرصيد المتاح 454,282.24"
2106,الأهلي,2024-07-27T23:05:00,خصم رسوم ١٤.٢٩ SAR على الحساب ***١٤٤ رقم العملية ٤٦٠٩٠٠٧٦٢
2107,riyad bank,2024-08-15T08:29:00,Your card ****4156 was declined at starbucks due to insufficient funds
2108,alrajhi,2024-03-14T19:56:00,"Bill payment ر.س ٥٣,٢٤٥.٢٢ to بنده succeeded. Fee ر.س ٥٣.٠٤. Ref ٦٥٧٣٩٧٢٦٥"
2109,snb,2024-12-10T11:54:00,خصم رسوم 80.53 SAR على الحساب ***762 رقم العملية 588192222
2110,الأهلي,2024-04-04T12:33:00,خصم رسوم 35.75 USD على الحساب ***555 رقم العملية 567716335 -الأهلي
2111,الأهلي,2024-10-11T05:57:00,"عملية شراء بمبلغ ٥٠,٢٩٠.١٦ SAR لدى jarir bookstore بالبطاقة ****٦٦٠٥ بتاريخ ١١/١٠/٢٠٢٤ الرصيد المتاح ٣١٣,٦٣٥.٩٧"
2112,snb,2024-08-28T21:00:00,‏عزيزنا العميل تم تفعيل خدمة sms alerts على حسابك ***797 للاستفسار اتصل على 966511415851‎
2113,alrajhi,2024-05-02T07:39:00,"‏Dear customer, service sms alerts was activated on account ***164. Call 966535416199 for help‎"
2114,alrajhi,2024-07-13T14:18:00,"Purchase of ر.س 52,189.02 at jarir bookstore on card ending ****2408 on 13/07/2024 14:18. Available balance ر.س 56,391.95"
2115,snb,2024-10-10T16:56:00,"تم تحويل مبلغ 77,869.95 AED الى mohammed ali رقم المرجع 104630694 الرصيد 335,851.87"
2116,alrajhi,2024-01-22T01:46:00,"تم  ايداع راتب بمبلغ 67,299.94 AED في الحساب ***273 بتا"
2117,الأهلي,2024-02-24T06:07:00,"Purchase of SAR 3,538.84 at هنقرستيشن on card ending ****7466 on 24/02/2024 06:07. Available balance SAR 120,576.07"
2118,riyad bank,2024-10-22T18:13:00,"‏Dear  customer, service المدفوعات الدولية was activated on account ***٣٩٥. Call ٩٦٦٥٤٣٣٤٣٠٣٣ for help‎"
2119,alrajhi,2024-10-27T10:17:00,"تم تحويل مبلغ 64,029.61 USD الى mohammed ali رقم المرجع 704202504 "
2120,الراجحي,2024-11-16T11:56:00,"Salary of USD 8,437.05 credited to account ***243 on 16/11/2024"
2121,alrajhi,2024-02-04T15:31:00,Your  card ****٧٨٤٣ was declined at هنقرستيشن due to insufficient funds
2122,snb,2024-04-27T11:04:00,عزيزنا  العميل تم تفعيل خدمة apple pay على حسابك ***534 للاستفسار اتصل على 966592287137
2123,الأهلي,2024-04-29T18:04:00,"عملية شراء بمبلغ 39,313.05 AED لدى هنقرستيشن بالبطاقة xxxx2728 بتاريخ 29/04/2024 الرصيد المتاح 95,571.81"
2124,الأهلي,2024-11-24T13:27:00,رمز التحقق الخاص بك هو 306956 صالح لمدة 10 دقائق لا تشاركه مع احد
2125,الراجحي,2024-08-04T19:09:00,"سحب نقدي 41,316.04 AED من الحساب ***137 بتاريخ 04/08/2024 الرصيد المتاح 398,414.04"
2126,riyad bank,2024-04-08T22:39:00,‏Your card xxxx5961 was declined at jarir bookstore due to insufficient funds‎
2127,بنك الرياض,2024-10-09T14:29:00,"‏Salary of USD ٤٠,٧٧٧.٠٧ credited to account ***٦٨٣ on ٠٩/١٠/٢٠٢٤‎"
2128,alrajhi,2024-02-13T17:45:00,عزيزنا العميل تم تفعيل خدمة sms alerts على حسابك ***329 للاستفسار اتصل على 966562426250
2129,بنك الرياض,2024-08-09T08:43:00,"عملية Ø´Ø±Ø§Ø¡ Ø¨Ù…Ø¨Ù„Øº 77,773.59 SAR Ù„Ø¯Ù‰ starbucks Ø¨Ø§Ù„Ø¨Ø·Ø§Ù‚Ø© ****1710 بتاريخ 09/08/2024 الرصيد المتاح 287,396.39"
2130,الأهلي,2024-03-22T19:01:00,"Dear customer, service apple pay was activated on account ***666. Call 966563965570 for help"
2131,snb,2024-10-26T00:53:00,"Dear customer, service apple pay was activated on account ***713. Call 966595500582 for help"
2132,الراجحي,2024-10-06T13:20:00,خصم رسوم 4.73 ر.س على الحساب ***901 رقم العملية 942656589
2133,riyad bank,2024-07-13T00:59:00,عزيزنا العميل تم تفعيل خدمة الحوالات الفورية على حسابك ***417 للاستفسار اتصل على 966536527359
2134,alrajhi,2024-10-12T06:46:00,"ATM withdrawal ر.س 54,058.73 from account ***277 on 2024-10-12. Available balance ر.س 397,544.83"
2135,alrajhi,2024-08-10T02:07:00,"‏عملية شراء بمبلغ ٤٩,٨٢٠.٧٢ USD لدى carrefour hyper بالبطاقة ****٦٣٥٠ بتاريخ ١٠/٠٨/٢٠٢٤ الرصيد المتاح ١٩٥,٢٤٤.٢١‎"
2136,الأهلي,2024-01-09T23:32:00,رمز التحقق الخاص بك هو 320664 صالح لمدة 10 دقائق لا تشاركه مع احد
2137,snb,2024-08-14T04:12:00,"سحب نقدي 6,991.05 AED من الحساب ***253 بتاريخ 2024-08-14 الرصيد المتاح 466,875.17"
2138,alrajhi,2024-10-30T04:47:00,رمز التحقق الخاص بك هو 139156 صالح لمدة 15 دقائق لا تشاركه مع احد
2139,snb,2024-10-22T02:36:00,"ATM withdrawal SAR 48,391.35 from account ***341 on 22/10/2024. Available balance SAR 249,364.07"
2140,snb,2024-03-19T16:28:00,"سحب  نقدي 82,819.48 ر.س من الحساب ***736 بتاريخ 19/03/2024 الرصيد المتاح 334,814.09"
2141,الأهلي,2024-01-15T22:50:00,‏Your card ****3513 was declined at بنده due to insufficient funds‎
2142,snb,2024-08-09T04:43:00,"تم ايداع راتب بمبلغ 19,150.79 ر.س في الحساب ***529 بتاريخ 09/08/2024"
2143,الراجحي,2024-11-04T04:51:00,"Salary of USD 62,486.79 credited to account ***838 on 2024-11-04"
2144,alrajhi,2024-08-01T16:48:00,"‏سحب نقدي 49,703.24 SAR من الحساب ***677 بتاريخ 2024-08-01 الرصيد المتاح 408,976.66‎"
2145,riyad bank,2024-05-20T13:13:00,Your OTP is ٧١٥٣٨٧. Valid for ١٥ minutes. Do not share it with anyone شكرا لك
2146,snb,2024-02-26T22:31:00,خصم رسوم 42.42 AED على الحساب ***743 رقم العملية 161402101
2147,بنك الرياض,2024-05-06T09:56:00,"‏تم ØªØ­ÙˆÙŠÙ„ Ù…Ø¨Ù„Øº 3,397.44 SAR Ø§Ù„Ù‰ acme trading llc رقم المرجع 519240204 الرصيد 351,917.27‎"
2148,snb,2024-06-16T19:33:00,"تم تحويل مبلغ 78,795.08 USD الى خالد العتيبي رقم المرجع 890941944 الرصيد 78,678.35"
2149,riyad bank,2024-05-25T02:28:00,"Dear customer, service الحوالات الفورية was activated on account ***493. Call 966516679292 for help"
2150,الأهلي,2024-12-06T02:29:00,‏Your card ****٧٨٧٠ was declined at amazon.sa due to insufficient funds‎
2151,بنك الرياض,2024-05-13T14:19:00,"‏Salary of Ø±.Ø³ 47,346.81 credited to account ***212 on 2024-05-13‎"
2152,alrajhi,2024-01-24T03:23:00,"سحب نقدي 66,044.78 USD من الحساب ***709 بتاريخ 2024-01-24 الرصيد المتاح 335,546.22"
2153,الأهلي,2024-05-25T14:48:00,خصم رسوم 99.61 USD على الحساب ***431 رقم العملية 812715904 thank you
2154,بنك الرياض,2024-01-28T11:22:00,"عملية  شراء بمبلغ 85,447.60 USD لدى jarir bookstore بالبطاقة xxxx5017 بتاريخ 2024-01-28 الرصيد المتاح 332,781.82"
2155,riyad bank,2024-03-13T08:15:00,"Bill payment AED 89,362.36 to نون succeeded. Fee AED 12.69. Ref 530741412"
2156,snb,2024-02-19T08:55:00,"Purchase of SAR 26,946.98 at هنقرستيشن on card ending xxxx1882 on 19/02/2024 08:55. Available balance SAR 496,575.21"
2157,الأهلي,2024-06-06T00:47:00,Your OTP is 71642. Valid for 15 minutes. Do not share it with anyone thank you
2158,riyad bank,2024-12-06T02:34:00,"Bill payment ر.س 11,007.28 to starbucks succeeded. Fee ر.س 36.19. Ref 998537907"
2159,riyad bank,2024-01-05T10:00:00,"Salary of USD 5,647.41 credited to account ***791 on 05/01/2024"
2160,الأهلي,2024-04-12T10:27:00,"‏Purchase of USD 19,813.86 at نون on card ending ****1264 on 2024-04-12 10:27. Available balance USD 464,351.00‎"
2161,الراجحي,2024-05-01T04:12:00,"Bill payment ر.س 31,821.73 to نون succeeded. Fee ر.س 81.80. Ref 682741512"
2162,بنك الرياض,2024-03-07T07:41:00,"‏تم ايداع راتب بمبلغ 17,729.45 SAR في الحساب ***633 بتاريخ 07/03/2024‎ -الراجحي"
2163,الأهلي,2024-01-09T03:10:00,"عملية  شراء بمبلغ 48,777.63 SAR لدى starbucks بالبطاقة xxxx8394 بتاريخ 2024-01-09 الرصيد المتاح 190,755.97"
2164,بنك الرياض,2024-09-02T04:10:00,Your card xxxx4476 was declined at بنده due to insufficient funds
2165,alrajhi,2024-04-03T21:53:00,Your card xxxx8295 was declined at بنده due to insuf
2166,بنك الرياض,2024-08-02T01:35:00,"Transfer of Ø±.Ø³ 77,004.86 to Ø®Ø§Ù„Ø¯ Ø§Ù„Ø¹ØªÙŠØ¨ÙŠ completed. Ref 426239523. Balance ر.س 420,431.86"
2167,الراجحي,2024-08-14T03:47:00,Your  card xxxx8029 was declined at starbucks due to insufficient funds
2168,الأهلي,2024-11-11T00:37:00,Your  card xxxx9728 was declined at نون due to insufficient funds
2169,riyad bank,2024-09-07T05:12:00,خصم  رسوم ٤٠.١٢ ر.س على الحساب ***٥٣٥ رقم العملية ٢٤٥٥٥٢٣٩٣
2170,snb,2024-11-23T15:24:00,"سحب نقدي 85,377.94 ر.س من الحساب ***694 بتاريخ 2024-11-23 الرصيد المتاح 248,466.19"
2171,الأهلي,2024-07-22T07:30:00,عزيزنا العميل تم تفعيل خدمة apple pay على حسابك ***466 للاستفسار اتصل على 966531473416
2172,الأهلي,2024-10-29T13:25:00,"سحب  نقدي 24,022.67 USD من الحساب ***668 بتاريخ 29/10/2024 الرصيد المتاح 447,660.56"
2173,بنك الرياض,2024-10-09T03:10:00,Your card ****8865 was declined at amazon.sa due to insufficient funds
2174,alrajhi,2024-06-07T09:41:00,"سحب نقدي 13,138.38 SAR من الحساب ***375 بتاريخ 07/06/2024 الرصيد المتاح 204,306.74"
2175,snb,2024-10-27T05:58:00,Your card ****5986 was declined at carrefour hyper due to insufficient funds
2176,snb,2024-12-05T05:46:00,"تم ايداع راتب بمبلغ 85,306.22 ر.س في الحساب ***517 بتاريخ 2024-12-05"
2177,alrajhi,2024-04-10T06:04:00,خصم رسوم 47.64 SAR على الحساب ***274 رقم العملية 236223119
2178,الأهلي,2024-03-30T07:22:00,"Salary of AED 4,036.25 credited to account ***597 on 30/03/2024"
2179,snb,2024-04-02T21:00:00,"عملية شراء بمبلغ 40,749.34 ر.س لدى نون بالبطاقة ****7080 بتاريخ 2024-04-02 الرصيد المتاح 2,947.24"
2180,الأهلي,2024-04-11T08:35:00,"Transfer of ر.س 32,845.87 to mohammed ali completed. Ref 421678089. Balance ر.س 446,736.13"
2181,snb,2024-09-08T21:29:00,رمز التحقق الخاص بك هو 126041 صالح لمدة 10 دقائق لا تشاركه مع احد
2182,riyad bank,2024-09-01T17:20:00,عزيزنا العميل تم تفعيل خدمة الحوالات الفورية على حسابك ***730 للاستفسار اتصل على 966545466729
2183,بنك الرياض,2024-03-16T17:12:00,رمز التحقق الخاص بك هو 357602 صالح لمدة 15 دقائق لا تشاركه مع احد
2184,الراجحي,2024-06-11T01:02:00,"عملية شراء بمبلغ 23,138.90 ر.س لدى starbucks بالبطاقة xxxx8078 بتاريخ 11/06/2024 الرصيد المتاح 280,008.14"
2185,riyad bank,2024-11-16T23:54:00,"‏تم  تحويل مبلغ ٨,٤٤٢.٦١ USD الى sara a. رقم المرجع ٣٠٧٦٩٩٠٩٨ الرصيد ٤٥٥,٥٤١.٧٩‎"
2186,riyad bank,2024-01-30T03:03:00,"سحب نقدي 51,810.17 USD من الحساب ***263 بتاريخ 2024-01-30 الرصيد المتاح 260,482.26"
2187,snb,2024-10-23T12:33:00,‏رمز التحقق الخاص بك هو 38628 صالح لمدة 15 دقائق لا تشاركه مع احد‎
2188,الراجحي,2024-08-14T03:57:00,"Bill payment SAR ٣٢,١٣٢.٩١ to هنقرستيشن succeeded. Fee SAR ٤٥.٤٣. Ref ٦٦٨٥٢٨٠٠٩"
2189,riyad bank,2024-11-28T16:25:00,"Transfer of Ø±.Ø³ 24,210.81 to sara a. completed. Ref 869812178. Balance ر.س 472,865.61"
2190,الراجحي,2024-08-02T05:40:00,"عملية شراء بمبلغ 51,180.58 ر.س لدى jarir bookstore بالبطاقة xxxx8261 بتاريخ 02/08/2024 الرصيد المتاح 385,998.30"
2191,snb,2024-01-17T14:39:00,"Dear customer, service sms alerts was activated on account ***768. Call 966580829304 for help"
2192,snb,2024-05-26T19:34:00,Your card xxxx6127 was declined at jarir bookstore due to in
2193,riyad bank,2024-03-16T18:35:00,خصم رسوم 62.84 AED على الحساب ***913 رقم العملية 125455220
2194,riyad bank,2024-05-11T13:23:00,"Transfer of AED 25,614.29 to نورة الشمري completed. Ref 421324808. Balance AED 276,296.97"
2195,riyad bank,2024-05-24T13:42:00,رمز  التحقق الخاص بك هو 234980 صالح لمدة 5 دقائق لا تشاركه مع احد
2196,alrajhi,2024-09-27T06:11:00,"Transfer  of SAR 71,745.26 to sara a. completed. Ref 661430261. Balance SAR 435,767.48"
2197,بنك الرياض,2024-04-10T10:50:00,Your card ****6048 was declined at jarir bookstore due to insufficient funds
2198,snb,2024-03-19T15:55:00,عزيزنا العميل تم تفعيل خدمة المدفوعات الدولية على حسابك ***364 للاستفسار ات
2199,بنك الرياض,2024-10-20T16:31:00,"سحب نقدي 86,290.78 USD من الحساب ***115 بتاريخ 2024-10-20 الرصيد المتاح 293,684.93"
2200,الراجحي,2024-10-19T16:17:00,"‏سحب نقدي 15,709.44 ر.س من الحساب ***401 بتاريخ 19/10/2024 الرصيد المتاح 370,602.01‎"
2201,الراجحي,2024-08-14T23:30:00,عزيزنا العميل تم تفعيل خدمة المدفوعات الدولية على حسابك ***178 للاستفسار اتصل على 966556715433
2202,alrajhi,2024-04-29T12:34:00,"سحب نقدي 41,918.41 ر.س من الحساب ***852 بتاريخ 29/04/2024 الرصيد المتاح 187,320.97"
2203,الراجحي,2024-05-20T08:13:00,Your card ****9990 was declined at هنقرستيشن due to insufficient funds
2204,الأهلي,2024-05-14T14:01:00,"ATM withdrawal SAR 13,342.65 from account ***575 on 14/05/2024. Available balance SAR 446,280.36"
2205,alrajhi,2024-02-12T13:59:00,"Salary of USD 38,445.52 credited to account ***259 on 12/02/2024"
2206,snb,2024-06-24T01:19:00,"‏Transfer of USD 52,431.51 to sara a. completed. Ref 317903978. Balance USD 210,332.74‎"
2207,الراجحي,2024-06-04T22:26:00,"عملية شراء بمبلغ 89,610.98 AED لدى بنده بالبطاقة xxxx8574 بتاريخ 04/06/2024 الرصيد المتاح 379,222.55"
2208,snb,2024-04-20T03:59:00,"‏تم ايداع راتب بمبلغ 23,353.48 ر.س في الحساب ***784 بتاريخ 2024-04-20‎"
2209,riyad bank,2024-09-03T21:55:00,خصم Ø±Ø³ÙˆÙ… 16.94 SAR Ø¹Ù„Ù‰ Ø§Ù„Ø­Ø³Ø§Ø¨ ***571 رقم العملية 486003420
2210,بنك الرياض,2024-08-17T19:44:00,"Salary of SAR 8,089.19 credited to account ***559 on 2024-08-17"
2211,الأهلي,2024-01-28T22:14:00,"Dear customer, service المدفوعات الدولية was activated on account ***153. Call 966548442599 for help"
2212,الأهلي,2024-05-10T08:18:00,"Bill payment SAR ٨١,٠٧٣.٠٩ to jarir bookstore succeeded. Fee SAR ٩٠.٩٠. Ref ٩٤٢١٩٦٢٩٩ -snb"
2213,alrajhi,2024-04-09T05:47:00,"تم Ø§ÙŠØ¯Ø§Ø¹ Ø±Ø§ØªØ¨ Ø¨Ù…Ø¨Ù„Øº 10,066.15 AED Ùي الحساب ***286 بتاريخ 2024-04-09"
2214,riyad bank,2024-04-01T21:56:00,"عملية  Ø´Ø±Ø§Ø¡ Ø¨Ù…Ø¨Ù„Øº 68,315.01 Ø±.Ø³ Ù„Ø¯Ù‰ carrefour hyper Ø¨Ø§Ù„Ø¨Ø·Ø§Ù‚ة xxxx7666 بتاريخ 01/04/2024 الرصيد المتاح 144,095.92"
2215,الأهلي,2024-06-16T07:14:00,‏رمز التحقق الخاص بك هو 872800 صالح لمدة 5 دقائق لا تشاركه مع احد‎
2216,snb,2024-03-27T10:53:00,"Dear customer, service الحوالات الفورية was activated on account ***891. Call 966522039319 for help"
2217,الأهلي,2024-08-18T06:41:00,"Bill payment ر.س 72,385.80 to نون succeeded. Fee ر.س 89.88. Ref 922618801 -snb"
2218,الراجحي,2024-08-06T22:58:00,خصم رسوم 53.03 AED على الحساب ***571 رقم العملية 295010883
2219,riyad bank,2024-09-10T00:54:00,‏خصم رسوم 78.14 SAR على الحساب ***258 رقم العملية 199383443‎
2220,الراجحي,2024-02-29T18:20:00,"ATM withdrawal ر.س 52,074.19 from account ***404 on 2024-02-29. Available balance ر.س 263,871.29"
2221,الأهلي,2024-07-27T22:49:00,"Dear customer, service sms alerts was activated on account ***596. Call 966550252323 for help"
2222,alrajhi,2024-03-06T08:25:00,"ATM withdrawal USD 70,937.34 from account ***826 on 2024-03-06. Available balance USD 54,373.26"
2223,الأهلي,2024-02-10T05:09:00,"Transfer of AED 61,964.91 to acme trading llc completed. Ref 804452625. Balance AED 55,897.43"
2224,alrajhi,2024-02-19T06:01:00,عزيزنا العميل تم تفعيل خدمة المدفوعات الدولية على حسابك ***870 للاستفسار اتصل على 966540214068
2225,الأهلي,2024-03-03T22:53:00,"Purchase of AED 9,389.77 at Ø¨Ù†Ø¯Ù‡ on card ending ****2862 on 03/03/2024 22:53. Available balance AED 115,285.09"
2226,بنك الرياض,2024-02-18T18:59:00,"Salary of AED 51,687.30 credited to account ***336 on 18/02/2024"
2227,الراجحي,2024-04-23T11:15:00,"سحب  نقدي 76,112.52 AED من الحساب ***560 بتاريخ 23/04/2024 الرصيد المتاح 56,284.34 شكرا لك"
2228,الراجحي,2024-10-02T04:07:00,"Salary of ر.س 42,326.89 credited to account ***538 on 2024-1"
2229,الراجحي,2024-05-07T08:34:00,خصم رسوم 79.89 AED على الحساب ***674 رقم العملية 730741008
2230,snb,2024-11-19T22:20:00,"‏Purchase of USD 74,124.27 at هنقرستيشن on card ending xxxx8457 on 2024-11-19 22:20. Available balance USD 29,400.99‎"
2231,بنك الرياض,2024-09-12T04:31:00,Your OTP is ٢٨٥٢٢٧. Valid for ٥ minutes. Do not share it with anyone
2232,riyad bank,2024-12-12T16:44:00,رمز التحقق الخاص بك هو 958896 صالح لمدة 10 دقائق لا تشاركه مع احد
2233,الراجحي,2024-07-28T10:39:00,"Salary  of USD 25,336.21 credited to account ***331 on 2024-07-28"
2234,riyad bank,2024-08-27T06:57:00,"عملية شراء بمبلغ 46,247.29 SAR لدى صيدلية النهدي بالبطاقة xxxx7587 بتاريخ 2024-08-27 الرصيد المتاح 211,319.07"
2235,snb,2024-03-24T22:18:00,"تم ØªØ­ÙˆÙŠÙ„ Ù…Ø¨Ù„Øº 5,389.05 Ø±.Ø³ Ø§Ù„Ù‰ acme trading llc رقم المرجع 265564450 الرصيد 468,958.78"
2236,riyad bank,2024-02-09T06:53:00,"‏ATM withdrawal USD 62,762.54 from account ***551 on 2024-02-09. Available balance USD 283,088.14‎"
2237,الأهلي,2024-04-19T08:56:00,"تم ايداع راتب بمبلغ 74,249.27 SAR في الحساب ***187 بتاريخ 19/04/2024"
2238,الراجحي,2024-02-10T05:15:00,"Dear customer, service apple pay was activated on account ***199. Call 966585186777 for help"
2239,alrajhi,2024-02-02T10:17:00,"Dear customer, service apple pay was activated on account ***960. Call 966554364042 for help"
2240,الأهلي,2024-04-22T00:59:00,Your  OTP is 523372. Valid for 10 minutes. Do not share it with anyone
2241,الأهلي,2024-04-05T01:09:00,"Dear customer, service المدفوعات الدولية was activated on account ***959. Call 966557578405 for help"
2242,بنك الرياض,2024-07-27T20:11:00,رمز التحقق الخاص بك هو 757378 صالح لمدة 15 دقائق لا تشاركه مع احد
2243,riyad bank,2024-05-22T03:43:00,"Bill payment AED 52,463.32 to صيدلية النهدي succeeded. Fee AED 24.03. Ref 432310201"
2244,snb,2024-03-30T02:01:00,"Dear customer, service الحوالات الفورية was activated on account ***586. Call 966552390528 for help"
2245,الأهلي,2024-03-21T21:53:00,"Bill payment USD 24,471.95 to صيدلية النهدي succeeded. Fee USD 24.80. Ref 810207399"
2246,بنك الرياض,2024-06-25T02:16:00,‏Bill  payment AED 367.13 to بنده succeeded. Fee AED 44.80. Ref 379274326‎
2247,بنك الرياض,2024-06-21T09:36:00,‏عزيزنا العميل تم تفعيل خدمة sms alerts على حسابك ***977 للاستفسار اتصل على 966561605202‎
2248,بنك الرياض,2024-10-19T16:39:00,"تم ايداع راتب بمبلغ 80,453.86 SAR في الحساب ***560 بتاريخ 2024-10-19"
2249,riyad bank,2024-11-11T06:14:00,"عملية شراء بمبلغ 8,076.21 ر.س لدى نون بالبطاقة xxxx4900 بتاريخ 11/11/2024 الرصيد المتاح 270,625.30"
2250,alrajhi,2024-08-05T07:51:00,عزيزنا العميل تم تفعيل خدمة sms alerts على حسابك ***641 للاستفسار اتصل على 966588046007
2251,الراجحي,2024-01-07T22:43:00,خصم رسوم 50.48 USD على الحساب ***486 رقم العملية 208955906
2252,alrajhi,2024-03-27T08:23:00,"ATM withdrawal AED 26,870.64 from account ***544 on 27/03/2024. Available balance AED 50,703.12"
2253,الأهلي,2024-02-06T22:18:00,خصم رسوم 7.35 ر.س على الحساب ***847 رقم العمل
2254,الراجحي,2024-02-01T01:57:00,‏خصم رسوم 22.00 ر.س على الحساب ***803 رقم العملية 287724406‎
2255,بنك الرياض,2024-07-07T05:24:00,رمز التحقق الخاص بك هو 885940 صالح لمدة 15 دقائق لا تشاركه مع احد
2256,الأهلي,2024-06-27T19:40:00,"عملية شراء بمبلغ 16,102.63 USD لدى نون بالبطاقة ****2481 بتاريخ 27/06/2024 الرصيد المتاح 435,493.37"
2257,snb,2024-09-15T19:17:00,"‏Purchase of USD 84,186.94 at carrefour hyper on card ending xxxx2992 on 2024-09-15 19:17. Available balance USD 410,369.31‎"
2258,snb,2024-02-25T11:57:00,"Dear customer, service sms alerts was activated on account ***322. Call 966558301912 for help"
2259,alrajhi,2024-05-30T23:47:00,"‏تم  ايداع راتب بمبلغ 77,091.27 USD في الحساب ***157 بتاريخ 30/05/2024‎"
2260,الأهلي,2024-11-17T12:15:00,عزيزنا العميل تم تفعيل خدمة الحوالات الفورية على حسابك ***248 للاستفسار اتصل على 966570016717 thank you
2261,riyad bank,2024-01-07T13:34:00,Your card xxxx3026 was declined at هنقرستيشن due to insufficient funds
2262,بنك الرياض,2024-11-01T03:04:00,"عملية Ø´Ø±Ø§Ø¡ Ø¨Ù…Ø¨Ù„Øº 64,049.41 Ø±.Ø³ Ù„Ø¯Ù‰ Ø¨Ù†Ø¯Ù‡ Ø¨Ø§Ù„Ø¨Ø·Ø§Ù‚Ø© ****1910 بتاريخ 2024-11-01 الرصيد المتاح 116,209.61"
2263,alrajhi,2024-02-24T07:31:00,"تم تحويل مبلغ 82,231.21 AED الى mohammed ali رقم المرجع 214838338 الرصيد 440,295.65"
2264,بنك الرياض,2024-12-13T02:26:00,‏Your card ****4828 was declined at بنده due to insufficient funds‎
2265,الراجحي,2024-02-15T20:25:00,عزيزنا العميل تم تفعيل خدمة المدفوعات الدولية على حسابك ***207 للاستفسار اتصل على 966561013213 -alrajhi
2266,snb,2024-09-12T02:23:00,"تم ايداع راتب بمبلغ 42,386.18 SAR في الحساب ***572 بتاريخ 12/09/2024 -بنك الرياض"
2267,الأهلي,2024-11-08T08:21:00,"Bill  payment SAR 8,060.28 to carrefour hyper succeeded. Fee SAR 7.13. Ref 136193259"
2268,الراجحي,2024-02-19T20:06:00,خصم رسوم 93.36 USD على الحساب ***871 رقم العمل
2269,alrajhi,2024-03-07T16:47:00,رمز التحقق الخاص بك هو 124004 صالح لمدة 10 دقائق لا تشاركه مع احد
2270,الأهلي,2024-02-03T17:59:00,"سحب  نقدي 65,119.48 USD من الحساب ***504 بتاريخ 03/02/2024 الرصيد المتاح 440,522.19"
2271,الأهلي,2024-08-01T21:45:00,"Salary of USD 69,769.07 credited to account ***756 on 01/08/2024"
2272,الراجحي,2024-01-06T13:09:00,"ATM withdrawal USD 22,733.80 from account ***576 on 06/01/2024. Available balance USD 335,705.65"
2273,snb,2024-11-20T20:14:00,"تم تحويل مبلغ 7,385.69 SAR الى acme trading llc رقم المرجع 599919827 الرصيد 84,874.20"
2274,بنك الرياض,2024-04-27T18:57:00,"تم  تحويل مبلغ 84,233.64 ر.س الى acme trading llc رقم المرجع 122402206 الرصيد 219,650.34"
2275,الراجحي,2024-01-27T19:38:00,"Bill payment AED 78,505.28 to نون succeeded. Fee AED 59.25. Ref 448171805"
2276,بنك الرياض,2024-03-23T07:37:00,"تم تحويل مبلغ 14,045.44 SAR الى نورة الشمري رقم المرجع 806960492 الرصيد 119,149.10"
2277,riyad bank,2024-10-14T01:31:00,Your OTP is 156300. Valid for 5 minutes. Do not share 
2278,الأهلي,2024-10-10T10:35:00,"‏Salary  of USD 10,562.22 credited to account ***118 on 2024-10-10‎"
2279,riyad bank,2024-08-08T19:19:00,رمز التحقق الخاص بك هو 443945 صالح لمدة 15 دقائق لا تشاركه مع احد
2280,riyad bank,2024-11-24T07:57:00,"تم  تحويل مبلغ 60,057.87 USD الى نورة الشمري رقم المرجع 222335017 الرصيد 216,804.82"
2281,alrajhi,2024-09-24T21:40:00,"Transfer of AED 64,165.21 to sara a. completed. Ref 568774022. Balance AED 392,228.00"
2282,الأهلي,2024-10-09T21:25:00,"Purchase of ر.س 57,258.68 at starbucks on card ending ****1993 on 2024-10-09 21:25. Available balance ر.س 318,746.19"
2283,الراجحي,2024-02-13T15:44:00,"ATM withdrawal SAR 5,869.76 from account ***835 on 13/02/2024. Available bal"
2284,بنك الرياض,2024-11-26T06:00:00,"تم  ايداع راتب بمبلغ 29,245.83 SAR في الحساب ***406 بتاريخ 2024-11-26"
2285,الراجحي,2024-08-04T13:13:00,"تم ايداع راتب بمبلغ 19,654.71 ر.س في الحساب ***958 بتاريخ 2024-08-04"
2286,snb,2024-10-21T13:20:00,"Purchase of ر.س 5,797.62 at jarir bookstore on card ending ****7992 on 2024-10-21 13:20. Available balance ر.س 226,723.15"
2287,alrajhi,2024-04-02T01:54:00,Your  card ****4160 was declined at carrefour hyper due to insufficient funds
2288,alrajhi,2024-06-13T21:17:00,"Dear customer, service apple pay was activated on account ***594. Call 966585098212 for help"
2289,alrajhi,2024-08-06T16:30:00,"تم ايداع راتب بمبلغ 23,337.37 AED في الحساب ***524 بتاريخ 2024-08-06"
2290,بنك الرياض,2024-12-02T04:27:00,"Dear  customer, service apple pay was activated on account ***160. Call 96"
2291,alrajhi,2024-02-12T06:11:00,"عملية  شراء بمبلغ 82,051.15 USD لدى صيدلية النهدي بالبطاقة ****6231 بتاريخ 12/02/2024 الرصيد المتاح 108,675.83 thank you"
2292,الأهلي,2024-03-12T15:03:00,Your card xxxx3128 was declined at هنقرستيشن due to insufficient funds
2293,الأهلي,2024-02-12T22:04:00,"تم تحويل مبلغ 76,975.48 AED الى sara a. رقم المرجع 289497137 الرصيد 288,988.66"
2294,الراجحي,2024-02-12T15:43:00,‏رمز التحقق الخاص بك هو 733101 صالح لمدة 10 دقائق لا تشاركه مع احد‎
2295,بنك الرياض,2024-08-15T15:56:00,"‏سحب نقدي 70,964.69 ر.س من الحساب ***424 بتاريخ 15/08/2024 الرصيد المتاح 419,418.96‎"
2296,alrajhi,2024-04-21T07:42:00,"‏سحب نقدي 54,999.13 AED من الحساب ***817 بتاريخ 21/04/2024 الرصيد المتاح 448,233.23‎ شكرا لك"
2297,riyad bank,2024-11-18T07:36:00,"Purchase of USD 15,317.30 at صيدلية النهدي on card ending xxxx8432 on 18/11/2024 07:36. Available balance USD 178,759.66"
2298,alrajhi,2024-10-15T16:57:00,عزيزنا  Ø§Ù„Ø¹Ù…ÙŠÙ„ ØªÙ… ØªÙØ¹ÙŠÙ„ Ø®Ø¯Ù…Ø© Ø§Ù„Ù…Ø¯ÙÙˆØ¹Ø§Øª Ø§Ù„Ø¯ÙˆÙ„ÙŠØ© Ø¹Ù„Ù‰ حسابك ***787 للاستفسار اتصل على 966526803872
2299,الراجحي,2024-08-24T00:25:00,"Salary of ر.س 73,160.34 credited to account ***755 on 24/08/2024"
2300,بنك الرياض,2024-05-11T09:48:00,"تم تحويل مبلغ 84,897.30 AED الى mohammed ali رقم المرجع 956936478 الرصيد 334,914.98"
2301,alrajhi,2024-06-06T09:07:00,رمز التحقق الخاص بك هو 72262 صالح لمدة 15 دقائق لا تشاركه مع احد
2302,بنك الرياض,2024-11-19T06:35:00,"سحب نقدي 61,986.78 ر.س من الحساب ***933 بتاريخ 2024-11-19 الرصيد المتاح 11,177.25"
2303,snb,2024-06-27T03:14:00,"Purchase of SAR ٨٦,١٣٧.٥٥ at صيدلية النهدي on card ending ****٥٥٥٣ on ٢٠٢٤-٠٦-٢٧ ٠٣:١٤. Available balance SAR ٣٨٥,٢٤٧.١٠"
2304,الراجحي,2024-07-27T07:30:00,"Purchase of USD 86,395.31 at jarir bookstore on card ending ****4522 on 2024-07-27 07:30. Available balance USD 84,235.16"
2305,snb,2024-01-19T21:25:00,"Transfer of Ø±.Ø³ 79.46 to acme trading llc completed. Ref 186470081. Balance ر.س 474,628.30"
2306,الأهلي,2024-01-28T11:28:00,"Bill payment ر.س 47,308.91 to صيدلية النهدي succeeded. Fee ر.س 18.37. Ref 797411068"
2307,الأهلي,2024-07-15T05:28:00,"Bill payment AED 75,494.27 to amazon.sa succeeded. Fee AED 51.1"
2308,snb,2024-03-29T20:52:00,"ATM withdrawal SAR ٦٠,٩٩١.٣٠ from account ***٦٩٧ on ٢٩/٠٣/٢٠٢٤. Available balance SAR ٢٨٩,٣٠٦.٤٧"
2309,الراجحي,2024-10-02T08:39:00,"Purchase of ر.س 45,600.43 at starbucks on card ending ****2281 on 2024-10-02 08:39. Available balance ر.س 211,528.46"
2310,riyad bank,2024-07-10T10:37:00,"Transfer of SAR 43,166.08 to خالد العتيبي completed. Ref 947678328. Balance SAR 65,160.65"
2311,alrajhi,2024-09-27T13:57:00,"Purchase of AED ٦٨,١٠٦.٠٣ at jarir bookstore on card ending ****١٩٩٢ on ٢٧/٠٩/٢٠٢٤ ١٣:٥٧. Available balance AED ١١٩,٦٣٦.٥٢"
2312,riyad bank,2024-11-21T09:44:00,"Transfer of SAR 8,276.49 to mohammed ali completed. Ref 113923112. Balance SAR 499,467.49"
2313,الراجحي,2024-01-31T10:02:00,"Purchase of AED 76,041.06 at carrefour hyper on card ending ****9176 on 2024-01-31 10:02. Available balance AED 73,504.24"
2314,alrajhi,2024-04-13T23:08:00,خصم رسوم 41.62 USD على الحساب ***329 رقم العملية 376791461
2315,الراجحي,2024-08-29T16:28:00,خصم رسوم 79.18 SAR على الحساب ***412 رقم العملية 863344852
2316,الأهلي,2024-04-17T21:29:00,"Dear customer, service Ø§Ù„Ù…Ø¯ÙÙˆØ¹Ø§Øª Ø§Ù„Ø¯ÙˆÙ„ÙŠØ© was activated on account ***208. Call 966552843926 for help"
2317,snb,2024-04-18T23:09:00,"تم  ايداع راتب بمبلغ 25,187.33 SAR في الحساب ***650 بتاريخ 2024-04-18"
2318,alrajhi,2024-05-10T05:47:00,رمز التحقق الخاص بك هو 317156 صالح لمدة 5 دقائق لا 
2319,الأهلي,2024-12-08T12:33:00,"‏عملية شراء بمبلغ 28,387.19 ر.س لدى carrefour hyper بالبطاقة ****2657 بتاريخ 08/12/2024 الرصيد المتاح 240,766.91‎"
2320,بنك الرياض,2024-11-13T07:22:00,"عملية شراء بمبلغ 3,408.10 ر.س لدى صيدلية النهدي بالبطاقة xxxx6005 بتاريخ 2024-11-13 الرصيد المتاح 479,512.95"
2321,الأهلي,2024-09-18T05:03:00,"Salary  of SAR 82,292.14 credited to account ***589 on 18/09/2024"
2322,الراجحي,2024-06-29T21:21:00,"تم ايداع راتب بمبلغ 69,018.54 SAR في الحساب ***669 بتاريخ 29/06/2024"
2323,بنك الرياض,2024-07-02T13:53:00,"Transfer of SAR 73,722.25 to sara a. completed. Ref 324047987. Bala"
2324,alrajhi,2024-07-18T15:33:00,"تم  تحويل مبلغ 88,397.44 USD الى acme trading llc رقم المرجع 344315246 الرصيد 126,457.52"
2325,snb,2024-02-02T17:06:00,"‏Purchase of ر.س 9,495.96 at نون on card ending ****2999 on 2024-02-02 17:06. Available balance ر.س 387,679.45‎"
2326,بنك الرياض,2024-11-14T20:07:00,"تم تحويل مبلغ 30,696.69 USD الى acme trading llc رقم المرجع 164630995"
2327,الأهلي,2024-01-18T10:38:00,"‏عملية شراء بمبلغ 27,339.41 SAR لدى jarir bookstore بالبطاقة ****7686 بتاريخ 2024-01-18 الرصيد المتاح 156,978.49‎"
2328,alrajhi,2024-11-24T13:56:00,"عملية شراء بمبلغ ٦٩,٦٤٤.٣١ AED لدى jarir bookstore بالبطاقة xxxx٨٥٥٦ بتاريخ ٢٠٢٤-١١-٢٤ الرصيد المتاح ٣٥٥,٢٧٨.٣١"
2329,alrajhi,2024-10-10T16:55:00,Your card xxxx8309 was declined at carrefour hyper due to insufficient funds
2330,snb,2024-05-08T02:50:00,"Dear customer, service المدفوعات الدولية was activated on account ***448. Call 966542594021 for help"
2331,بنك الرياض,2024-03-10T04:33:00,عزيزنا العميل تم تفعيل خدمة الحوالات الفورية على حسابك ***169 للاستفسار اتصل على 966527878966
2332,riyad bank,2024-08-26T23:40:00,"Bill payment SAR 16,731.02 to هنقرستيشن succeeded. Fee SAR 3.94. Ref 293888045"
2333,riyad bank,2024-06-01T14:20:00,"ATM withdrawal SAR 33,131.90 from account ***147 on 01/06/2024. Available balance SAR 388,121.10"
2334,الأهلي,2024-11-14T08:47:00,"‏Bill payment SAR 14,158.28 to هنقرستيشن succeeded. Fee SAR 55.97. Ref 389010914‎"
2335,riyad bank,2024-07-04T03:28:00,عزيزنا  العميل تم تفعيل خدمة المدفوعات الدولية على حسابك ***656 للاستفسار اتصل على 966518390078
2336,snb,2024-06-10T17:22:00,"Purchase of USD 83,197.90 at carrefour hyper on card ending xxxx4603 on 10/06/2024 17:22. Available balance USD 161,431.68"
2337,الراجحي,2024-05-13T03:21:00,Your OTP is 790486. Valid for 15 minutes. Do not share it with anyone
2338,snb,2024-11-14T05:53:00,"تم ايداع راتب بمبلغ 59,106.32 ر.س في الحساب ***684 بتاريخ 2024-11-14"
2339,riyad bank,2024-06-25T15:10:00,"تم تحويل مبلغ 19,465.50 AED الى mohammed ali رقم المرجع 152338483 الرصيد 495,874.83"
2340,بنك الرياض,2024-01-29T02:52:00,"Dear customer, service apple pay was activated on account ***٣٨٩. Call ٩٦٦٥٢٩٤٢٩٠٠٣ for help"
2341,alrajhi,2024-07-11T06:32:00,"Salary of AED 37,278.13 credited to account ***180 on 2024-07-11"
2342,alrajhi,2024-12-11T11:32:00,"تم  ØªØ­ÙˆÙŠÙ„ Ù…Ø¨Ù„Øº 22,195.29 Ø±.Ø³ Ø§Ù„Ù‰ sara a. رقم المرجع 359947457 الرصيد 217,076.00"
2343,الأهلي,2024-11-14T13:59:00,"سحب نقدي 69,379.65 SAR من الحساب ***659 بتاريخ 2024-11-14 الرصيد المتاح 107,127.35"
2344,الراجحي,2024-04-23T12:13:00,"‏Salary of USD 50,831.81 credited to account ***124 on 2024-04-23‎"
2345,الراجحي,2024-05-18T05:03:00,"تم ايداع راتب بمبلغ 76,393.00 USD في الحساب ***739 بتاريخ 18/05/2024"
2346,الراجحي,2024-03-08T02:17:00,‏رمز التحقق الخاص بك هو 967496 صالح لمدة 10 دقائق لا تشاركه مع احد‎ -الأهلي
2347,alrajhi,2024-05-03T14:18:00,"Salary of SAR 54,020.19 credited to account ***278 on 03/05/2024"
2348,بنك الرياض,2024-01-01T11:11:00,"عملية شراء بمبلغ 77,277.74 SAR لدى نون بالبطاقة ****1332 بتاريخ 01/01/2024 الرصيد المتاح 326,258.34"
2349,riyad bank,2024-01-12T01:01:00,"سحب نقدي 84,644.14 AED من الحساب ***133 بتاريخ 12/01/2024 الرصيد المتاح 231,913.23"
2350,الراجحي,2024-08-05T12:24:00,"عملية Ø´Ø±Ø§Ø¡ Ø¨Ù…Ø¨Ù„Øº 34,835.90 SAR Ù„Ø¯Ù‰ carrefour hyper Ø¨Ø§Ù„Ø¨Ø·Ø§Ù‚ة ****2788 بتاريخ 05/08/2024 الرصيد المتاح 403,892.01"
2351,الراجحي,2024-12-02T06:26:00,"ATM  withdrawal SAR 58,287.27 from account ***340 on 02/12/2024. Available balance SAR 83,451.89"
2352,الأهلي,2024-06-16T13:03:00,"تم تحويل مبلغ 47,263.05 AED الى acme trading llc رقم المرجع 988480575 الرصيد 184,777.46 thank you"
2353,الأهلي,2024-04-02T12:27:00,"ATM  withdrawal SAR 53,026.52 from account ***645 on 2024-04-02. Available balance SAR 434,371.95"
2354,بنك الرياض,2024-11-17T17:58:00,Your  card xxxx6003 was declined at amazon.sa due to insufficient funds
2355,alrajhi,2024-10-16T23:14:00,"Transfer of ر.س 18,637.91 to acme trading llc completed. Ref 158791065. Balance ر.س 382,163.18"
2356,riyad bank,2024-02-09T23:55:00,"تم Ø§ÙŠØ¯Ø§Ø¹ Ø±Ø§ØªØ¨ Ø¨Ù…Ø¨Ù„Øº 23,129.48 AED Ùي الحساب ***162 بتاريخ 2024-02-09"
2357,alrajhi,2024-07-29T12:16:00,"Dear customer, service الحوالات الفورية was activated on account ***491. Call 966574060599 for help"
2358,الراجحي,2024-06-03T07:22:00,"Bill payment AED 88,656.16 to نون succeeded. Fee AED 9.17. Ref 631487102"
2359,snb,2024-11-13T21:58:00,"Bill payment AED 27,232.30 to بنده succeeded. Fee AED 56.56. Ref 648306812"
2360,الأهلي,2024-08-05T21:35:00,"ATM  withdrawal AED 44,313.26 from account ***184 on 05/08/2024. Available balance AED 104,405.14"
2361,بنك الرياض,2024-09-06T19:44:00,Your OTP is 465718. Valid for 10 minutes. Do not share it with anyone
2362,بنك الرياض,2024-11-28T17:05:00,"تم تحويل مبلغ ٨٦,٠٧٨.٨٧ USD الى acme trading llc رقم المرجع ٩١٠٨٥١٣١٢ الرصيد ٢٨٧,٣٠١.٦٧"
2363,الراجحي,2024-04-14T21:26:00,"عملية شراء بمبلغ 346.51 AED لدى نون بالبطاقة ****5544 بتاريخ 2024-04-14 الرصيد المتاح 108,883.16"
2364,الراجحي,2024-03-28T23:33:00,"Transfer of SAR 51,681.98 to sara a. completed. Ref 472362406. Balance SAR 420,928.42"
2365,alrajhi,2024-11-10T03:05:00,"Salary of USD 39,902.86 credited to account ***546 on 2024-11-10"
2366,الراجحي,2024-03-29T03:04:00,Your card ****1219 was declined at بنده due to insufficient funds
2367,الأهلي,2024-10-15T11:27:00,"سحب  نقدي 21,914.60 ر.س من الحساب ***200 بتاريخ 2024-10-15 الرصيد المتاح 208,850.82"
2368,بنك الرياض,2024-07-03T13:06:00,"ATM withdrawal AED 79,823.04 from account ***459 on 2024-07-03. Available ba"
2369,الأهلي,2024-01-22T15:41:00,"تم ايداع راتب بمبلغ 33,101.72 SAR في الحساب ***411 بتاريخ 22/01/2024"
2370,riyad bank,2024-04-14T18:34:00,"عملية شراء بمبلغ 76,488.35 AED لدى jarir bookstore بالبطاقة xxxx2787 بتاريخ 2024-04-14 الرصيد المتاح 49,936.91"
2371,بنك الرياض,2024-08-18T23:55:00,"سحب نقدي 4,260.74 USD من الحساب ***261 بتاريخ 18/08/2024 الرصيد المتاح 180,706.18"
2372,snb,2024-09-17T19:54:00,"ATM withdrawal ر.س ٢٧,٩٨٥.٥٢ from account ***٥٢٠ on ٢٠٢٤-٠٩-١٧. Available balance ر.س ٥,٥٥٦.٨٦"
2373,riyad bank,2024-03-04T10:33:00,عزيزنا العميل تم تفعيل خدمة المدفوعات الدولية على حسابك ***832 للاستفسار اتصل على 966527080146
2374,بنك الرياض,2024-08-10T03:59:00,"Dear customer, service Ø§Ù„Ù…Ø¯ÙÙˆØ¹Ø§Øª Ø§Ù„Ø¯ÙˆÙ„ÙŠØ© was activated on account ***465. Call 966578473993 for help"
2375,alrajhi,2024-05-04T09:32:00,"عملية  شراء بمبلغ 81,218.35 USD لدى نون بالبطاقة ****1305 بتاريخ 2024-05-04 الرصيد المتاح 455,100.63"
2376,riyad bank,2024-04-22T04:20:00,Your OTP is 843099. Valid for 5 minutes. Do not share 
2377,الأهلي,2024-10-14T13:09:00,‏عزيزنا العميل تم تفعيل خدمة apple pay على حسابك ***١٦٩ للاستفسار اتصل على ٩٦٦٥٣٦٧٦٦٢١٦‎
2378,alrajhi,2024-06-26T23:24:00,"Purchase of SAR 81,041.96 at starbucks on card ending xxxx7094 on 2024-06-26 23:24. Available balance SAR 68,837.78 -riyad bank"
2379,alrajhi,2024-03-27T19:52:00,"تم تحويل مبلغ 35,800.45 ر.س الى mohammed ali رقم المرجع 461376691 الرصيد 283,124.17"
2380,snb,2024-10-15T16:44:00,"Purchase of ر.س 4,541.74 at بنده on card ending xxxx5506 on 15/10/2024 16:44. Available balance ر.س 90,044.62"
2381,riyad bank,2024-12-05T03:34:00,"Transfer of Ø±.Ø³ 38,665.61 to acme trading llc completed. Ref 442869460. Balance ر.س 460,006.67"
2382,بنك الرياض,2024-06-30T03:48:00,رمز  التحقق الخاص بك هو 336474 صالح لمدة 10 دقائق لا تشاركه مع احد
2383,الأهلي,2024-08-19T19:47:00,"Salary of AED 44,515.44 credited to account ***547 on 19/08/2024"
2384,بنك الرياض,2024-01-24T10:38:00,"Salary of AED 61,027.75 credited to account ***200 on 24/01/2024"
2385,alrajhi,2024-04-08T23:30:00,"Dear customer, service sms alerts was activated on account ***٢٩٥. Call ٩٦٦٥٤٠٠٤٧٢٩٤ for help"
2386,riyad bank,2024-07-04T03:57:00,"Transfer of SAR 23,435.03 to mohammed ali completed. Ref 318427107. Balance SAR 447,450.78"
2387,الأهلي,2024-02-12T21:34:00,"سحب نقدي 75,207.93 ر.س من الحساب ***774 بتاريخ 2024-02-12 الرصيد المتاح 221,156.55"
2388,alrajhi,2024-02-03T21:00:00,"تم ايداع راتب بمبلغ 57,128.00 AED في الحساب ***766 بتاريخ 2024-02-03 -riyad bank"
2389,snb,2024-06-10T13:05:00,"ATM withdrawal SAR 38,507.81 from account ***463 on 10/06/2024. Available balance SAR 203,399.31"
2390,الأهلي,2024-07-12T19:27:00,"‏Bill payment ر.س 47,435.19 to بنده succeeded. Fee ر.س 71.52. Ref 779672306‎"
2391,snb,2024-08-30T01:58:00,Your OTP is 153285. Valid for 10 minutes. Do not share it with
2392,الأهلي,2024-12-03T04:12:00,"Salary of ر.س 32,897.08 credited to account ***150 on 03/"
2393,alrajhi,2024-04-08T06:13:00,رمز التحقق الخاص بك هو 653984 صالح لمدة 15 دقائق لا تشاركه مع احد
2394,alrajhi,2024-06-12T20:37:00,خصم رسوم ٢١.١٧ AED على الحساب ***٨٤٨ رقم العملية ٦٦٧٩١٤٨١٤
2395,الأهلي,2024-07-05T09:47:00,Your card ****6158 was declined at starbucks due to insufficient funds
2396,بنك الرياض,2024-04-11T21:46:00,"Purchase  of AED 7,249.26 at هنقرستيشن on card ending xxxx6347 on 11/04/2024 21:46. Available balance AED 491,308.53"
2397,الأهلي,2024-10-13T05:07:00,عزيزنا العميل تم تفعيل خدمة sms alerts على حسابك ***312 للاستفسار اتصل على 966541917356
2398,alrajhi,2024-07-15T14:38:00,"Bill payment ر.س 53,301.82 to هنقرستيشن succeeded. Fee ر.س 25.69. Ref 591441005"
2399,snb,2024-10-29T08:51:00,"Dear  customer, service الحوالات الفورية was activated on account ***785. Call 966564572801 for help شكرا لك"
2400,بنك الرياض,2024-04-14T10:18:00,رمز التحقق الخاص بك هو 595147 صالح لمدة 5 دقائق لا تشاركه مع احد
2401,الأهلي,2024-01-09T08:44:00,"عملية شراء بمبلغ ٧٤,٤٣٧.٠٦ AED لدى هنقرستيشن بالبطاقة xxxx٥٤٠٣ بتاريخ ٢٠٢٤-٠١-٠٩ الرصيد المتاح ٥٧,٣٣٩.٦٦"
2402,الراجحي,2024-01-03T03:19:00,"Purchase of AED 27,807.35 at نون on card ending xxxx9026 on 03/01/2024 03:19. Available balance AED 303,016.60"
2403,الأهلي,2024-11-21T05:48:00,"تم تحويل مبلغ 53,004.80 SAR الى mohammed ali رقم المرجع 263607062 الرصيد 498,639.77"
2404,riyad bank,2024-11-06T04:42:00,رمز التحقق الخاص بك هو 891607 صالح لمدة 10 دقائق لا تشاركه مع احد شكرا لك
2405,riyad bank,2024-07-11T10:11:00,عزيزنا العميل تم تفعيل خدمة apple pay على حسابك ***679 للاستفسار اتصل على 966574586209
2406,بنك الرياض,2024-01-19T11:24:00,"Dear  customer, service الحوالات الفورية was activated on account ***438. Call 966561292572 for help شكرا لك"
2407,alrajhi,2024-10-05T04:05:00,"تم تحويل مبلغ 271.48 AED الى sara a. رقم المرجع 702318118 الرصيد 365,474.34"
2408,الأهلي,2024-09-09T20:33:00,عزيزنا العميل تم تفعيل خدمة الحوالات الفورية على حسابك ***556 للاستفسار اتصل على 966572207300
2409,snb,2024-06-27T18:05:00,"ATM  withdrawal AED 59,506.51 from account ***204 on 2024-06-27. Available balance AED 405,336.35"
2410,بنك الرياض,2024-07-22T12:21:00,"تم ايداع راتب بمبلغ 34,177.35 SAR في الحساب ***286 بتاريخ 22/07/2024"
2411,بنك الرياض,2024-02-26T12:14:00,عزيزنا العميل تم تفعيل خدمة المدفوعات الدولية على حسابك ***757 للاستفسار اتصل على 966584047808 -snb
2412,alrajhi,2024-02-02T17:40:00,Your OTP is 337282. Valid for 10 minutes. Do not share it with anyone
2413,alrajhi,2024-07-30T20:29:00,‏خصم  رسوم 13.65 ر.س على الحساب ***181 رقم العملية 372683866‎
2414,riyad bank,2024-04-11T09:08:00,"Purchase of SAR 2,877.57 at نون on card ending xxxx6853 on 2024-04-11 09:08. Available balance SAR 50,856.44"
2415,الراجحي,2024-01-20T04:42:00,"ATM withdrawal AED 51,926.69 from account ***133 on 20/01/2024. Available balance AED 2,027.77"
2416,alrajhi,2024-03-20T10:50:00,"Bill payment SAR 89,746.81 to starbucks succeeded. Fee SAR 33.70. Ref 178387784"
2417,الراجحي,2024-08-22T22:34:00,"Transfer  of AED 1,436.79 to خالد العتيبي completed. Ref 679454287. Balance AED 96,607.46"
2418,الراجحي,2024-03-17T06:50:00,"عملية شراء بمبلغ 34,839.92 ر.س لدى نون بالبطاقة ****1282 بتاريخ 2024-03-17 الرصيد المتاح 161,970.14"
2419,الراجحي,2024-01-21T19:29:00,"Transfer  of SAR 40,007.68 to نورة الشمري completed. Ref 228126373. Balance SAR 9,258.66"
2420,riyad bank,2024-09-20T07:29:00,Your  card xxxx6831 was declined at نون due to insufficient funds
2421,riyad bank,2024-12-04T09:12:00,"Salary  of SAR 56,916.74 credited to account ***252 on 04/12/2024"
2422,الراجحي,2024-01-21T15:18:00,عزيزنا العميل تم تفعيل خدمة apple pay على حسابك ***١٧٢ للاستفسار اتصل على ٩٦٦٥٨١١٠٤٢٥١
2423,riyad bank,2024-12-07T16:22:00,"Salary of AED 25,400.86 credited to account ***111 on 07/12/2024 شكرا لك"
2424,alrajhi,2024-02-20T22:55:00,"‏Dear customer, service apple pay was activated on account ***859. Call 966598134022 for help‎"
2425,riyad bank,2024-09-02T21:00:00,خصم رسوم 97.40 USD على الحساب ***151 رقم العملية 736219124
2426,الراجحي,2024-11-30T19:58:00,"Dear customer, service الحوالات الفورية was activated on account ***844. Call 966555253615 for help"
2427,بنك الرياض,2024-10-17T22:56:00,"Dear customer, service المدفوعات الدولية was activated on account ***159. Call 966517029330 for help"
2428,الأهلي,2024-09-07T06:34:00,"ATM withdrawal SAR 29,848.63 from account ***251 on 2024-09-07. Available balance SAR 333,816.96"
2429,snb,2024-01-13T00:01:00,‏خصم رسوم 55.82 AED على الحساب ***820 رقم العملية 460529933‎
2430,الأهلي,2024-12-11T01:16:00,"Bill payment AED 58,985.12 to صيدلية النهدي succeeded. Fee AED 15.98. Ref 652394926"
2431,alrajhi,2024-06-22T20:12:00,رمز التحقق الخاص بك هو 787943 صالح لمدة 10 دقائق لا تشاركه مع احد
2432,الأهلي,2024-09-09T05:00:00,رمز  Ø§Ù„ØªØ­Ù‚Ù‚ Ø§Ù„Ø®Ø§Øµ Ø¨Ùƒ Ù‡Ùˆ 469418 ØµØ§Ù„Ø­ لمدة 10 دقائق لا تشاركه مع احد
2433,بنك الرياض,2024-01-08T04:22:00,Your OTP is 472139. Valid for 10 minutes. Do not share it with anyone
2434,بنك الرياض,2024-08-14T00:22:00,خصم  Ø±Ø³ÙˆÙ… 88.72 AED Ø¹Ù„Ù‰ Ø§Ù„Ø­Ø³Ø§Ø¨ ***765 رقم العملية 604964682
2435,بنك الرياض,2024-05-11T10:35:00,خصم رسوم 5.29 USD على الحساب ***755 رقم العملية 789382467 thank you
2436,بنك الرياض,2024-10-21T14:05:00,"تم ايداع راتب بمبلغ 51,958.94 AED في الحساب ***853 بتاريخ 21/10/2024 -الراجحي"
2437,snb,2024-04-26T16:12:00,"Purchase of SAR 11,993.37 at carrefour hyper on card ending ****6480 on 26/04/2024 16:12. Availa"
2438,alrajhi,2024-02-29T16:04:00,عزيزنا العميل تم تفعيل خدمة sms alerts على حسابك ***965 للاستفسار اتصل على 966580731655
2439,alrajhi,2024-05-30T10:31:00,"تم Ø§ÙŠØ¯Ø§Ø¹ Ø±Ø§ØªØ¨ Ø¨Ù…Ø¨Ù„Øº 62,485.63 USD Ùي الحساب ***750 بتاريخ 30/05/2024"
2440,بنك الرياض,2024-04-20T04:07:00,"تم ايداع راتب بمبلغ 25,013.08 SAR في الحساب ***744 بتاريخ 2024-04-20"
2441,الأهلي,2024-03-16T16:21:00,"Purchase of Ø±.Ø³ 85,976.28 at amazon.sa on card ending ****9141 on 16/03/2024 16:21. Available balance ر.س 219,292.33"
2442,الراجحي,2024-11-01T12:08:00,"Bill  payment AED 48,164.81 to starbucks succeeded. Fee AED 70.21. Ref 291784148"
2443,snb,2024-06-17T21:57:00,رمز التحقق الخاص بك هو 399301 صالح لمدة 15 دقائق لا تشاركه مع احد
2444,riyad bank,2024-12-06T17:35:00,"Dear customer, service apple pay was activated on account ***927. Call 966532176205 for help"
2445,الراجحي,2024-01-22T11:33:00,"Dear  customer, service apple pay was activated on account ***702. Call 966594277220 for help"
2446,الأهلي,2024-05-22T05:01:00,"Salary  of SAR 21,935.94 credited to account ***577 on 2024-05-22"
2447,الراجحي,2024-07-15T09:04:00,"Salary of USD 18,088.12 credited to account ***806 on 15/07/2024"
2448,الراجحي,2024-08-09T14:43:00,"سحب نقدي 23,518.95 ر.س من الحساب ***152 بتاريخ 2024-08-09 الرصيد المتاح 246,282.46"
2449,الأهلي,2024-02-05T03:33:00,"Purchase  of ر.س 33,277.41 at amazon.sa on card ending xxxx4901 on 05/02/2024 03:33. Available balance ر.س 171,305.40"
2450,alrajhi,2024-05-02T01:56:00,خصم رسوم 12.26 ر.س على الحساب ***648 رقم العملية 343586766
2451,alrajhi,2024-01-18T10:02:00,"سحب نقدي ٧٠,٤٤٠.٥٩ SAR من الحساب ***١٦٣ بتاريخ ١٨/٠١/٢٠٢٤ الرصيد المتاح ٢٠٥,٩٦٨.١٨"
2452,snb,2024-03-19T01:17:00,"Bill payment USD ٤٩,٠٩٩.٨٩ to jarir bookstore succeeded. Fee USD ٨٥.٣٤. Ref ٣١٠٨٢٣٥٦٥"
2453,snb,2024-07-05T14:26:00,"Transfer of SAR 20,453.37 to sara a. completed. Ref 910778683. Balance SAR 438,270.97"
2454,alrajhi,2024-10-03T06:53:00,"Bill  payment USD 21,272.47 to نون succeeded. Fee USD 29.97. Ref 978508857"
2455,الراجحي,2024-08-28T11:10:00,"ATM withdrawal SAR 47,384.70 from account ***952 on 28/08/2024. Available balance SAR 60,065.82"
2456,بنك الرياض,2024-03-11T14:49:00,"Dear customer, service الحوالات الفورية was activated on account ***399. Call 966584832648 for help"
2457,alrajhi,2024-05-27T05:08:00,"Dear customer, service المدفوعات الدولية was activated on account ***547. Call 966537084219 for help"
2458,الأهلي,2024-09-08T13:53:00,"ATM withdrawal AED ٦٨,٤٣٨.١٣ from account ***٨١٧ on ٠٨/٠٩/٢٠٢٤. Available balance AED ٦٩,٣٣٣.٧٤ thank you"
2459,الراجحي,2024-10-27T13:08:00,Your card xxxx٢٥٩٧ was declined at بنده due to insufficient funds
2460,الأهلي,2024-09-29T12:57:00,"‏عملية شراء بمبلغ 68,685.58 AED لدى بنده بالبطاقة xxxx8759 بتاريخ 29/09/2024 الرصيد المتاح 459,811.59‎"
2461,snb,2024-10-11T16:43:00,"‏Purchase of USD 88,631.33 at jarir bookstore on card ending xxxx6696 on 2024-10-11 16:43. Available balance USD 361,448.23‎"
2462,snb,2024-03-08T22:45:00,Your card ****2916 was declined at carrefour hyper due to insufficient funds
2463,بنك الرياض,2024-09-14T09:38:00,"عملية  شراء بمبلغ 73,624.20 ر.س لدى صيدلية النهدي بالبطاقة ****8224 بتاريخ 14/09/2024 الرصيد المتاح 275,422.16"
2464,الراجحي,2024-05-31T23:51:00,‏Your card xxxx6721 was declined at بنده due to insufficient funds‎
2465,الأهلي,2024-05-22T16:36:00,عزيزنا العميل تم تفعيل خدمة sms alerts على حسابك ***338 للاستفسار اتصل على 966584049161
2466,الراجحي,2024-04-13T16:59:00,"ATM withdrawal SAR 14,982.64 from account ***306 on 2024-04-13. Available balance SAR 175,854.46"
2467,alrajhi,2024-12-08T02:04:00,"عملية  شراء بمبلغ 59,275.63 USD لدى صيدلية النهدي بالبطاقة xxxx7406 بتاريخ 08/12/2024 الرصيد المتاح 93,377.22"
2468,snb,2024-04-21T20:49:00,"عملية  شراء بمبلغ 19,354.90 SAR لدى بنده بالبطاقة ****9724 بتاريخ 21/04/2024 الرصيد المتاح 205,299.51"
2469,alrajhi,2024-11-01T13:07:00,رمز التحقق الخاص بك هو 490689 صالح لمدة 5 دقائق لا تشاركه مع احد
2470,بنك الرياض,2024-03-18T07:39:00,"ATM withdrawal SAR 18,490.37 from account ***683 on 18/03/2024. Available balance SAR 205,362.86"
2471,alrajhi,2024-10-28T19:34:00,"تم تحويل مبلغ 83,134.36 SAR الى خالد العتيبي رقم المرجع 435658842 الرصيد 367,032.27"
2472,الأهلي,2024-03-03T20:41:00,"تم  تحويل مبلغ 12,025.28 AED الى acme trading llc رقم المرجع 914333982"
2473,alrajhi,2024-10-03T02:55:00,Your card ****5810 was declined at starbucks due to insufficient funds
2474,بنك الرياض,2024-07-06T23:18:00,"Purchase of USD 54,807.24 at نون on card ending xxxx3697 on 2024-07-06 23:18. Available balance USD 217,713.17"
2475,الراجحي,2024-08-22T02:58:00,Your card ****8312 was declined at amazon.sa due to insufficient funds
2476,الأهلي,2024-06-01T12:53:00,"تم تحويل مبلغ 46,954.07 USD الى sara a. رقم المرجع 923908527 الرصيد 99,044.60"
2477,بنك الرياض,2024-04-10T05:47:00,"تم ايداع راتب بمبلغ 87,540.23 AED في الحساب ***909 بتاريخ 10/04/2024"
2478,snb,2024-05-26T05:49:00,"تم ØªØ­ÙˆÙŠÙ„ Ù…Ø¨Ù„Øº 80,654.70 USD Ø§Ù„Ù‰ mohammed ali رقم المرجع 257940621 الرصيد 200,525.83 -الراجحي"
2479,alrajhi,2024-06-29T14:06:00,"تم تحويل مبلغ 87,472.30 ر.س الى نورة الشمري رقم المرجع 751202157 الرصيد 364,965.75 thank you"
2480,الراجحي,2024-02-07T02:17:00,رمز التحقق الخاص بك هو ٦٢٢٠٥٩ صالح لمدة ١٥ دقائق لا تشاركه مع احد
2481,بنك الرياض,2024-01-04T11:27:00,Your OTP is 51921. Valid for 10 minutes. Do not share it with anyone
2482,alrajhi,2024-09-12T16:31:00,"‏Purchase of AED 63,877.53 at نون on card ending ****5961 on 2024-09-12 16:31. Available balance AED 379,836.80‎"
2483,الأهلي,2024-05-22T19:17:00,"Purchase of ر.س 29,051.87 at هنقرستيشن on card ending ****1840 on 22/05/2024 19:17. Available balance ر.س 187,991.22"
2484,alrajhi,2024-04-26T18:08:00,"عملية شراء بمبلغ 79,634.71 AED لدى jarir bookstore بالبطاقة ****2016 بتاريخ 26/04/2024 الرصيد المتاح 397,739.97"
2485,snb,2024-09-18T07:53:00,خصم رسوم 64.30 USD على الحساب ***966 رقم العملية 692850412
2486,بنك الرياض,2024-01-08T21:37:00,Your OTP is 579465. Valid for 15 minutes. Do not share it with anyone
2487,الراجحي,2024-02-04T06:17:00,Your OTP is 191098. Valid for 15 minutes. Do not share it with anyone
2488,بنك الرياض,2024-07-28T17:12:00,Your card xxxx6754 was declined at starbucks due to insufficient funds شكرا لك
2489,riyad bank,2024-05-19T12:02:00,"Purchase of USD 49,671.94 at هنقرستيشن on card ending ****6122 on 19/05/2024 12:02. Available balance USD 216,518.41"
2490,riyad bank,2024-05-31T06:27:00,"‏تم ايداع راتب بمبلغ 78,964.01 SAR في الحساب ***193 بتاريخ 31/05/2024‎"
2491,بنك الرياض,2024-02-11T04:56:00,عزيزنا العميل تم تفعيل خدمة الحوالات الفورية على حسابك ***500 للاستفسار اتصل على 966560610851
2492,snb,2024-03-24T09:45:00,"تم ايداع راتب بمبلغ 87,225.17 USD في الحساب ***257 بتاريخ 2024-03-24"
2493,snb,2024-09-18T22:04:00,"Purchase  of ر.س 87,123.46 at amazon.sa on card ending ****8178 on 18/09/2024 22:04. Available balance ر.س 105,345.98"
2494,alrajhi,2024-10-21T05:17:00,"تم تحويل مبلغ 5,537.72 USD الى خالد العتيبي رقم المرجع 468431802 الرصيد 173,966.28"
2495,riyad bank,2024-03-07T10:23:00,خصم رسوم 91.62 SAR على الحساب ***988 رقم العملية 108748909
2496,alrajhi,2024-08-27T06:04:00,"Transfer  of USD 78,053.55 to mohammed ali completed. Ref 799045991. Balance USD 273,133.01"
2497,بنك الرياض,2024-11-06T18:27:00,"Purchase of SAR 32,388.92 at carrefour hyper on card ending xxxx4830 on 2024-11-06 18:27. Available balance SAR 182,758.09"
2498,alrajhi,2024-06-30T02:06:00,"عملية Ø´Ø±Ø§Ø¡ Ø¨Ù…Ø¨Ù„Øº 88,576.21 Ø±.Ø³ Ù„Ø¯Ù‰ Ù‡Ù†Ù‚Ø±Ø³ØªÙŠØ´Ù† Ø¨Ø§Ù„Ø¨Ø·Ø§Ù‚Ø© xxxx9247 بتاريخ 2024-06-30 الرصيد المتاح 309,101.56"
2499,snb,2024-11-15T01:56:00,"عملية شراء بمبلغ 37,396.34 SAR لدى هنقرستيشن بالبطاقة ****9861 بتاريخ 2024-11-15 الرصيد المتاح 85,501.10"
2500,snb,2024-07-14T16:51:00,"تم تحويل مبلغ 47,371.86 SAR الى sara a. رقم المرجع 872174044 الرصيد 51,335.83"
2501,alrajhi,2024-08-12T21:02:00,"ATM withdrawal AED 77,547.02 from account ***730 on 12/08/2024. Available balance AED 74,910.74"
2502,بنك الرياض,2024-01-29T16:16:00,رمز التحقق الخاص بك هو 33078 صالح لمدة 15 دقائق لا تشاركه مع احد
2503,alrajhi,2024-02-18T10:37:00,عزيزنا العميل تم تفعيل خدمة الحوالات الفورية على حسابك ***182 للاستفسار اتصل على 966517015208
2504,snb,2024-08-24T16:50:00,"Purchase  of SAR 19,111.77 at amazon.sa on card ending xxxx7544 on 24/08/2024 16:50. Available balance SAR 61,402.32"
2505,الأهلي,2024-02-08T17:43:00,"عملية شراء بمبلغ 9,477.04 SAR لدى هنقرستيشن بالبطاقة ****6352 بتاريخ 08/02/2024 الرصيد المتاح 496,840.33"
2506,alrajhi,2024-08-31T18:35:00,Your OTP is ٣١٨٨٧٨. Valid for ١٠ minutes. Do not share it with anyone
2507,snb,2024-03-31T03:47:00,"Dear customer, service sms alerts was activated on account ***827. Call 966586417095 for help"
2508,snb,2024-04-21T01:58:00,عزيزنا العميل تم تفعيل خدمة apple pay على حسابك ***210 للاستفسار اتصل على 966555537409
2509,alrajhi,2024-09-16T03:47:00,‏رمز التحقق الخاص بك هو 742431 صالح لمدة 5 دقائق لا تشاركه مع احد‎
2510,الراجحي,2024-10-29T23:04:00,Your OTP is 152157. Valid for 15 minutes. Do not share it with anyone
2511,الراجحي,2024-08-30T08:56:00,"Purchase of USD 32,156.09 at carrefour hyper on card ending ****9802 on 2024-08-30 08:56. Available balance USD 477,593.23 شكرا لك"
2512,بنك الرياض,2024-02-01T23:38:00,"Purchase of ر.س 6,724.40 at carrefour hyper on card ending ****8029 on 2024-02-01 23:38. Available balance ر.س 448,218.49"
2513,snb,2024-02-15T13:52:00,Your OTP is 999094. Valid for 10 minutes. Do not share it with anyone
2514,snb,2024-03-07T21:32:00,رمز التحقق الخاص بك هو 644980 صالح لمدة 10 دقائق لا تشاركه مع احد
2515,snb,2024-10-16T10:13:00,"عملية  شراء بمبلغ 37,511.60 AED لدى صيدلية النهدي بالبطاقة ****5698 بتاريخ 2024-10-16 الرصيد المتاح 133,131.09"
2516,الراجحي,2024-05-14T11:29:00,"‏تم  تحويل مبلغ 26,552.18 AED الى نورة الشمري رقم المرجع 151455334 الرصيد 255,502.71‎ thank you"
2517,بنك الرياض,2024-05-04T11:39:00,"Dear customer, service المدفوعات الدولية was activated on account ***647. Call 966594652161 for help"
2518,الأهلي,2024-08-22T07:52:00,Your  card ****7703 was declined at starbucks due to insufficient funds
2519,riyad bank,2024-10-04T12:48:00,"Dear  customer, service الحوالات الفورية was activated on account ***829. Call 966594169965 for help"
2520,alrajhi,2024-03-30T07:13:00,عزيزنا Ø§Ù„Ø¹Ù…ÙŠÙ„ ØªÙ… ØªÙØ¹ÙŠÙ„ Ø®Ø¯Ù…Ø© Ø§Ù„Ù…Ø¯ÙÙˆØ¹Ø§Øª Ø§Ù„Ø¯ÙˆÙ„ÙŠØ© Ø¹Ù„Ù‰ حسابك ***556 للاستفسار اتصل على 966599864405
2521,بنك الرياض,2024-06-16T14:58:00,خصم  رسوم 9.08 AED على الحساب ***131 رقم العملية 363524790
2522,الأهلي,2024-02-15T19:37:00,عزيزنا العميل تم تفعيل خدمة المدفوعات الدولية على حسابك ***267 للاستفسار اتصل على 966559374364
2523,alrajhi,2024-07-14T05:58:00,"Bill  payment USD 54,847.08 to صيدلية النهدي succeeded. Fee USD 65.09. Ref 349647498"
2524,الأهلي,2024-11-16T15:35:00,"Dear customer, service المدفوعات الدولية was activated on account ***801. Call 9"
2525,الأهلي,2024-10-14T22:42:00,"‏Transfer of ر.س 67,747.64 to نورة الشمري completed. Ref 635271991. Balance ر.س 276,107.83‎"
2526,snb,2024-09-30T15:10:00,خصم رسوم 33.35 AED على الحساب ***916 رقم العملية 472489601
2527,alrajhi,2024-06-19T19:16:00,"سحب Ù†Ù‚Ø¯ÙŠ 47,333.83 SAR Ù…Ù† Ø§Ù„Ø­Ø³Ø§Ø¨ ***396 Ø¨ØªØ§ريخ 19/06/2024 الرصيد المتاح 203,780.29"
2528,snb,2024-09-19T19:55:00,"تم تحويل مبلغ 7,402.06 USD الى خالد العتيبي رقم المرجع 490935053 الرصيد 116,111.74"
2529,الأهلي,2024-02-28T12:43:00,"Purchase of AED 50,141.78 at بنده on card ending xxxx1470 on 2024-02-28 12:43. Available balance AED 122,715.76"
2530,alrajhi,2024-10-28T16:31:00,"Bill payment ر.س 46,613.48 to amazon.sa succeeded. Fee ر.س 71.41. Ref 470157053"
2531,alrajhi,2024-02-29T01:38:00,‏خصم رسوم 30.92 USD على الحساب ***250 رقم العملية 931719555‎
2532,الأهلي,2024-10-28T09:22:00,Your card ****2755 was declined at بنده due to insufficient funds
2533,alrajhi,2024-01-23T22:04:00,"تم تحويل مبلغ 68,390.61 AED الى acme trading llc رقم المرجع 680233032 الرصيد 390,759.56"
2534,الراجحي,2024-08-01T15:30:00,عزيزنا العميل تم تفعيل خدمة apple pay على حسابك ***524 للاستفسار اتصل على 966513320661
2535,الأهلي,2024-10-24T02:09:00,"Dear customer, service Ø§Ù„Ù…Ø¯ÙÙˆØ¹Ø§Øª Ø§Ù„Ø¯ÙˆÙ„ÙŠØ© was activated on account ***654. Call 966572291123 for help"
2536,alrajhi,2024-09-18T17:30:00,"سحب  نقدي 54,299.26 ر.س من الحساب ***723 بتاريخ 2024-09-18 الرصيد المتاح 39,296.11"
2537,بنك الرياض,2024-08-11T07:55:00,"Salary of SAR 37,240.42 credited to account ***420 "
2538,riyad bank,2024-03-17T19:35:00,"تم تحويل مبلغ 11,299.58 AED الى acme trading llc رقم المرجع 182095354 الرصيد 374,702.10"
2539,بنك الرياض,2024-07-23T14:01:00,"Salary of USD 89,183.12 credited to account ***376 "
2540,الراجحي,2024-11-06T10:19:00,"ATM  withdrawal ر.س 16,838.22 from account ***882 on 06/11/2024. Available balance ر.س 358,194.89"
2541,بنك الرياض,2024-11-05T02:44:00,خصم  Ø±Ø³ÙˆÙ… 29.09 USD Ø¹Ù„Ù‰ Ø§Ù„Ø­Ø³Ø§Ø¨ ***886 رقم العملية 839621402
2542,riyad bank,2024-11-10T23:43:00,عزيزنا العميل تم تفعيل خدمة sms alerts على حسابك ***٨٣٥ للاستفسار اتصل على ٩٦٦٥٥٢٥٨٣٧٩٦
2543,alrajhi,2024-10-08T09:30:00,رمز  التحقق الخاص بك هو 489895 صالح لمدة 15 دقائق لا تشاركه مع احد
2544,snb,2024-04-03T05:08:00,"Bill payment ر.س 67,887.87 to هنقرستيشن succeeded. Fee ر.س 24.13. Ref 481432650"
2545,riyad bank,2024-04-04T10:05:00,Your  card ****6605 was declined at carrefour hyper due to insufficient funds
2546,الراجحي,2024-09-26T04:24:00,"Bill payment AED 44,255.84 to صيدلية النهدي succeeded. Fee AED 91.26. Ref 877771352"
2547,riyad bank,2024-06-17T23:21:00,عزيزنا العميل تم تفعيل خدمة apple pay على حسابك ***682 للاستفسار اتصل على 966510913114
2548,snb,2024-11-24T10:00:00,"عملية شراء بمبلغ ٨٠,٢٨١.١٣ AED لدى بنده بالبطاقة xxxx٥٢٧٦ بتاريخ ٢٤/١١/٢٠٢٤ الرصيد المتاح ٤٣١,٨٧٦.٦٠"
2549,بنك الرياض,2024-02-13T23:45:00,"Bill payment ر.س 5,029.86 to صيدلية النهدي succeeded. Fee ر.س 19.64. Ref 839900075"
2550,الراجحي,2024-02-06T10:14:00,"‏Dear customer, service sms alerts was activated on account ***967. Call 966511374064 for help‎"
2551,snb,2024-11-17T08:42:00,"Salary of USD ٣٥,٥٦٥.٣٥ credited to account ***١٦٤ on ٢٠٢٤-١١-١٧"
2552,snb,2024-07-29T23:17:00,"Transfer of ر.س 87,761.83 to نورة الشمري completed. Ref 186041790. Bala"
2553,riyad bank,2024-08-24T09:48:00,"Dear  customer, service المدفوعات الدولية was activated on account ***597. Call 966597403339 for help"
2554,الأهلي,2024-05-02T22:01:00,رمز التحقق الخاص بك هو 996841 صالح لمدة 5 دقائق لا تشاركه مع احد
2555,riyad bank,2024-08-27T10:30:00,"‏Dear customer, service المدفوعات الدولية was activated on account ***143. Call 966593749430 for help‎"
2556,الأهلي,2024-11-12T13:22:00,"Transfer of USD 84,642.64 to acme trading llc completed. Ref 861869084. Balance USD 443,042.71"
2557,riyad bank,2024-11-18T20:56:00,"Bill payment SAR 7,333.38 to نون succeeded. Fee SAR 88.33. Ref 504506907"
2558,الأهلي,2024-04-18T19:45:00,"Transfer of USD 85,613.57 to acme trading llc completed. Ref 577746658. Balance USD 110,436.47"
2559,الأهلي,2024-04-15T08:29:00,عزيزنا العميل تم تفعيل خدمة apple pay على حسابك ***558 للاستفسار اتصل على 966518016162
2560,بنك الرياض,2024-03-07T01:14:00,"سحب  نقدي 82,126.15 SAR من الحساب ***269 بتاريخ 07/03/2024 الرصيد المتاح 117,696.55"
2561,riyad bank,2024-09-05T09:15:00,"Dear customer, service المدفوعات الدولية was activated on account ***772. Call 966575904074 for help"
2562,بنك الرياض,2024-03-04T15:41:00,"عملية شراء بمبلغ 70,771.68 ر.س لدى starbucks بالبطاقة ****1801 بتاريخ 04/03/2024 الرصيد المتاح 278,425.35"
2563,alrajhi,2024-03-01T04:13:00,"تم تحويل مبلغ 22,834.99 AED الى نورة الشمري رقم المرجع 388946740 الرصيد 231,120.56"
2564,الأهلي,2024-04-24T17:23:00,"تم تحويل مبلغ 1,747.70 USD الى نورة الشمري رقم المرجع 413155023 الرصيد 369,599.37"
2565,الراجحي,2024-03-26T07:01:00,"Dear customer, service الحوالات الفورية was activated on account ***684. Call 966522412261 for help"
2566,الأهلي,2024-05-25T22:47:00,خصم  Ø±Ø³ÙˆÙ… 24.02 SAR Ø¹Ù„Ù‰ Ø§Ù„Ø­Ø³Ø§Ø¨ ***559 رقم العملية 326477458
2567,snb,2024-04-05T01:01:00,"ATM withdrawal AED 77,627.28 from account ***819 on 05/04/2024. Available balance AED 110,141.94"
2568,riyad bank,2024-06-23T23:38:00,خصم رسوم 85.95 USD على الحساب ***503 رقم العملية 899798639
2569,snb,2024-09-05T02:33:00,"تم تحويل مبلغ 75,731.92 USD الى خالد العتيبي رقم المرجع 645181193 الرصيد 138,937.77"
2570,الأهلي,2024-02-15T14:06:00,خصم رسوم 1.79 AED على الحساب ***280 رقم العملية 632762554
2571,بنك الرياض,2024-07-05T16:19:00,Your card ****8175 was declined at jarir bookstore due to insufficient funds
2572,snb,2024-04-25T06:59:00,Your card ****2435 was declined at carrefour hyper due to insufficient funds
2573,snb,2024-07-10T18:15:00,رمز  التحقق الخاص بك هو 99481 صالح لمدة 10 دقائق لا تشاركه مع احد
2574,بنك الرياض,2024-04-24T09:12:00,رمز التحقق الخاص بك هو 492272 صالح لمدة 15 دقائق لا تشاركه مع احد
2575,الراجحي,2024-08-24T00:40:00,رمز التحقق الخاص بك هو 219436 صالح لمدة 5 دقائق لا تشاركه مع احد
2576,alrajhi,2024-05-22T06:53:00,عزيزنا العميل تم تفعيل خدمة الحوالات الفورية على حسابك ***١٤٩ للاستفسار اتصل على ٩٦٦٥٢٣٩٧٩٣٨١
2577,alrajhi,2024-08-23T14:30:00,"Salary of ر.س 9,070.55 credited to account ***337 on 23/08/2024"
2578,الأهلي,2024-07-21T06:26:00,"‏Bill payment SAR 83,793.66 to صيدلية النهدي succeeded. Fee SAR 46.88. Ref 665389214‎"
2579,snb,2024-04-16T06:03:00,"Salary of AED 12,681.15 credited to account ***264 on 2024-04-16"
2580,الراجحي,2024-09-08T11:21:00,"Purchase of ر.س 85,700.73 at صيدلية النهدي on card ending xxxx8148 on 08/09/2024 11:21. Available balance ر.س 52,371.44"
2581,alrajhi,2024-10-20T14:10:00,"Purchase of USD 37,035.65 at نون on card ending xxxx7285 on 20/10/2024 14:10. Available balance USD 1,682.76"
2582,riyad bank,2024-03-23T18:47:00,عزيزنا العميل تم تفعيل خدمة apple pay على حسابك ***988 للاستفسار اتصل على 966591105770
2583,snb,2024-08-19T09:12:00,Your  card ****7166 was declined at Ù‡Ù†قرستيشن due to insufficient funds
2584,بنك الرياض,2024-08-17T03:19:00,"Purchase of USD 8,819.15 at carrefour hyper on card ending xxxx5002 on 17/08/2024 03:19. Available balance USD 475,290.93"
2585,الراجحي,2024-10-21T02:10:00,"عملية  شراء بمبلغ 40,593.02 ر.س لدى نون بالبطاقة xxxx3537 بتاريخ 2024-10-21 الرصيد المتاح 238,763.78"
2586,الراجحي,2024-02-08T15:04:00,Your card ****6177 was declined at carrefour hyper due to insufficient funds -الأهلي
2587,بنك الرياض,2024-09-06T04:28:00,"Purchase of SAR 11,849.79 at jarir bookstore on card ending xxxx5075 on 2024-09-06 04:28. Available balance SAR 217,918.34"
2588,alrajhi,2024-05-31T07:45:00,"تم ايداع راتب بمبلغ 53,433.80 SAR في الحساب ***900 بتاريخ 31/05/2024"
2589,الراجحي,2024-06-15T10:37:00,عزيزنا العميل تم تفعيل خدمة الحوالات الفورية على حسابك ***126 للاستفسار اتصل على 966536435575
2590,snb,2024-07-21T19:33:00,خصم رسوم 66.23 AED على الحساب ***105 رقم العملية 677655746
2591,الأهلي,2024-11-20T07:30:00,"تم ايداع راتب بمبلغ 32,839.14 SAR في الحساب ***890 بتا"
2592,snb,2024-03-21T00:56:00,Your card ****6402 was declined at carrefour hyper due to insufficient funds
2593,بنك الرياض,2024-05-22T22:56:00,‏عزيزنا العميل تم تفعيل خدمة sms alerts على حسابك ***427 للاستفسار اتصل على 966538160517‎
2594,snb,2024-12-09T11:12:00,"Purchase of SAR 28,198.40 at صيدلية النهدي on card ending xxxx9813 on 09/12/2024 11:12. Available balance SAR 425,244.63"
2595,alrajhi,2024-11-19T17:08:00,"Dear  customer, service المدفوعات الدولية was activated on account ***441. Call 966549387051 for help"
2596,الراجحي,2024-07-31T14:46:00,"‏Dear customer, service sms alerts was activated on account ***739. Call 966568775286 for help‎"
2597,بنك الرياض,2024-02-09T15:10:00,"Purchase of USD 85,095.45 at starbucks on card ending xxxx9662 on 2024-02-09 15:10. Available balance USD 376,919.47"
2598,الراجحي,2024-01-26T19:18:00,عزيزنا Ø§Ù„Ø¹Ù…ÙŠÙ„ ØªÙ… ØªÙØ¹ÙŠÙ„ Ø®Ø¯Ù…Ø© Ø§Ù„Ø­ÙˆØ§Ù„Ø§Øª Ø§Ù„ÙÙˆØ±ÙŠØ© Ø¹Ù„Ù‰ Ø­سابك ***229 للاستفسار اتصل على 966566622563 شكرا لك
2599,riyad bank,2024-04-10T09:56:00,"تم تحويل مبلغ 25,126.45 SAR الى mohammed ali رقم المرجع 296137718 الرصيد 243,278.45"
2600,الراجحي,2024-08-26T01:33:00,"سحب نقدي 73,663.91 ر.س من الحساب ***298 بتاريخ 2024-08-26 الرصيد المتاح 124,435.83 thank you"
2601,alrajhi,2024-10-17T18:55:00,"Purchase of USD 35,374.79 at بنده on card ending xxxx4497 on 17/10/2024 18:55. Available balance USD 399,717.76"
2602,alrajhi,2024-07-17T07:12:00,عزيزنا العميل تم تفعيل خدمة apple pay على حسابك ***285 للاستفسار اتصل على 966518221558
2603,الراجحي,2024-01-13T13:25:00,"Purchase of USD 73,793.94 at amazon.sa on card ending ****2732 on 2024-01-13 13:25. Available balance USD 404,511.26"
2604,الأهلي,2024-08-25T02:12:00,"Purchase of USD 50,196.72 at jarir bookstore on card ending ****3162 on 2024-08-25 02:12. Available balance USD 123,890.31"
2605,snb,2024-06-06T11:30:00,"سحب Ù†Ù‚Ø¯ÙŠ 56,382.69 Ø±.Ø³ Ù…Ù† Ø§Ù„Ø­Ø³Ø§Ø¨ ***495 Ø¨ØªØ§ريخ 06/06/2024 الرصيد المتاح 317,116.42"
2606,snb,2024-07-15T01:23:00,"سحب نقدي 69,326.61 SAR من الحساب ***483 بتاريخ 2024-07-15 الرصيد المتاح 487,950.18"
2607,بنك الرياض,2024-04-23T19:00:00,"تم ايداع راتب بمبلغ 46,079.74 SAR في الحساب ***907 بتاريخ 23/04/2024"
2608,snb,2024-02-06T21:29:00,Your  card xxxx2253 was declined at بنده due to insufficient funds
2609,الأهلي,2024-01-20T07:56:00,"Purchase of SAR 48,147.95 at starbucks on card ending xxxx7327 on 2024-01-20 07:56. Available balance SAR 35,487.53"
2610,snb,2024-07-31T10:21:00,"‏Transfer  of ر.س 26,733.21 to خالد العتيبي completed. Ref 671736991. Bala"
2611,alrajhi,2024-07-04T15:40:00,"عملية شراء بمبلغ 45,730.22 AED لدى نون بالبطاقة ****6900 بتاريخ 2024-07-04 الرصيد المتاح 417,465.65"
2612,alrajhi,2024-05-14T08:07:00,"Dear customer, service المدفوعات الدولية was activated on account ***270. Call 966556910033 for help"
2613,بنك الرياض,2024-03-25T06:24:00,"Purchase of ر.س ١٥,٠٣٦.٠٥ at jarir bookstore on card ending ****٤٤١١ on ٢٥/٠٣/٢٠٢٤ ٠٦:٢٤. Available balance ر.س ٤٣٣,١٣٨.٣٧"
2614,الأهلي,2024-10-08T08:04:00,عزيزنا  العميل تم تفعيل خدمة الحوالات الفورية على حسابك ***629 للاستفسار اتصل على 966552385206
2615,riyad bank,2024-02-11T03:18:00,"‏Salary of USD 59,824.77 credited to account ***836 on 11/02/2024‎"
2616,الراجحي,2024-07-25T16:39:00,خصم رسوم 48.87 ر.س على الحساب ***470 رقم العملية 106671200
2617,riyad bank,2024-01-31T04:44:00,"Transfer of ر.س 35,870.81 to acme trading llc completed. Ref 510285272. Balance ر.س 77,344.39"
2618,الأهلي,2024-09-10T15:43:00,"Purchase of Ø±.Ø³ 42,846.74 at starbucks on card ending xxxx9790 on 10/09/2024 15:43. Available balance ر.س 39,266.75"
2619,بنك الرياض,2024-02-25T22:21:00,"‏تم تحويل مبلغ 2,681.47 SAR الى sara a. رقم المرجع 536811331 ال"
2620,الراجحي,2024-03-29T16:20:00,Your card xxxx8409 was declined at بنده due to insufficient funds
2621,بنك الرياض,2024-08-22T15:48:00,"Salary of SAR 18,239.42 credited to account ***374 on 22/08/2024 -بنك الرياض"
2622,بنك الرياض,2024-05-27T02:21:00,عزيزنا العميل تم تفعيل خدمة المدفوعات الدولية على حسابك ***249 للاستفسار اتصل على 966590722767
2623,riyad bank,2024-05-20T01:52:00,خصم رسوم 62.14 USD على الحساب ***845 رقم العملية 733955983
2624,الأهلي,2024-06-15T12:47:00,رمز  التحقق الخاص بك هو 88806 صالح لمدة 15 دقائق لا تشاركه مع احد thank you
2625,الراجحي,2024-01-20T12:05:00,"سحب نقدي 63,631.44 ر.س من الحساب ***897 بتاريخ 20/01/2024 الرصيد المتاح 33,225.09"
2626,riyad bank,2024-10-09T02:40:00,"Purchase of ر.س 73,289.87 at carrefour hyper on card ending ****5766 on 2024-10-09 02:40. Available balance ر.س 414,164.52"
2627,riyad bank,2024-01-03T08:48:00,"Transfer  of AED 25,069.96 to acme trading llc completed. Ref 552258856. Balance AED 420,869.51"
2628,alrajhi,2024-03-15T16:28:00,Your OTP is 902634. Valid for 5 minutes. Do not share it with anyone thank you
2629,بنك الرياض,2024-12-08T01:43:00,"تم تحويل مبلغ 39,037.69 ر.س الى sara a. رقم المرجع 867065547 الرصيد 259,639.75"
2630,الأهلي,2024-04-05T22:13:00,عزيزنا العميل تم تفعيل خدمة sms alerts على حسابك ***695 للاستفسار اتصل على 966527579010
2631,riyad bank,2024-05-01T03:49:00,"Salary of ر.س 39,869.78 credited to account ***570 on 2024-05-01"
2632,snb,2024-11-12T21:42:00,"تم Ø§ÙŠØ¯Ø§Ø¹ Ø±Ø§ØªØ¨ Ø¨Ù…Ø¨Ù„Øº 50,120.91 USD Ùي الحساب ***755 بتاريخ 12/11/2024"
2633,الراجحي,2024-12-02T13:36:00,"Transfer  of ر.س 25,566.34 to sara a. completed. Ref 311659750. Balance ر.س 183,054.73"
2634,riyad bank,2024-04-15T03:43:00,خصم  رسوم 51.84 SAR على الحساب ***487 رقم العملية 522452408
2635,alrajhi,2024-09-05T22:23:00,"Salary of SAR 7,045.36 credited to account ***521 on 05/09/2024"
2636,riyad bank,2024-03-18T02:49:00,"ATM withdrawal ر.س 59,221.42 from account ***954 on 18/03/2024. Available balance ر.س 164,309.97"
2637,الراجحي,2024-10-10T04:54:00,"تم ØªØ­ÙˆÙŠÙ„ Ù…Ø¨Ù„Øº 48,637.88 AED Ø§Ù„Ù‰ Ù†ÙˆØ±Ø© Ø§Ù„Ø´Ù…Ø±ي رقم المرجع 115831509 الرصيد 446,783.95"
2638,riyad bank,2024-06-15T02:10:00,"Dear  customer, service الحوالات الفورية was activated on account ***371. Call 966581206078 for help"
2639,بنك الرياض,2024-10-16T21:33:00,Your  OTP is 955059. Valid for 5 minutes. Do not share it with anyone
2640,الراجحي,2024-08-14T06:50:00,"Transfer  of USD 18,166.66 to نورة الشمري completed. Ref 941646599. Balance USD 393,983.51"
2641,alrajhi,2024-10-12T18:35:00,"Purchase of USD ٨١,٠٧١.٦٠ at amazon.sa on card ending ****٩٩٤٠ on ٢٠٢٤-١٠-١٢ ١٨:٣٥. Available balance USD ٣٩,٨٥٦.٢٥"
2642,riyad bank,2024-06-30T11:29:00,"تم تحويل مبلغ 46,524.05 ر.س الى acme trading llc رقم المرجع 258585501 الرصيد 26,684.98"
2643,بنك الرياض,2024-04-03T07:17:00,"سحب نقدي 39,821.14 AED من الحساب ***647 بتاريخ 2024-04-03 الرصيد المتاح 98,428.28"
2644,riyad bank,2024-10-15T11:48:00,"Bill payment SAR 31,318.91 to هنقرستيشن succeeded. Fee SAR 42.51. Ref 712206588"
2645,riyad bank,2024-06-22T01:06:00,Your  OTP is 611992. Valid for 10 minutes. Do not share 
2646,alrajhi,2024-06-30T18:12:00,"سحب  نقدي 62,405.80 SAR من الحساب ***439 بتاريخ 30/06/2024 الرصيد المتاح 6,103.03"
2647,الراجحي,2024-12-11T09:55:00,"ATM withdrawal ر.س ١٣,٢٨٣.٧٦ from account ***٣٣٧ on ١١/١٢/٢٠٢٤. Available balance ر.س ٣٢٧,٠٥٧.٤٣"
2648,riyad bank,2024-01-02T20:21:00,"Dear customer, service sms alerts was activated on account ***551. Call 96"
2649,بنك الرياض,2024-11-25T14:26:00,"تم تحويل مبلغ 17,276.76 AED الى mohammed ali رقم المرجع 377412793 الرصيد 423,373.45"
2650,riyad bank,2024-04-21T03:09:00,"Transfer of USD 44,546.59 to sara a. completed. Ref 966229706. Balance USD 416,646.33"
2651,بنك الرياض,2024-02-26T01:44:00,Your OTP is 813481. Valid for 5 minutes. Do not share it with anyone
2652,riyad bank,2024-04-24T15:03:00,"‏Salary of SAR 49,325.80 credited to account ***696 on 24/04/2024‎"
2653,الراجحي,2024-10-09T17:21:00,رمز  التحقق الخاص بك هو 711912 صالح لمدة 10 دقائق لا تشاركه مع احد
2654,riyad bank,2024-02-01T15:23:00,"سحب Ù†Ù‚Ø¯ÙŠ 43,337.80 SAR Ù…Ù† Ø§Ù„Ø­Ø³Ø§Ø¨ ***209 Ø¨Øªاريخ 2024-02-01 الرصيد المتاح 77,915.06"
2655,snb,2024-09-13T09:30:00,"تم تحويل مبلغ 36,022.67 SAR الى نورة الشمري رقم المرجع 439359549 الرصيد 144,779.66"
2656,snb,2024-01-02T15:15:00,"Bill payment ر.س 19,803.76 to هنقرستيشن succeeded. Fee ر.س 87.01. Ref 763175106"
2657,snb,2024-02-13T14:52:00,"Bill payment SAR 9,253.48 to بنده succeeded. Fee SAR 92.20. Ref 747566042"
2658,snb,2024-08-10T13:55:00,Your OTP is 396059. Valid for 15 minutes. Do not share 
2659,alrajhi,2024-07-10T11:59:00,Your card ****7810 was declined at jarir bookstore due to insufficient funds
2660,الأهلي,2024-04-10T18:21:00,Your OTP is 54464. Valid for 10 minutes. Do not share it with anyone
2661,snb,2024-02-18T05:57:00,"Bill  payment AED 43,786.27 to Ù‡Ù†Ù‚Ø±Ø³ØªÙŠØ´Ù† succeeded. Fee AED 72.10. Ref 774850240"
2662,alrajhi,2024-10-29T04:08:00,"‏Purchase of USD 63,239.38 at jarir bookstore on card ending xxxx7044 on 2024-10-29 04:08. Available balance USD 229,834.50‎"
2663,الراجحي,2024-06-05T13:17:00,"تم ايداع راتب بمبلغ 62,609.14 SAR في الحساب ***454 بتاريخ 05/06/2024"
2664,riyad bank,2024-06-28T07:53:00,عزيزنا العميل تم تفعيل خدمة sms alerts على حسابك ***113 للاستفسار اتصل على 966564692004
2665,snb,2024-05-23T00:51:00,"تم تحويل مبلغ 31,512.98 SAR الى acme trading llc رقم المرجع 158214060 الرصيد 141,003.36"
2666,alrajhi,2024-06-01T13:25:00,"‏Dear customer, service الحوالات الفورية was activated on account ***957. Call 966596382873 for help‎"
2667,riyad bank,2024-06-12T06:23:00,"Bill payment ر.س 11,471.04 to هنقرستيشن succeeded. Fee ر.س 58.55. Ref 826607193"
2668,snb,2024-11-09T13:52:00,"تم ايداع راتب بمبلغ 29,623.55 ر.س في الحساب ***662 بتاريخ 2024-11-09"
2669,بنك الرياض,2024-05-16T23:47:00,"Transfer of Ø±.Ø³ 30,795.17 to Ù†ÙˆØ±Ø© Ø§Ù„Ø´Ù…Ø±ÙŠ completed. Ref 366967194. Balance ر.س 378,463.25"
2670,riyad bank,2024-02-26T05:44:00,"Bill payment USD 41,962.65 to jarir bookstore succeeded. Fee USD 20.53. Ref 770944412"
2671,riyad bank,2024-03-26T06:16:00,"سحب نقدي 39,044.03 ر.س من الحساب ***647 بتاريخ 2024-03-26 الرصيد المتاح 205,163.82"
2672,بنك الرياض,2024-10-11T03:08:00,"ATM withdrawal ر.س 45,315.97 from account ***588 on 11/10/2024. Available balance ر.س 227,437.15"
2673,riyad bank,2024-10-29T10:34:00,"ATM withdrawal SAR 16,006.75 from account ***673 on 29/10/2024. Available balance SAR 473,291.17"
2674,الراجحي,2024-03-22T23:14:00,"Salary of SAR 34,873.08 credited to account ***621 on 2024-03-22"
2675,الأهلي,2024-10-23T11:00:00,"Transfer of AED 54,024.17 to نورة الشمري completed. Ref 873285923. Balance AED 138,551.55"
2676,بنك الرياض,2024-08-16T07:38:00,"تم  ايداع راتب بمبلغ 1,676.10 SAR في الحساب ***822 بتاريخ 16/08/2024"
2677,الأهلي,2024-05-29T20:13:00,"Purchase of ر.س 73,213.54 at carrefour hyper on card ending xxxx6528 on 2024-05-29 20:13. Available balance ر.س 360,916.86"
2678,snb,2024-11-04T03:13:00,"سحب نقدي 48,068.44 SAR من الحساب ***510 بتاريخ 2024-11-04 الرصيد المتاح 117,483.22"
2679,الأهلي,2024-01-12T07:25:00,"سحب نقدي 33,441.40 AED من الحساب ***672 بتاريخ 2024-01-12 الرصيد المتاح "
2680,الراجحي,2024-11-25T14:12:00,"Transfer  of ر.س 35,281.08 to mohammed ali completed. Ref 186538837. Balance ر.س 61,182.34"
2681,riyad bank,2024-12-13T04:15:00,"ATM withdrawal SAR 58,466.37 from account ***874 on 2024-12-13. Available balance SAR 399,797.39"
2682,بنك الرياض,2024-08-05T15:10:00,"ATM withdrawal AED 12,127.31 from account ***872 on 05/08/2024. Available balance AED 230,403.77"
2683,الأهلي,2024-02-13T05:19:00,"Purchase of ر.س 15,355.50 at starbucks on card ending ****7350 on 13/02/2024 05:19. Available balance ر.س 32,013.41"
2684,snb,2024-04-28T07:02:00,"Dear customer, service الحوالات الفورية was activated on account ***744. Call 966581049084 for help"
2685,بنك الرياض,2024-06-29T02:23:00,"تم تحويل مبلغ ٤٥,٢٠٦.٠٤ USD الى خالد العتيبي رقم المرجع ٧١١٨٨٤٩٦٢ الرصيد ٢٥١,٠٣٩.٧٧"
2686,بنك الرياض,2024-09-03T08:09:00,"عملية شراء بمبلغ 76,765.08 ر.س لدى amazon.sa بالبطاقة xxxx3472 بتاريخ 2024-09-03 الرصيد المتاح 426,839.20"
2687,الأهلي,2024-06-05T00:52:00,"Bill payment ر.س 17,667.40 to starbucks succeeded. Fee ر.س 89.87. Ref 629680597"
2688,بنك الرياض,2024-03-03T11:52:00,"تم ايداع راتب بمبلغ 44,462.66 USD في الحساب ***925 بتاريخ 03/03/2024"
2689,alrajhi,2024-02-05T15:19:00,"سحب نقدي 19,243.95 AED من الحساب ***663 بتاريخ 05/02/2024 الرصيد المتاح 264,562.84"
2690,الراجحي,2024-06-09T11:47:00,"Bill payment SAR 21,481.65 to بنده succeeded. Fee SAR 92.52. Ref 155372355"
2691,الراجحي,2024-07-14T04:31:00,"عملية Ø´Ø±Ø§Ø¡ Ø¨Ù…Ø¨Ù„Øº 26,650.81 USD Ù„Ø¯Ù‰ Ù†ÙˆÙ† Ø¨Ø§Ù„Ø¨Ø·Ø§Ù‚Ø© ****3317 بتاريخ 14/07/2024 الرصيد المتاح 169,880.26"
2692,riyad bank,2024-04-01T19:15:00,"Purchase of AED 43,306.41 at jarir bookstore on card ending ****6679 on 2024-04-01 19:15. Available balance AED 227,380.72"
2693,alrajhi,2024-07-28T06:30:00,"Bill payment USD 58,408.69 to صيدلية النهدي succeeded. Fee USD 95.14. Ref 928351538"
2694,الأهلي,2024-11-27T15:56:00,"Purchase of AED 71,859.99 at jarir bookstore on card ending ****1158 on 27/11/2024 15:56. Available balance AED 150,737.16"
2695,snb,2024-04-18T19:19:00,رمز التحقق الخاص بك هو 581038 صالح لمدة 10 دقائق لا 
2696,الراجحي,2024-08-24T06:14:00,Your  OTP is ٣٢٧٦٢. Valid for ١٥ minutes. Do not share it with anyone
2697,الأهلي,2024-09-10T06:07:00,"Bill payment USD 51,259.38 to jarir bookstore succeeded. Fee USD 77.59. Ref 597679828"
2698,snb,2024-08-16T06:17:00,عزيزنا العميل تم تفعيل خدمة apple pay على حسابك ***173 للاستفسار اتصل على 966549341397
2699,snb,2024-01-31T14:14:00,"Transfer of AED 1,013.53 to نورة الشمري completed. Ref 200784327. Balance AED 270,493.97"
2700,snb,2024-04-13T22:55:00,عزيزنا Ø§Ù„Ø¹Ù…ÙŠÙ„ ØªÙ… ØªÙØ¹ÙŠÙ„ Ø®Ø¯Ù…Ø© Ø§Ù„Ø­ÙˆØ§Ù„Ø§Øª Ø§Ù„ÙÙˆØ±ÙŠØ© Ø¹Ù„Ù‰ Ø­سابك ***608 للاستفسار اتصل على 966588048478
2701,بنك الرياض,2024-09-29T04:36:00,"تم تحويل مبلغ 20,627.22 AED الى mohammed ali رقم المرجع 548389182 الرصيد 480,958.55"
2702,riyad bank,2024-02-17T13:20:00,خصم رسوم 27.23 SAR على الحساب ***994 رقم العملية 324162230
2703,riyad bank,2024-06-11T02:27:00,"عملية شراء بمبلغ 32,671.48 SAR لدى صيدلية النهدي بالبطاقة xxxx8107 بتاريخ 2024-06-11 الرصيد المتاح 223,451.45"
2704,بنك الرياض,2024-10-06T18:50:00,"Purchase  of USD 70,265.49 at starbucks on card ending xxxx4566 on 06/10/2024 18:50. Available balance USD 10,928.33"
2705,snb,2024-05-15T23:11:00,رمز التحقق الخاص بك هو 683519 صالح لمدة 10 دقائق لا تشاركه مع احد
2706,riyad bank,2024-06-04T05:27:00,"Bill payment USD 13,330.27 to نون succeeded. Fee USD 37.50. Ref 746168000"
2707,الراجحي,2024-08-07T02:07:00,"‏Transfer of AED 46,908.66 to mohammed ali completed. Ref 605514647. Balance AED 398,759.58‎"
2708,الراجحي,2024-02-17T09:07:00,عزيزنا العميل تم تفعيل خدمة الحوالات الفورية على حسابك ***٧٧٥ للاستفسار اتصل على ٩٦٦٥٧١٢٧١٧٣٧
2709,snb,2024-12-10T16:15:00,"ATM withdrawal USD 1,795.98 from account ***206 on 10/12/2024. Available balance USD 112,679.75"
2710,alrajhi,2024-03-03T04:53:00,Your OTP is 524018. Valid for 10 minutes. Do not share it with anyone
2711,الأهلي,2024-10-25T07:24:00,Your OTP is 136700. Valid for 10 minutes. Do not share it with anyone
2712,بنك الرياض,2024-06-15T00:01:00,Your card xxxx7061 was declined at carrefour hyper due to insufficient funds
2713,alrajhi,2024-05-02T06:54:00,"Bill payment USD 61,155.61 to carrefour hyper succeeded. Fee USD 90.27. Ref 184025661"
2714,الأهلي,2024-08-13T14:15:00,"Purchase of AED 41,740.87 at بنده on card ending ****1997 on 2024-08-13 14:15. Available balance AED 125,721.61"
2715,الراجحي,2024-04-24T07:55:00,"Salary of ر.س 79,933.31 credited to account ***315 on 24/04/2024"
2716,snb,2024-08-13T02:13:00,Your card xxxx9729 was declined at amazon.sa due to insufficient funds
2717,الراجحي,2024-05-13T18:46:00,"ATM withdrawal ر.س 42,724.58 from account ***286 on 2024-05-13. Available ba"
2718,alrajhi,2024-04-30T22:10:00,"Salary of ر.س 56,419.27 credited to account ***306 on 30/04/2024"
2719,snb,2024-04-04T14:58:00,"Dear customer, service apple pay was activated on account ***495. Call 966577827842 for help"
2720,alrajhi,2024-03-19T11:25:00,"Bill payment ر.س 24,715.97 to jarir bookstore succeeded. Fee ر.س 52.32. Ref 526021882"
2721,snb,2024-01-02T13:41:00,"Salary of ر.س 14,972.27 credited to account ***115 "
2722,الراجحي,2024-08-16T22:16:00,عزيزنا العميل تم تفعيل خدمة apple pay على حسابك ***845 للاستفسار اتصل على 966532361800
2723,بنك الرياض,2024-04-17T04:41:00,خصم رسوم 70.77 USD على الحساب ***172 رقم العملية 132843988
2724,snb,2024-07-04T09:31:00,"Bill  payment USD 33,742.96 to amazon.sa succeeded. Fee USD 46.1"
2725,riyad bank,2024-07-05T15:48:00,"ATM withdrawal USD 80,747.70 from account ***996 on 2024-07-05. Available balance USD 247,904.40"
2726,الراجحي,2024-09-22T08:57:00,"تم تحويل مبلغ ٣,٥٠٠.٥٧ AED الى mohammed ali رقم المرجع ٢٥٨٨٠٦٣٥٢ الرصيد ٣٩١,٦١٩.٥٢"
2727,الراجحي,2024-12-04T19:47:00,"تم تحويل مبلغ 59,314.50 USD الى acme trading llc رقم المرجع 724847575 الرصيد 14,838.03"
2728,alrajhi,2024-12-06T11:06:00,Your card xxxx9227 was declined at starbucks due to insufficient funds
2729,alrajhi,2024-06-01T07:23:00,"Bill payment USD 79,319.32 to carrefour hyper succeeded. Fee USD 54.58. Ref 665456423"
2730,بنك الرياض,2024-05-20T06:08:00,"سحب نقدي 64,761.38 USD من الحساب ***475 بتاريخ 20/05/2024 الرصيد المتاح 47,306.69"
2731,بنك الرياض,2024-04-22T00:34:00,"سحب نقدي ٤٢,٧٩٠.٦٥ USD من الحساب ***٤٠٠ بتاريخ ٢٢/٠٤/٢٠٢٤ الرصيد المتاح ٢٩١,٤٩٤.٨٨"
2732,alrajhi,2024-08-09T22:06:00,"‏عملية شراء بمبلغ 80,123.77 ر.س لدى نون بالبطاقة ****2589 بتاريخ 2024-08-09 الرصيد المتاح 229,269.45‎"
2733,بنك الرياض,2024-07-18T00:33:00,Your card ****5392 was declined at نون due to insufficient funds
2734,الأهلي,2024-07-02T13:15:00,Your OTP is 226500. Valid for 15 minutes. Do not share it with anyone
2735,الراجحي,2024-04-24T21:14:00,خصم Ø±Ø³ÙˆÙ… 86.87 AED Ø¹Ù„Ù‰ Ø§Ù„Ø­Ø³Ø§Ø¨ ***857 رقم العملية 740924872
2736,snb,2024-07-09T12:59:00,"تم ايداع راتب بمبلغ 34,132.88 AED في الحساب ***677 بتاريخ 09/07/2024"
2737,الأهلي,2024-06-14T08:02:00,رمز التحقق الخاص بك هو 824457 صالح لمدة 15 دقائق لا تشاركه مع احد
2738,alrajhi,2024-10-10T10:55:00,تم ايداع راتب بمبلغ 81.12 SAR في الحساب ***360 بتار
2739,snb,2024-11-29T08:03:00,خصم  رسوم 97.43 SAR على الحساب ***825 رقم العملية 184951149
2740,الراجحي,2024-02-06T20:11:00,"Transfer of SAR 40,938.72 to mohammed ali completed. Ref 161720591. Balance SAR 54,879.44 شكرا لك"
2741,riyad bank,2024-08-30T15:42:00,"Dear customer, service الحوالات الفورية was activated on account ***190. Call 966535205323 for help"
2742,alrajhi,2024-08-22T10:26:00,"Salary  of USD 52,247.92 credited to account ***832 on 22/08/2024"
2743,بنك الرياض,2024-07-04T19:48:00,"تم تحويل مبلغ 11,537.01 SAR الى خالد العتيبي رقم المرجع 837065406 الرصيد 386,059.75"
2744,snb,2024-12-02T08:08:00,"عملية شراء بمبلغ 88,538.23 AED لدى بنده بالبطاقة ****2621 بتاريخ 2024-12-02 الرصيد المتاح 270,931.96"
2745,الأهلي,2024-02-24T07:30:00,خصم رسوم 31.53 AED على الحساب ***519 رقم العملية 571377023
2746,الأهلي,2024-07-14T08:15:00,"‏Transfer of ر.س 79,197.41 to خالد العتيبي completed. Ref 168352660. Balance ر.س 465,541.94‎"
2747,snb,2024-04-28T06:16:00,"Transfer of ر.س 26,266.21 to mohammed ali completed. Ref 400222355. Bal"
2748,alrajhi,2024-08-14T01:53:00,Your OTP is 736642. Valid for 15 minutes. Do not share it with anyone
2749,الراجحي,2024-02-01T07:03:00,عزيزنا العميل تم تفعيل خدمة المدفوعات الدولية على حسابك ***873 للاستفسار اتصل على 966573668926
2750,الراجحي,2024-07-12T07:12:00,خصم رسوم 52.30 SAR على الحساب ***185 رقم العملية 704870278
2751,الأهلي,2024-02-20T16:59:00,"سحب نقدي 21,762.72 USD من الحساب ***656 بتاريخ 20/02/2024 الرصيد المتاح 251,424.59"
2752,alrajhi,2024-05-26T11:25:00,"عملية شراء بمبلغ 45,165.35 SAR لدى jarir bookstore بالبطاقة xxxx5553 بتاريخ 26/05/2024 الرصيد المتاح 394,725.53"
2753,الراجحي,2024-07-10T01:42:00,"تم ايداع راتب بمبلغ 30,287.49 SAR في الحساب ***361 بتاريخ 2024-07-10"
2754,riyad bank,2024-10-27T02:20:00,"Bill payment SAR 68,068.58 to amazon.sa succeeded. Fee SAR 89.64. Ref 574918519"
2755,الراجحي,2024-02-23T06:24:00,عزيزنا  العميل تم تفعيل خدمة sms alerts على حسابك ***٣٦٥ للاستفسار اتصل على ٩٦٦٥٤١٦٨٤٧٣٩
2756,alrajhi,2024-06-17T21:01:00,Your card ****8644 was declined at نون due to insufficient funds
2757,الأهلي,2024-08-30T13:48:00,"تم ايداع راتب بمبلغ 53,627.94 ر.س في الحساب ***425 بتاريخ 2024-08-30"
2758,alrajhi,2024-09-12T17:04:00,"عملية شراء بمبلغ 4,247.33 USD لدى هنقرستيشن بالبطاقة ****1439 بتاريخ 2024-09-12 الرصيد المتاح 429,061.28"
2759,riyad bank,2024-02-11T01:06:00,خصم رسوم 6.27 ر.س على الحساب ***928 رقم العملية 456268177 شكرا لك
2760,riyad bank,2024-02-16T01:39:00,Your OTP is 803666. Valid for 10 minutes. Do not share it with anyone
2761,alrajhi,2024-03-12T17:17:00,Your OTP is 205958. Valid for 10 minutes. Do not share it with anyone
2762,riyad bank,2024-11-29T13:55:00,"Transfer of SAR 8,096.00 to acme trading llc completed. Ref 859075388. Balance SAR 260,440.23"
2763,الأهلي,2024-10-28T08:59:00,"Purchase of AED 19,700.29 at amazon.sa on card ending xxxx5350 on 28/10/2024 08:59. Available balance AED 160,617.27"
2764,بنك الرياض,2024-07-14T23:56:00,خصم رسوم 8.29 AED على الحساب ***644 رقم العملية 198762182 شكرا لك
2765,riyad bank,2024-09-09T04:28:00,"تم تحويل مبلغ 43,707.86 SAR الى acme trading llc رقم المرجع 711047369 الرصيد 250,604.58"
2766,riyad bank,2024-09-01T09:19:00,عزيزنا العميل تم تفعيل خدمة المدفوعات الدولية على حسابك ***313 للاستفسار اتصل على 966582213666
2767,الأهلي,2024-04-30T06:35:00,"تم ايداع راتب بمبلغ 62,257.55 ر.س في الحساب ***998 بتاريخ 30/04/2024"
2768,بنك الرياض,2024-02-24T05:39:00,"Salary of AED 33,091.24 credited to account ***583 on 2024-02-24"
2769,الأهلي,2024-03-05T19:26:00,Your card xxxx1407 was declined at صيدلية النهدي due to insufficient funds
2770,snb,2024-10-25T03:14:00,Your  card xxxx1106 was declined at amazon.sa due to insufficient funds
2771,alrajhi,2024-01-10T02:55:00,"‏Purchase of SAR 78,452.54 at هنقرستيشن on card ending ****6721 on 10/01/2024 02:55. Available balance SAR 25,582.86‎"
2772,الأهلي,2024-10-04T06:21:00,"Bill payment Ø±.Ø³ 85,015.50 to Ø¨Ù†Ø¯Ù‡ succeeded. Fee ر.س 48.52. Ref 675018227"
2773,snb,2024-01-10T20:33:00,خصم Ø±Ø³ÙˆÙ… 82.49 Ø±.Ø³ Ø¹Ù„Ù‰ Ø§Ù„Ø­Ø³Ø§Ø¨ ***661 رقم العملية 653482053
2774,بنك الرياض,2024-06-17T01:08:00,"عملية شراء بمبلغ ٢٦,٠٣٢.٧٦ USD لدى carrefour hyper بالبطاقة xxxx٣٩٢٨ بتاريخ ٢٠٢٤-٠٦-١٧ الرصيد المتاح ١٥٣,٦٦٢.١٢"
2775,بنك الرياض,2024-10-03T07:26:00,"‏Salary of USD 13,283.10 credited to account ***950 on 2024-10-03‎"
2776,الأهلي,2024-05-23T12:28:00,"تم Ø§ÙŠØ¯Ø§Ø¹ Ø±Ø§ØªØ¨ Ø¨Ù…Ø¨Ù„Øº 42,194.42 USD Ùي الحساب ***571 بتاريخ 2024-05-23"
2777,الأهلي,2024-01-13T09:33:00,رمز التحقق الخاص بك هو 64604 صالح لمدة 10 دقائق لا تشاركه مع احد
2778,snb,2024-03-15T23:18:00,"عملية شراء بمبلغ 42,438.27 USD لدى starbucks بالبطاقة xxxx9779 بتاريخ 2024-03-15 الرصيد المتاح 41,820.42"
2779,بنك الرياض,2024-11-07T03:01:00,"Purchase of ر.س 6,303.69 at jarir bookstore on card ending xxxx6859 on 07/11/2024 03:01. Available balance ر.س 3,008.93"
2780,riyad bank,2024-10-10T00:49:00,"Bill payment SAR 24,903.99 to صيدلية النهدي succeeded. Fee SAR 64.09. Ref 516318102"
2781,alrajhi,2024-06-08T21:43:00,Your OTP is 806558. Valid for 15 minutes. Do not share it with anyone
2782,snb,2024-07-20T16:30:00,"تم  ØªØ­ÙˆÙŠÙ„ Ù…Ø¨Ù„Øº 47,046.97 SAR Ø§Ù„Ù‰ Ø®Ø§Ù„Ø¯ Ø§Ù„Ø¹ØªÙŠØ¨ي رقم المرجع 644091465 الرصيد 250,507.45"
2783,بنك الرياض,2024-10-23T14:27:00,"‏Transfer of AED 11,770.10 to acme trading llc completed. Ref 374849408. Balance AED 175,886.13‎"
2784,riyad bank,2024-08-08T02:02:00,"ATM withdrawal AED 38,139.42 from account ***167 on 08/08/2024. Available balance AED 86,213.02"
2785,الأهلي,2024-11-05T06:06:00,خصم رسوم 66.40 AED على الحساب ***902 رقم العملية 269766349
2786,الأهلي,2024-01-12T00:12:00,"Purchase of AED 8,736.96 at صيدلية النهدي on card ending ****5831 on 2024-01-12 00:12. Available balance AED 104,856.13"
2787,snb,2024-01-16T14:39:00,‏خصم رسوم 76.56 USD على الحساب ***928 رقم العملية 868200790‎
2788,الأهلي,2024-11-21T06:56:00,"سحب نقدي 61,627.62 USD من الحساب ***698 بتاريخ 21/11/2024 الرصيد المتاح 285,537.86"
2789,alrajhi,2024-05-09T11:32:00,"Bill payment AED 88,473.87 to starbucks succeeded. Fee AED 46.36. Ref 179333463"
2790,riyad bank,2024-12-02T20:48:00,‏Your OTP is 875112. Valid for 5 minutes. Do not share i
2791,الأهلي,2024-06-15T03:24:00,"‏تم تحويل مبلغ 52,354.96 ر.س الى acme trading llc رقم المرجع 732645480 الرصيد 191,034.97‎"
2792,الأهلي,2024-02-16T19:19:00,‏Your OTP is 277889. Valid for 15 minutes. Do not share it with anyone‎ thank you
2793,alrajhi,2024-06-04T22:04:00,"Dear customer, service المدفوعات الدولية was activated on account ***121. Call 966572426512 for help"
2794,بنك الرياض,2024-03-02T06:59:00,خصم رسوم 26.77 ر.س على الحساب ***206 رقم العملية 416291323
2795,الأهلي,2024-02-25T16:24:00,"تم  ايداع راتب بمبلغ 9,611.65 ر.س في الحساب ***583 بتاريخ 2024-02-25"
2796,الراجحي,2024-09-14T16:24:00,"تم تحويل مبلغ 82,592.64 SAR الى نورة الشمري رقم المرجع 273323447 الرصيد 137,424.37"
2797,alrajhi,2024-08-17T17:32:00,"‏Salary of ر.س 69,389.34 credited to account ***428 on 2024-08-17‎"
2798,alrajhi,2024-01-07T20:46:00,Your OTP is 183621. Valid for 15 minutes. Do not share it with anyone
2799,snb,2024-07-06T10:56:00,"تم ايداع راتب بمبلغ 86,544.72 USD في الحساب ***726 بتاريخ 06/07/2024"
2800,snb,2024-01-04T22:04:00,عزيزنا العميل تم تفعيل خدمة الحوالات الفورية على حسابك ***289 للاستفسار اتصل على 966546677326
2801,الأهلي,2024-01-25T07:21:00,"سحب نقدي 83,133.22 USD من الحساب ***601 بتاريخ 2024-01-25 الرصيد المتاح 142,399.80"
2802,alrajhi,2024-04-04T05:00:00,"Purchase of SAR 46,376.38 at بنده on card ending ****7508 on 2024-04-04 05:00. Available balance SAR 36,067.72"
2803,الراجحي,2024-07-08T06:26:00,رمز  التحقق الخاص بك هو 543523 صالح لمدة 15 دقائق لا تشاركه مع احد
2804,snb,2024-10-01T05:21:00,"سحب نقدي 13,387.38 AED من الحساب ***748 بتاريخ 01/10/2024 الرصيد المتاح 498,881.16"
2805,بنك الرياض,2024-04-09T02:17:00,"Salary of AED 14,623.97 credited to account ***835 on 2024-04-09"
2806,الأهلي,2024-09-15T14:09:00,"Dear customer, service المدفوعات الدولية was activated on account ***856. Call 966568287029 for help"
2807,snb,2024-04-27T08:14:00,Your card xxxx8177 was declined at نون due to insuf
2808,الراجحي,2024-06-10T11:28:00,رمز التحقق الخاص بك هو 445035 صالح لمدة 5 دقائق لا تشاركه مع احد
2809,بنك الرياض,2024-10-03T16:58:00,"Transfer of ر.س 46,608.24 to mohammed ali completed. Ref 455767431. Balance ر.س 91,849.23"
2810,snb,2024-05-10T13:40:00,"تم ايداع راتب بمبلغ 31,109.33 AED في الحساب ***731 بتاريخ 10/05/2024"
2811,الأهلي,2024-05-15T18:21:00,عزيزنا العميل تم تفعيل خدمة المدفوعات الدولية على حسابك ***248 للاستفسار اتصل على 966531642412
2812,alrajhi,2024-06-23T23:38:00,خصم رسوم 95.71 ر.س على الحساب ***834 رقم العملية 282301049
2813,alrajhi,2024-11-27T12:11:00,"ATM withdrawal AED 41,650.68 from account ***226 on 2024-11-27. Available balance AED 194,845.91"
2814,الأهلي,2024-05-14T05:47:00,Your card ****8944 was declined at صيدلية النهدي due to insufficient funds
2815,riyad bank,2024-11-03T20:53:00,عزيزنا العميل تم تفعيل خدمة الحوالات الفورية على حسابك ***946 للاستفسار اتصل على 966580809865
2816,بنك الرياض,2024-03-08T12:07:00,"تم تحويل مبلغ 746.03 AED الى sara a. رقم المرجع 559033783 الرصيد 53,559.58"
2817,riyad bank,2024-04-22T05:47:00,‏Your card ****3742 was declined at نون due to insufficient funds‎
2818,snb,2024-08-23T12:23:00,"سحب Ù†Ù‚Ø¯ÙŠ 66,218.49 Ø±.Ø³ Ù…Ù† Ø§Ù„Ø­Ø³Ø§Ø¨ ***110 Ø¨ØªØ§ريخ 2024-08-23 الرصيد المتاح 443,684.86"
2819,snb,2024-11-18T05:14:00,"Dear customer, service الحوالات الفورية was activated on account ***784. Call 966561999038 for help"
2820,riyad bank,2024-05-13T13:44:00,Your card ****9632 was declined at هنقرستيشن due to insufficient funds
2821,الراجحي,2024-01-18T00:19:00,"تم تحويل مبلغ 38,889.77 USD الى acme trading llc رقم المرجع 584622758 الرصيد 351,706.55"
2822,snb,2024-06-05T03:03:00,"تم  ايداع راتب بمبلغ 31,022.05 SAR في الحساب ***216 بتاريخ 2024-06-05"
2823,snb,2024-07-22T05:45:00,"Transfer of SAR 78,558.22 to نورة الشمري completed. Ref 147638821. Balance SAR 169,741.01"
2824,بنك الرياض,2024-08-29T10:33:00,رمز  التحقق الخاص بك هو 847869 صالح لمدة 5 دقائق لا تشاركه مع احد
2825,snb,2024-07-14T21:45:00,"‏ATM withdrawal SAR 36,563.12 from account ***411 on 14/07/2024. Available balance SAR 418,709.49‎"
2826,بنك الرياض,2024-04-26T05:43:00,"‏Dear customer, service الحوالات الفورية was activated on account ***287. Call 966557330461 for help‎"
2827,بنك الرياض,2024-04-19T01:21:00,"ATM withdrawal USD 50,128.30 from account ***428 on 2024-04-19. Available balance USD 367,363.26 شكرا لك"
2828,الأهلي,2024-09-30T01:35:00,"تم ØªØ­ÙˆÙŠÙ„ Ù…Ø¨Ù„Øº 47,061.81 SAR Ø§Ù„Ù‰ Ù†ÙˆØ±Ø© Ø§Ù„Ø´Ù…Ø±ي رقم المرجع 537961826 الرصيد 444,794.98"
2829,alrajhi,2024-03-05T09:07:00,"ATM withdrawal USD 86,862.46 from account ***242 on 05/03/2024. Available balance USD 42,051.60"
2830,alrajhi,2024-10-18T02:59:00,رمز التحقق الخاص بك هو 69951 صالح لمدة 15 دقائق لا تشاركه مع احد
2831,alrajhi,2024-06-27T09:48:00,"Salary of USD 52,188.47 credited to account ***993 on 2024-06-27"
2832,snb,2024-08-01T17:33:00,"‏تم تحويل مبلغ 52,512.06 SAR الى خالد العتيبي رقم المرجع 660980093 الرصيد 422,141.93‎"
2833,snb,2024-06-20T10:31:00,"تم ايداع راتب بمبلغ 31,744.32 AED في الحساب ***890 بتاريخ 20/06/2024"
2834,snb,2024-04-23T23:40:00,Your card xxxx8673 was declined at بنده due to insufficient funds
2835,بنك الرياض,2024-10-20T22:48:00,"سحب  نقدي 56,853.12 ر.س من الحساب ***129 بتاريخ 2024-10-20 الرصيد المتاح 27,129.88"
2836,alrajhi,2024-01-10T19:41:00,Your OTP is 785425. Valid for 10 minutes. Do not share it with anyone شكرا لك
2837,بنك الرياض,2024-12-07T17:15:00,"Salary of ر.س 58,510.32 credited to account ***968 on 2024-12-07 شكرا لك"
2838,الأهلي,2024-01-09T17:29:00,"Bill payment ر.س 74,238.76 to بنده succeeded. Fee ر.س 36.94. Ref 364858642"
2839,snb,2024-01-04T04:34:00,"Bill payment SAR 2,557.19 to carrefour hyper succeeded. Fee SAR 54.75. Ref 396617915"
2840,الأهلي,2024-01-02T18:33:00,"Transfer of USD 60,143.81 to نورة الشمري completed. Ref 372048208. Balance USD 344,470.24 -الأهلي"
2841,الأهلي,2024-07-05T03:37:00,"Bill payment SAR 68,718.42 to carrefour hyper succeeded. Fee SAR 62.59. Ref 330563447"
2842,alrajhi,2024-08-04T02:39:00,Your  card ****4775 was declined at هنقرستيشن due to insufficient funds
2843,الأهلي,2024-12-12T07:03:00,"Transfer of ر.س 14,802.33 to sara a. completed. Ref 651328893. Balance ر.س 121,614.34"
2844,بنك الرياض,2024-03-31T10:54:00,"Transfer of AED ٧٦,٧٩١.٢٠ to acme trading llc completed. Ref ٢٧٤٩٤٨٦٠٢. Balance AED ٢٨١,١٤٧.٣٠"
2845,riyad bank,2024-09-22T07:48:00,عزيزنا العميل تم تفعيل خدمة apple pay على حسابك ***769 للاستفسار اتصل على 966560239873
2846,الراجحي,2024-07-15T20:00:00,"Transfer of Ø±.Ø³ 76,275.60 to sara a. completed. Ref 457437466. Balance ر.س 187,009.51"
2847,snb,2024-08-13T18:07:00,عزيزنا العميل تم تفعيل خدمة الحوالات الفورية على حسابك ***238 للاستفسار اتصل على 966563076690
2848,riyad bank,2024-11-10T07:29:00,"ATM withdrawal AED 2,927.04 from account ***399 on 2024-11-10. Available balance AED 471,367.12"
2849,بنك الرياض,2024-04-22T01:26:00,Your OTP is 479191. Valid for 5 minutes. Do not share it with anyone
2850,riyad bank,2024-10-15T08:18:00,Your OTP is 167481. Valid for 15 minutes. Do not share it with anyone
2851,alrajhi,2024-04-24T15:05:00,Your card xxxx٢١٠١ was declined at هنقرستيشن due to insufficient funds
2852,الأهلي,2024-12-07T11:28:00,خصم  رسوم 9.52 SAR على الحساب ***636 رقم العملية 574724459
2853,snb,2024-12-12T19:16:00,"Transfer of AED 42,993.10 to acme trading llc completed. Ref 635477630. Balance AED 37,154.20"
2854,alrajhi,2024-10-12T07:00:00,Your OTP is 408310. Valid for 15 minutes. Do not share it with anyone
2855,الراجحي,2024-04-30T23:47:00,"Purchase of ر.س ٦٣,٦٧٨.٦٠ at amazon.sa on card ending xxxx٦٢٣٥ on ٣٠/٠٤/٢٠٢٤ ٢٣:٤٧. Available balance ر.س ٤٢٥,٨٨٥.٨٣"
2856,snb,2024-11-24T20:44:00,"Bill payment USD 9,201.73 to carrefour hyper succeeded. Fee USD 4.79. Ref 355166054"
2857,riyad bank,2024-02-08T07:51:00,"Dear  customer, service sms alerts was activated on account ***974. Call 966553185148 for help"
2858,snb,2024-06-12T20:49:00,"Transfer of ر.س ٨٦,٧٨٦.٦٢ to نورة الشمري completed. Ref ٣٣٤٩٧٩٦٤٨. Balance ر.س ٦٧,٧٤٦.٩٣"
2859,بنك الرياض,2024-09-15T09:11:00,"ATM withdrawal ر.س 36,446.30 from account ***691 on 15/09/2024. Available balance ر.س 278,400.49"
2860,الأهلي,2024-10-08T05:37:00,"ATM withdrawal AED 79,992.20 from account ***200 on 08/10/2024. Available balance AED 396,285.10"
2861,snb,2024-05-03T02:05:00,Your card ****6052 was declined at starbucks due to insufficient funds -alrajhi
2862,بنك الرياض,2024-01-01T22:58:00,عزيزنا العميل تم تفعيل خدمة sms alerts على حسابك ***437 للاستفسار اتصل على 966586440704
2863,snb,2024-01-17T18:43:00,Your OTP is 119977. Valid for 5 minutes. Do not share 
2864,alrajhi,2024-04-14T11:13:00,عزيزنا العميل تم تفعيل خدمة الحوالات الفورية على حسابك ***131 للاستفسار اتصل على 966580496806
2865,بنك الرياض,2024-06-07T01:06:00,خصم رسوم 86.08 SAR على الحساب ***535 رقم العملية 838469590
2866,alrajhi,2024-04-18T19:02:00,خصم Ø±Ø³ÙˆÙ… 10.71 USD Ø¹Ù„Ù‰ Ø§Ù„Ø­Ø³Ø§Ø¨ ***788 رقم العملية 564156927
2867,riyad bank,2024-10-21T08:45:00,"تم تحويل مبلغ 70,827.04 SAR الى acme trading llc رقم المرجع 769245782 الرصيد 7,182.16"
2868,الراجحي,2024-10-28T13:42:00,رمز Ø§Ù„ØªØ­Ù‚Ù‚ Ø§Ù„Ø®Ø§Øµ Ø¨Ùƒ Ù‡Ùˆ 465063 ØµØ§Ù„Ø­ لمدة 10 دقائق لا تشاركه مع احد
2869,alrajhi,2024-06-12T07:09:00,"سحب نقدي 2,669.40 SAR من الحساب ***991 بتاريخ 12/06/2024 الرصيد المتاح 282,582.24"
2870,بنك الرياض,2024-04-09T19:03:00,عزيزنا العميل تم تفعيل خدمة المدفوعات الدولية على حسابك ***978 للاستفسار اتصل على 966580171864
2871,snb,2024-03-31T17:00:00,"Salary of AED 33,279.42 credited to account ***697 on 31/03/2024"
2872,alrajhi,2024-12-07T12:37:00,خصم رسوم 52.73 ر.س على الحساب ***975 رقم العملية 126243600
2873,alrajhi,2024-05-18T05:40:00,‏Your card xxxx1128 was declined at carrefour hyper due to insufficient funds‎
2874,riyad bank,2024-07-25T12:37:00,"Dear customer, service apple pay was activated on account ***158. Call 966560869329 for help"
2875,alrajhi,2024-03-04T18:19:00,"Dear customer, service apple pay was activated on account ***٣٤١. Call ٩٦٦٥١٩٢١٨٤٦١ for help"
2876,alrajhi,2024-11-12T11:55:00,Your OTP is 816892. Valid for 15 minutes. Do not share it with anyone
2877,الراجحي,2024-01-19T01:56:00,"سحب نقدي 66,099.36 SAR من الحساب ***149 بتاريخ 19/01/2024 الرصيد المتاح 280,735.38"
2878,snb,2024-07-31T02:25:00,Your OTP is 406938. Valid for 10 minutes. Do not share it with anyone
2879,riyad bank,2024-03-26T13:46:00,"Purchase of SAR 74,883.61 at jarir bookstore on card ending ****9963 on 26/03/2024 13:46. Available balance SAR 328,151.89"
2880,الأهلي,2024-09-12T15:57:00,"تم  تحويل مبلغ 47,430.69 USD الى sara a. رقم المرجع 448174815 الرصيد 133,286.01"
2881,alrajhi,2024-10-19T22:07:00,Your OTP is 17018. Valid for 5 minutes. Do not share it with anyone
2882,riyad bank,2024-08-20T15:58:00,Your OTP is 749632. Valid for 5 minutes. Do not share it with anyone
2883,riyad bank,2024-01-25T17:06:00,"تم تحويل مبلغ 84,671.60 AED الى نورة الشمري رقم المرجع 991600252 الرصيد 13,928.54"
2884,الراجحي,2024-09-28T11:05:00,"Dear customer, service الحوالات الفورية was activated on account ***809. Call 966572626028 for help"
2885,الراجحي,2024-12-08T21:14:00,"ATM withdrawal AED ٨٥,١٤٤.٦٦ from account ***٦٥٤ on ٢٠٢٤-١٢-٠٨. Available balance AED ٣٧٨,٥٠٩.١٢"
2886,snb,2024-06-11T12:00:00,"‏Transfer of USD 88,821.16 to sara a. completed. Ref 560691067. Balance USD 403,873.74‎"
2887,الراجحي,2024-04-09T07:02:00,"Bill payment SAR 32,877.58 to carrefour hyper succeeded. Fee SAR 29.11. Ref 976795485"
2888,riyad bank,2024-10-13T23:06:00,"Transfer of USD 27,995.20 to sara a. completed. Ref 791470658. Bala"
2889,الأهلي,2024-06-06T02:26:00,"تم تحويل مبلغ 59,840.75 ر.س الى sara a. رقم المرجع 311888356 الرصيد 3,459.15"
2890,بنك الرياض,2024-03-17T10:11:00,"Transfer of USD 74,119.52 to خالد العتيبي completed. Ref 194589847. Balance USD 430,499.65"
2891,alrajhi,2024-09-17T00:26:00,"Purchase  of ر.س 24,076.17 at carrefour hyper on card ending xxxx5340 on 17/09/2024 00:26. Available balance ر.س 59,251.12"
2892,riyad bank,2024-06-18T17:25:00,"عملية شراء بمبلغ 8,525.32 AED لدى هنقرستيشن بالبطاقة ****1474 بتاريخ 18/06/2024 الرصيد المتاح 115,355.81"
2893,snb,2024-01-04T14:35:00,"عملية شراء بمبلغ 3,012.18 AED لدى starbucks بالبطاقة xxxx6308 بتاريخ 04/01/2024 الرصيد المتاح 392,531.40"
2894,الأهلي,2024-08-12T13:34:00,خصم رسوم 43.94 USD على الحساب ***108 رقم العملية 893892773
2895,الأهلي,2024-01-27T19:52:00,عزيزنا العميل تم تفعيل خدمة apple pay على حسابك ***910 للاستفسار اتصل على 966561270323
2896,alrajhi,2024-03-26T11:05:00,"تم ايداع راتب بمبلغ ٢٤,٧٦٤.٣١ USD في الحساب ***١٤٣ بتاريخ ٢٠٢٤-٠٣-٢٦"
2897,alrajhi,2024-05-12T18:25:00,"Transfer of SAR 65,289.98 to خالد العتيبي completed. Ref 756984519. Balance SAR 339,476.74"
2898,الراجحي,2024-10-17T10:49:00,"سحب نقدي ٤,٣٠٢.١٦ USD من الحساب ***٥٨٨ بتاريخ ١٧/١٠/٢٠٢٤ الرصيد المتاح ٣٩٠,٥٢٦.٧٢ شكرا لك"
2899,الأهلي,2024-04-20T02:58:00,"عملية شراء بمبلغ 26,878.49 USD لدى نون بالبطاقة ****1349 بتاريخ 20/04/2024 الرصيد المتاح 394,984.13"
2900,snb,2024-05-05T17:13:00,"Dear customer, service الحوالات الفورية was activated on account ***209. Call 966548213620 for help"
2901,بنك الرياض,2024-03-25T20:49:00,"Purchase of Ø±.Ø³ 68,696.54 at amazon.sa on card ending ****7677 on 2024-03-25 20:49. Available balance ر.س 92,029.11"
2902,الراجحي,2024-11-28T11:38:00,Your card xxxx4119 was declined at starbucks due to insufficient funds
2903,alrajhi,2024-10-29T02:20:00,Your OTP is 686752. Valid for 15 minutes. Do not share it with anyone
2904,riyad bank,2024-11-25T13:57:00,"‏Dear customer, service apple pay was activated on account ***٢٠٠. Call ٩٦٦٥٣٨٣٢٩١١٧ for help‎"
2905,الأهلي,2024-07-04T08:54:00,Your card ****6073 was declined at amazon.sa due to insufficient funds
2906,alrajhi,2024-05-19T19:21:00,رمز التحقق الخاص بك هو 295397 صالح لمدة 5 دقائق لا تشاركه مع احد
2907,alrajhi,2024-09-23T03:23:00,خصم رسوم 90.67 USD على الحساب ***180 رقم العملية 690877810
2908,alrajhi,2024-03-21T13:21:00,"Transfer of ر.س 58,041.95 to sara a. completed. Ref 576940517. Balance ر.س 197,076.27"
2909,الراجحي,2024-02-13T22:32:00,"Bill payment AED 55,932.19 to نون succeeded. Fee AED 57.75. Ref 176006573"
2910,riyad bank,2024-02-18T11:17:00,"تم  تحويل مبلغ 20,007.34 ر.س الى خالد العتيبي رقم المرجع 640363173 الرصيد 168,735.69"
2911,alrajhi,2024-07-24T09:10:00,"‏Salary  of ر.س 64,941.23 credited to account ***652 on 24/07/2024‎"
2912,riyad bank,2024-05-13T07:43:00,Your card ****7123 was declined at هنقرستيشن due to insufficient funds شكرا لك
2913,snb,2024-01-19T18:39:00,"Transfer of ر.س 72,563.00 to خالد العتيبي completed. Ref 555640712. Balance ر.س 164,858.27"
2914,snb,2024-01-13T04:29:00,Your card ****1159 was declined at صيدلية النهدي due to ins
2915,الأهلي,2024-06-15T03:57:00,"عملية  شراء بمبلغ 11,146.46 AED لدى amazon.sa بالبطاقة xxxx5574 بتاريخ 2024-06-15 الرصيد المتاح 487,996.19 thank you"
2916,الراجحي,2024-11-05T06:26:00,Your OTP is 165425. Valid for 5 minutes. Do not share it with anyone
2917,بنك الرياض,2024-09-01T08:38:00,"Dear  customer, service الحوالات الفورية was activated on account ***744. Call 966556307874 for help -snb"
2918,الراجحي,2024-04-09T19:00:00,"Bill payment AED 84,637.43 to نون succeeded. Fee AED 72.13. Ref 847661534"
2919,alrajhi,2024-03-16T07:47:00,عزيزنا العميل تم تفعيل خدمة الحوالات الفورية على حسابك ***718 للاستفسار اتصل على 966580103352
2920,alrajhi,2024-01-26T23:17:00,"ATM withdrawal SAR 5,293.75 from account ***177 on 2024-01-26. Available balance SAR 178,664.61"
2921,الراجحي,2024-08-14T06:11:00,"ATM withdrawal AED 28,031.04 from account ***574 on 14/08/2024. Available balance AED 92,412.20"
2922,riyad bank,2024-05-26T12:59:00,"عملية  شراء بمبلغ ٣,٢٦٠.٦٦ AED لدى jarir bookstore بالبطاقة xxxx٧٨٨٥ بتاريخ ٢٠٢٤-٠٥-٢٦ الرصيد المتاح ١١٤,١٠٦.٦٢"
2923,riyad bank,2024-01-19T19:39:00,"تم تحويل مبلغ ٧٢,٠٨٦.٢١ ر.س الى خالد العتيبي رقم المرجع ١١٦٣٤٨٨١٧ الرصيد ٤٥٠,٠٣٧.٢٣"
2924,alrajhi,2024-09-22T20:47:00,"Purchase of SAR 19,846.40 at starbucks on card ending ****1867 on 22/09/2024 20:47. Available balance SAR 340,184.19"
2925,الراجحي,2024-10-12T11:48:00,عزيزنا العميل تم تفعيل خدمة apple pay على حسابك ***193 للاستفسار اتصل على 966548180373
2926,riyad bank,2024-07-05T07:18:00,خصم رسوم 17.10 SAR على الحساب ***166 رقم العملية 338742207
2927,riyad bank,2024-07-10T02:18:00,‏خصم رسوم 94.08 USD على الحساب ***436 رقم العملية 551032593‎
2928,بنك الرياض,2024-10-04T08:08:00,عزيزنا العميل تم تفعيل خدمة الحوالات الفورية على حسابك ***114 للاستفسار ات
2929,الراجحي,2024-07-06T18:59:00,عزيزنا العميل تم تفعيل خدمة المدفوعات الدولية على حسابك ***841 للاستفسار اتصل على 966525663453 thank you
2930,alrajhi,2024-10-23T19:03:00,"عملية شراء بمبلغ 28,840.29 SAR لدى نون بالبطاقة ****8343 بتاريخ 23/10/2024 الرصيد المتاح 362,481.97"
2931,الأهلي,2024-11-18T17:56:00,"‏عملية شراء بمبلغ 8,080.48 SAR لدى صيدلية النهدي بالبطاقة ****5762 بتاريخ 2024-11-18 الر"
2932,الراجحي,2024-07-27T15:57:00,"Bill payment USD 60,377.08 to نون succeeded. Fee USD 16.97. Ref 473239597"
2933,الأهلي,2024-08-14T00:21:00,"Salary of AED 65,375.64 credited to account ***247 on 14/08/2024"
2934,alrajhi,2024-03-10T07:00:00,"عملية شراء بمبلغ 67,444.95 ر.س لدى starbucks بالبطاقة ****5649 بتاريخ 10/03/2024 الرصيد المتاح 29,922.80"
2935,snb,2024-01-27T22:42:00,"‏Purchase of SAR 48,751.97 at jarir bookstore on card ending xxxx7676 on 2024-01-27 22:42. Available balance SAR 453,077.70‎"
2936,riyad bank,2024-10-09T01:13:00,"سحب نقدي 84,944.67 AED من الحساب ***154 بتاريخ 09/10/2024 الرصيد المتاح 460,427.25"
2937,بنك الرياض,2024-03-27T23:08:00,"Dear customer, service الحوالات الفورية was activated on account ***367. Call 966557398084 for help"
2938,riyad bank,2024-05-11T18:45:00,"Bill payment USD 28,465.50 to carrefour hyper succeeded. Fee USD 10.94. Ref 225493282"
2939,بنك الرياض,2024-03-22T05:54:00,"ATM withdrawal USD 41,260.03 from account ***182 on 22/03/2024. Available balance USD 350,944.07"
2940,riyad bank,2024-08-02T18:25:00,خصم رسوم 68.02 ر.س على الحساب ***124 رقم العمل
2941,الراجحي,2024-05-08T23:56:00,خصم رسوم 40.49 SAR على الحساب ***187 رقم العملية 634546881
2942,الأهلي,2024-02-06T14:18:00,"سحب نقدي 62,829.57 USD من الحساب ***314 بتاريخ 2024-02-06 الرصيد المتاح 393,735.68"
2943,الراجحي,2024-07-03T10:28:00,"عملية شراء بمبلغ 5,316.77 SAR لدى نون بالبطاقة xxxx6732 بتاريخ 03/07/2024 الرصيد المتاح 135,000.57"
2944,الأهلي,2024-07-21T04:08:00,"سحب نقدي 15,477.11 USD من الحساب ***302 بتاريخ 2024-07-21 الرصيد المتاح 254,465.35"
2945,الراجحي,2024-11-26T01:13:00,"Purchase of AED 44,912.55 at هنقرستيشن on card ending ****2860 on 2024-11-26 01:13. Available balance AED 63,542.62"
2946,riyad bank,2024-02-15T06:37:00,Your OTP is 842412. Valid for 5 minutes. Do not share it with anyone
2947,snb,2024-04-04T09:39:00,خصم رسوم 94.92 AED على الحساب ***799 رقم العملية 774663408 شكرا لك
2948,snb,2024-07-29T10:41:00,"تم ايداع راتب بمبلغ 48,071.53 AED في الحساب ***448 بتاريخ 29/07/2024"
2949,alrajhi,2024-05-13T16:04:00,عزيزنا  العميل تم تفعيل خدمة الحوالات الفورية على حسابك ***570 للاستفسار اتصل على 966559914619
2950,alrajhi,2024-07-07T00:31:00,"سحب Ù†Ù‚Ø¯ÙŠ 48,318.33 AED Ù…Ù† Ø§Ù„Ø­Ø³Ø§Ø¨ ***776 Ø¨ØªØ§ريخ 2024-07-07 الرصيد المتاح 349,602.99"
2951,riyad bank,2024-03-07T03:45:00,"Salary  of AED 32,812.50 credited to account ***715 on 07/03/2024"
2952,بنك الرياض,2024-02-22T11:04:00,"تم ايداع راتب بمبلغ 74,737.81 ر.س في الحساب ***679 بتاريخ 22/02/2024"
2953,الأهلي,2024-10-06T15:09:00,رمز Ø§Ù„ØªØ­Ù‚Ù‚ Ø§Ù„Ø®Ø§Øµ Ø¨Ùƒ Ù‡Ùˆ 416163 ØµØ§Ù„Ø­ لمدة 15 دقائق لا تشاركه مع احد
2954,alrajhi,2024-05-17T22:00:00,خصم رسوم 82.41 AED على الحساب ***179 رقم العملية 349053539
2955,riyad bank,2024-01-07T23:02:00,"سحب نقدي ١٢,٢٢٧.٧٥ ر.س من الحساب ***٩٢١ بتاريخ ٠٧/٠١/٢٠٢٤ الرصيد المتاح ٣٢٦,٣٧٣.٦٧"
2956,snb,2024-03-07T20:08:00,‏رمز  التحقق الخاص بك هو ٥٦٨٤٤٧ صالح لمدة ١٥ دقائق لا تشاركه مع احد‎
2957,بنك الرياض,2024-03-13T06:38:00,"عملية  شراء بمبلغ 89,603.83 AED لدى starbucks بالبطاقة ****2485 بتاريخ 2024-03-13 الرصيد المتاح 306,375.20"
2958,الراجحي,2024-07-18T22:34:00,"Salary of SAR 20,268.77 credited to account ***112 on 18/07/2024"
2959,الراجحي,2024-06-05T16:38:00,"عملية شراء بمبلغ 8,157.87 SAR لدى starbucks بالبطاقة xxxx6049 بتاريخ 2024-06-05 الرصيد المتاح 205,651.24"
2960,alrajhi,2024-10-31T03:17:00,"Dear customer, service المدفوعات الدولية was activated on account ***994. Call 966558522762 for help"
2961,riyad bank,2024-06-06T16:29:00,"عملية شراء بمبلغ 64,153.30 USD لدى starbucks بالبطاقة xxxx5572 بتاريخ 06/06/2024 الرصيد المتاح 336,353.89"
2962,riyad bank,2024-02-05T02:45:00,"سحب نقدي 38,825.74 ر.س من الحساب ***570 بتاريخ 05/02/2024 الرصيد المتاح 489,785.82"
2963,snb,2024-01-14T06:53:00,"Dear customer, service sms alerts was activated on account ***٧١٩. Call ٩٦٦٥٨١١٢٦٢٣٣ for help"
2964,الأهلي,2024-08-04T08:50:00,"عملية شراء بمبلغ ٧٤,٠١٠.١٠ SAR لدى carrefour hyper بالبطاقة ****٨٧٨٠ بتاريخ ٠٤/٠٨/٢٠٢٤ الرصيد المتاح ٤٣٩,٨٠٣.١٢"
2965,الراجحي,2024-02-24T03:53:00,Your OTP is 743577. Valid for 15 minutes. Do not share it with anyone
2966,الراجحي,2024-03-02T15:57:00,"تم ايداع راتب بمبلغ 37,596.34 AED في الحساب ***354 بتاريخ 02/03/2024"
2967,الراجحي,2024-03-10T02:14:00,Your  card xxxx6668 was declined at jarir bookstore due to insufficient funds
2968,alrajhi,2024-08-17T10:46:00,"ATM  withdrawal USD 20,954.46 from account ***487 on 2024-08-17. Available balance USD 377,217.28"
2969,بنك الرياض,2024-01-01T21:33:00,"Purchase of SAR 75,949.71 at jarir bookstore on card ending ****5223 on 2024-01-01 21:33. Available balance SAR 21,843.55 thank you"
2970,الأهلي,2024-03-26T15:00:00,"تم تحويل مبلغ 12,558.27 SAR الى خالد العتيبي رقم المرجع 221568336 الرصيد 314,299.17"
2971,riyad bank,2024-02-07T17:52:00,"Transfer of ر.س 78,042.80 to sara a. completed. Ref 718519522. Balance ر.س 249,187.20"
2972,الراجحي,2024-02-08T00:45:00,"تم  ايداع راتب بمبلغ 83,133.74 AED في الحساب ***743 بتاريخ 08/02/2024"
2973,بنك الرياض,2024-10-23T12:07:00,"Dear customer, service المدفوعات الدولية was activated on account ***617. Call 966556407207 for help"
2974,الراجحي,2024-04-29T23:15:00,"سحب نقدي 18,488.57 USD من الحساب ***557 بتاريخ 29/04/2024 الرصيد المتاح 256,051.52"
2975,riyad bank,2024-03-25T14:22:00,"سحب نقدي 70,315.18 SAR من الحساب ***186 بتاريخ 25/03/2024 الرصيد المتاح 49,976.97"
2976,الأهلي,2024-09-07T08:19:00,"‏عملية شراء بمبلغ ٣٧,٥٨١.١٢ ر.س لدى بنده بالبطاقة xxxx٧٩٥٢ بتاريخ ٢٠٢٤-٠٩-٠٧ الرصيد المتاح ١٤٨,٦٤٧.١١‎"
2977,riyad bank,2024-09-07T12:54:00,"Dear customer, service Ø§Ù„Ù…Ø¯ÙÙˆØ¹Ø§Øª Ø§Ù„Ø¯ÙˆÙ„ÙŠØ© was activated on account ***646. Call 966597532205 for help"
2978,بنك الرياض,2024-07-23T02:53:00,"Purchase of ر.س 26,263.13 at starbucks on card ending ****9393 on 2024-07-23 02:53. Available balance ر.س 405,837.69"
2979,snb,2024-02-06T12:56:00,"Transfer of AED 31,855.34 to خالد العتيبي completed. Ref 985428334. Balance AED 183,233.09"
2980,riyad bank,2024-05-26T21:40:00,خصم  رسوم 32.61 AED على الحساب ***327 رقم العمل
2981,بنك الرياض,2024-05-29T07:48:00,"ATM withdrawal AED 32,390.16 from account ***497 on 2024-05-29. Available balance AED 145,742.21"
2982,الراجحي,2024-11-09T07:59:00,"عملية شراء بمبلغ 86,981.79 ر.س لدى jarir bookstore بالبطاقة ****2735 بتاريخ 2024-11-09 الرصيد المتاح 497,375.88"
2983,snb,2024-07-18T05:20:00,Your OTP is 430237. Valid for 15 minutes. Do not share it with anyone
2984,الأهلي,2024-02-07T13:08:00,"Transfer of AED 33,823.42 to mohammed ali completed. Ref 792738356. Balance AED 300,484.24"
2985,بنك الرياض,2024-12-03T05:47:00,"Transfer of AED 75,270.45 to sara a. completed. Ref 418313552. Balance AED 254,477.70"
2986,بنك الرياض,2024-08-24T10:20:00,خصم رسوم 66.54 USD على الحساب ***232 رقم العملية 972122961
2987,alrajhi,2024-11-29T23:32:00,"Salary of ر.س 76,375.94 credited to account ***512 on 29/11/2024"
2988,riyad bank,2024-04-16T14:32:00,عزيزنا العميل تم تفعيل خدمة sms alerts على حسابك ***270 للاستفسار اتصل على 966523663644
2989,riyad bank,2024-11-23T18:26:00,"Transfer of USD 50,603.37 to خالد العتيبي completed. Ref 308949057. Balance USD 146,378.39"
2990,بنك الرياض,2024-08-11T15:47:00,"سحب نقدي 74,185.24 ر.س من الحساب ***814 بتاريخ 2024-08-11 الرصيد المتاح 428,995.21"
2991,الراجحي,2024-10-31T07:32:00,‏Your card xxxx8038 was declined at carrefour hyper due to insufficient funds‎
2992,الراجحي,2024-09-09T21:44:00,"Salary of SAR 56,269.53 credited to account ***433 on 2024-09-09"
2993,snb,2024-08-08T20:16:00,"تم تحويل مبلغ 74,512.37 USD الى acme trading llc رقم المرجع 466872516 الرصيد 232,001.48"
2994,alrajhi,2024-11-07T02:02:00,"Transfer of USD 47,155.61 to acme trading llc completed. Ref 613994264. Balance USD 105,645.68"
2995,بنك الرياض,2024-05-22T21:39:00,"Salary of SAR 24,022.32 credited to account ***834 on 22/05/2024 -الأهلي"
2996,الراجحي,2024-06-17T22:37:00,Your card ****7493 was declined at jarir bookstore due to insufficient funds
2997,riyad bank,2024-05-20T15:00:00,"Purchase of USD 960.17 at starbucks on card ending xxxx9216 on 20/05/2024 15:00. Available balance USD 52,565.88"
2998,riyad bank,2024-06-16T21:08:00,"Transfer of USD 16,120.70 to mohammed ali completed. Ref 770298638. Balance USD 468,280.29"
2999,الأهلي,2024-03-20T20:21:00,"تم تحويل مبلغ 72,406.76 USD الى acme trading llc رقم المرجع 221680214 الرصيد 89,770.72"
3000,الأهلي,2024-06-18T17:04:00,رمز التحقق الخاص بك هو 647240 صالح لمدة 15 دقائق لا تشاركه مع احد
3001,riyad bank,2024-02-29T20:38:00,"Purchase of ر.س 7,034.12 at صيدلية النهدي on card ending xxxx4213 on 2024-02-29 20:38. Availabl"
3002,الراجحي,2024-02-09T17:18:00,"تم ايداع راتب بمبلغ 74,075.27 SAR في الحساب ***965 بتاريخ 2024-02-09"
3003,alrajhi,2024-10-23T04:42:00,"Transfer of USD 73,421.02 to acme trading llc completed. Ref 947734587. Balance USD 270,471.26"
3004,alrajhi,2024-07-27T08:08:00,"Transfer of ر.س 74,881.77 to acme trading llc completed. Ref 888033732. Balance ر.س 276,633.03"
3005,alrajhi,2024-09-18T02:45:00,رمز التحقق الخاص بك هو 872203 صالح لمدة 5 دقائق لا تشاركه مع احد
3006,الأهلي,2024-04-29T22:48:00,خصم Ø±Ø³ÙˆÙ… 27.84 Ø±.Ø³ Ø¹Ù„Ù‰ Ø§Ù„Ø­Ø³Ø§Ø¨ ***356 رقم العملية 616859251
3007,riyad bank,2024-07-02T10:57:00,"Bill payment USD 68,114.46 to starbucks succeeded. Fee USD 60.81. Ref 691866117"
3008,alrajhi,2024-12-07T23:56:00,"تم  تحويل مبلغ 29,030.60 AED الى sara a. رقم المرجع 740209421 الرصيد 279,329.73"
3009,riyad bank,2024-01-21T06:53:00,"‏ATM withdrawal SAR 649.97 from account ***376 on 21/01/2024. Available balance SAR 83,135.29‎ thank you"
3010,snb,2024-08-08T13:04:00,Your  card ****1033 was declined at carrefour hyper due to insufficient funds
3011,الراجحي,2024-09-04T12:01:00,خصم رسوم 46.57 ر.س على الحساب ***177 رقم العملية 101957610
3012,الراجحي,2024-11-16T23:29:00,"Bill  payment ر.س 44,289.37 to بنده succeeded. Fee ر.س 48.72. Ref 763206786"
3013,بنك الرياض,2024-10-15T04:42:00,رمز التحقق الخاص بك هو ٩٣٣١٢٢ صالح لمدة ١٥ دقائق لا تشاركه مع احد
3014,الراجحي,2024-04-02T08:21:00,Your OTP is 132718. Valid for 10 minutes. Do not share it with anyone
3015,snb,2024-03-29T10:58:00,"Bill payment USD 19,113.96 to صيدلية النهدي succeeded. Fee USD 73.48. Ref 864750024"
3016,الأهلي,2024-01-01T12:14:00,"Purchase  of AED 69,200.30 at carrefour hyper on card ending ****2744 on 2024-01-01 12:14. Available balance AED 274,399.50"
3017,alrajhi,2024-07-05T10:12:00,"تم ايداع راتب بمبلغ 70,502.05 AED في الحساب ***331 بتاريخ 05/07/2024"
3018,riyad bank,2024-11-25T08:30:00,عزيزنا العميل تم تفعيل خدمة المدفوعات الدولية على حسابك ***754 للاستفسار اتصل على 966565997700
3019,بنك الرياض,2024-05-21T03:28:00,رمز  التحقق الخاص بك هو 136499 صالح لمدة 15 دقائق لا تشاركه مع احد
3020,riyad bank,2024-06-30T01:58:00,"سحب نقدي 68,675.63 AED من الحساب ***847 بتاريخ 2024-06-30 الرصيد المتاح 386,780.09"
3021,بنك الرياض,2024-02-17T09:29:00,"Purchase of USD 62,188.47 at بنده on card ending xxxx6891 on 17/02/2024 09:29. Available balance USD 51,727.00"
3022,الأهلي,2024-10-15T08:53:00,رمز التحقق الخاص بك هو ٧١١٦٥٣ صالح لمدة ١٠ دقائق لا تشاركه مع احد
3023,alrajhi,2024-07-09T03:53:00,رمز Ø§Ù„ØªØ­Ù‚Ù‚ Ø§Ù„Ø®Ø§Øµ Ø¨Ùƒ Ù‡Ùˆ 535699 ØµØ§Ù„Ø­ لمدة 15 دقائق لا تشاركه مع احد -الأهلي
3024,الأهلي,2024-08-03T00:16:00,"Transfer of USD 53,694.11 to acme trading llc completed. Ref 849052808. Balance USD 393,733.46"
3025,بنك الرياض,2024-09-26T14:13:00,"Dear  customer, service المدفوعات الدولية was activated on account ***890. Call 966555690215 for help"
3026,snb,2024-10-20T14:05:00,"Purchase  of USD ١,٣٢٩.٨٥ at jarir bookstore on card ending xxxx٧١٩٨ on ٢٠٢٤-١٠-٢٠ ١٤:٠٥. Available balance USD ٤٢٠,٠٩٧.٣٤"
3027,بنك الرياض,2024-06-30T12:13:00,"ATM withdrawal ر.س 70,416.90 from account ***687 on 30/06/2024. Available balance ر.س 488,723.07"
3028,alrajhi,2024-07-27T22:36:00,"Bill payment ر.س 30,783.10 to carrefour hyper succeeded. Fee ر.س 47.08. Ref 408035440"
3029,الراجحي,2024-10-07T21:27:00,"تم تحويل مبلغ 46,376.10 AED الى acme trading llc رقم المرجع 129512322 الرصيد 94,034.37"
3030,الراجحي,2024-09-09T06:37:00,عزيزنا Ø§Ù„Ø¹Ù…ÙŠÙ„ ØªÙ… ØªÙØ¹ÙŠÙ„ Ø®Ø¯Ù…Ø© apple pay Ø¹Ù„Ù‰ Ø­Ø³Ø§Ø¨ك ***958 للاستفسار اتصل على 966568262971
3031,الراجحي,2024-03-23T13:53:00,"Dear customer, service المدفوعات الدولية was activated on account ***381. Call 966512166463 for help"
3032,الأهلي,2024-02-05T23:43:00,"Dear customer, service apple pay was activated on account ***594. Call 966568779832 for help"
3033,alrajhi,2024-04-09T03:01:00,"Purchase of SAR 29,782.54 at starbucks on card ending ****8137 on 09/04/2024 03:01. Available balance SAR 131,702.68"
3034,alrajhi,2024-09-21T22:53:00,"تم ايداع راتب بمبلغ 67,092.24 AED في الحساب ***845 بتاريخ 21/09/2024"
3035,riyad bank,2024-09-20T00:19:00,"Dear customer, service المدفوعات الدولية was activated on account ***232. Call 966595762923 for help"
3036,الأهلي,2024-05-03T20:08:00,"Transfer of SAR 40,604.96 to نورة الشمري completed. Ref 341715624. Balance SAR 272,675.29"
3037,بنك الرياض,2024-03-09T07:17:00,"ATM withdrawal SAR 14,149.61 from account ***246 on 2024-03-09. Available balance SAR 266,913.19"
3038,snb,2024-09-10T17:55:00,"Salary of USD 84,469.50 credited to account ***689 on 2024-09-10"
3039,الأهلي,2024-02-03T21:48:00,"عملية شراء بمبلغ ٤,٥٧٤.٦٤ USD لدى amazon.sa بالبطاقة ****٨٤٣٤ بتاريخ ٢٠٢٤-٠٢-٠٣ الرصيد المتاح ٤٠,٩٦٥.٤٦"
3040,riyad bank,2024-09-24T19:07:00,"Salary of AED 12,610.94 credited to account ***873 on 2024-09-24"
3041,الراجحي,2024-03-22T10:00:00,"ATM withdrawal SAR 45,400.16 from account ***767 on 2024-03-22. Available balance SAR 303,021.02"
3042,riyad bank,2024-06-17T13:35:00,"Dear  customer, service sms alerts was activated on account ***310. Call 966537686064 for help"
3043,alrajhi,2024-11-21T13:04:00,Your OTP is ٢٥٣٦٠٤. Valid for ١٠ minutes. Do not share it with anyone
3044,الأهلي,2024-12-04T22:38:00,خصم رسوم 90.49 AED على الحساب ***912 رقم العملية 534189074 شكرا لك
3045,riyad bank,2024-01-01T13:19:00,"عملية Ø´Ø±Ø§Ø¡ Ø¨Ù…Ø¨Ù„Øº 76,124.48 USD Ù„Ø¯Ù‰ Ø¨Ù†Ø¯Ù‡ Ø¨Ø§Ù„Ø¨Ø·Ø§Ù‚Ø© xxxx3523 بتاريخ 01/01/2024 الرصيد المتاح 201,586.61"
3046,الراجحي,2024-11-12T13:39:00,"Bill payment SAR 42,812.53 to starbucks succeeded. Fee SAR 35.0"
3047,riyad bank,2024-08-31T03:57:00,"عملية  شراء بمبلغ ٤٠,٧٥٦.٢٣ SAR لدى بنده بالبطاقة ****١٤٤١ بتاريخ ٢٠٢٤-٠٨-٣١ الر"
3048,الراجحي,2024-02-09T22:31:00,"تم  ايداع راتب بمبلغ 20,058.43 AED في الحساب ***332 بتاريخ 09/02/2024 شكرا لك"
3049,بنك الرياض,2024-05-22T14:23:00,"تم ايداع راتب بمبلغ 37,731.83 ر.س في الحساب ***278 بتاريخ 22/05/2024"
3050,alrajhi,2024-01-04T03:01:00,Your OTP is 309861. Valid for 15 minutes. Do not share 
3051,snb,2024-04-07T22:40:00,خصم رسوم 66.15 ر.س على الحساب ***366 رقم العملية 654574928
3052,riyad bank,2024-11-14T18:49:00,"Salary of SAR 85,790.42 credited to account ***282 on 2024-11-14"
3053,الأهلي,2024-08-14T17:55:00,"Salary of SAR 84,658.77 credited to account ***637 on 14/08/2024"
3054,snb,2024-02-11T17:23:00,"Transfer of AED 48,277.67 to acme trading llc completed. Ref 529710913. Balance AED 497,806.55"
3055,snb,2024-04-08T17:58:00,"Dear  customer, service apple pay was activated on account ***120. Call 96"
3056,alrajhi,2024-04-13T19:13:00,"تم Ø§ÙŠØ¯Ø§Ø¹ Ø±Ø§ØªØ¨ Ø¨Ù…Ø¨Ù„Øº 31,641.35 Ø±.Ø³ Ùي الحساب ***276 بتاريخ 13/04/2024"
3057,snb,2024-09-19T14:35:00,Your card ****4440 was declined at نون due to insufficient funds
3058,بنك الرياض,2024-03-24T20:05:00,"Bill  payment USD 35,631.03 to صيدلية النهدي succeeded. Fee USD 66.99. Ref 749800191"
3059,alrajhi,2024-06-24T02:10:00,"تم تحويل مبلغ 13,373.28 AED الى نورة الشمري رقم المرجع 711249738 الرصيد 464,381.04"
3060,alrajhi,2024-10-19T05:22:00,"Salary of AED 32,265.45 credited to account ***723 on 2024-10-19"
3061,بنك الرياض,2024-03-12T11:25:00,"Dear customer, service sms alerts was activated on account ***904. Call 966539447569 for help -بنك الرياض"
3062,الراجحي,2024-08-15T00:25:00,Your OTP is 703839. Valid for 10 minutes. Do not share it with anyone
3063,riyad bank,2024-06-09T18:24:00,"سحب نقدي 15,276.31 AED من الحساب ***644 بتاريخ 2024-06-09 الرصيد المتاح 262,199.29"
3064,الراجحي,2024-03-11T04:03:00,رمز التحقق الخاص بك هو 747104 صالح لمدة 5 دقائق لا تشاركه مع احد
3065,snb,2024-05-13T01:40:00,"‏Dear  customer, service المدفوعات الدولية was activated on account ***464. Call 966551414488 for help‎"
3066,الراجحي,2024-04-03T00:19:00,"تم ايداع راتب بمبلغ 86,007.73 AED في الحساب ***344 بتاريخ 03/04/2024"
3067,الأهلي,2024-09-26T04:00:00,"Salary  of SAR 9,984.59 credited to account ***571 on 2024-09-26"
3068,الأهلي,2024-05-17T03:00:00,"Transfer of USD 74,827.70 to sara a. completed. Ref 375568193. Balance USD 66,111.06"
3069,الراجحي,2024-08-25T23:06:00,"Salary of USD 67,247.79 credited to account ***661 on 2024-08-25 thank you"
3070,snb,2024-11-12T09:34:00,رمز التحقق الخاص بك هو 10100 صالح لمدة 10 دقائق لا تشاركه مع احد
3071,الأهلي,2024-06-06T01:20:00,خصم رسوم 63.34 AED على الحساب ***281 رقم العملية 575794317
3072,الأهلي,2024-04-28T14:07:00,Your card ****6776 was declined at starbucks due to insufficient funds
3073,الراجحي,2024-07-05T13:45:00,"تم تحويل مبلغ 53,578.54 AED الى mohammed ali رقم المرجع 329161265 الرصيد 135,579.65"
3074,الأهلي,2024-07-03T00:38:00,"تم  تحويل مبلغ 86,279.12 ر.س الى sara a. رقم المرجع 568685918 الرصيد 46,077.48"
3075,riyad bank,2024-02-22T23:09:00,"Transfer of SAR 80,065.27 to sara a. completed. Ref 886596641. Balance SAR 64,271.72"
3076,alrajhi,2024-03-04T13:45:00,"Purchase  of AED 20,617.60 at ØµÙŠØ¯Ù„ÙŠØ© Ø§Ù„Ù†Ù‡Ø¯ÙŠ on card ending xxxx9276 on 2024-03-04 13:45. Avail"
3077,الراجحي,2024-03-17T22:06:00,"Purchase of USD 85,861.37 at amazon.sa on card ending ****5306 on 17/03/2024 22:06. Available balance USD 407,993.80"
3078,riyad bank,2024-09-13T01:05:00,"Salary  of SAR 1,353.43 credited to account ***273 on 2024-09-13"
3079,alrajhi,2024-06-18T14:59:00,Your card ****5040 was declined at صيدلية النهدي due to insufficient funds
3080,alrajhi,2024-09-22T08:40:00,"Bill  payment USD 41,897.78 to هنقرستيشن succeeded. Fee USD 34.34. Ref 725945262"
3081,alrajhi,2024-03-27T18:04:00,‏خصم  Ø±Ø³ÙˆÙ… 23.57 USD Ø¹Ù„Ù‰ Ø§Ù„Ø­Ø³Ø§Ø¨ ***154 رقم العملية 569681818‎
3082,بنك الرياض,2024-10-02T12:50:00,"Dear customer, service apple pay was activated on account ***916. Call 966571432483 for help"
3083,alrajhi,2024-06-26T20:05:00,"عملية شراء بمبلغ 83,456.36 USD لدى نون بالبطاقة ****1823 بتاريخ 26/06/2024 الرصيد المتاح 460,091.89"
3084,snb,2024-05-11T00:20:00,Your OTP is 743847. Valid for 10 minutes. Do not share it with anyone
3085,الأهلي,2024-04-04T19:52:00,خصم رسوم 58.31 USD على الحساب ***335 رقم العملية 220243152
3086,الراجحي,2024-03-26T21:30:00,خصم رسوم 45.77 USD على الحساب ***906 رقم العملية 739767003
3087,snb,2024-03-10T09:00:00,"تم Ø§ÙŠØ¯Ø§Ø¹ Ø±Ø§ØªØ¨ Ø¨Ù…Ø¨Ù„Øº 52,028.10 SAR Ùي الحساب ***727 بتاريخ 2024-03-10"
3088,riyad bank,2024-07-27T12:08:00,"سحب نقدي 53,129.90 USD من الحساب ***434 بتاريخ 27/07/2024 الرصيد "
3089,alrajhi,2024-05-10T16:46:00,Your OTP is 484789. Valid for 5 minutes. Do not share it with anyone
3090,snb,2024-04-30T11:36:00,"Transfer of ر.س 43,740.91 to acme trading llc completed. Ref 247063039. Balance ر.س 430,372.41"
3091,alrajhi,2024-05-06T03:25:00,عزيزنا العميل تم تفعيل خدمة المدفوعات الدولية على حسابك ***815 للاستفسار اتصل على 966588899879
3092,riyad bank,2024-05-01T08:49:00,Your card xxxx8713 was declined at صيدلية النهدي due to insufficient funds
3093,alrajhi,2024-08-02T10:33:00,Your  card xxxx3797 was declined at هنقرستيشن due to insufficient funds
3094,الراجحي,2024-09-13T00:10:00,خصم رسوم 59.86 SAR على الحساب ***469 رقم العملية 330624942
3095,بنك الرياض,2024-04-16T08:14:00,"Transfer of ر.س 29,636.79 to نورة الشمري completed. Ref 674816252. Balance ر.س 202,857.69"
3096,alrajhi,2024-03-17T04:10:00,رمز التحقق الخاص بك هو 207725 صالح لمدة 15 دقائق لا تشاركه مع احد
3097,الراجحي,2024-07-01T01:18:00,Your OTP is 862812. Valid for 5 minutes. Do not share it with anyone
3098,alrajhi,2024-10-14T07:26:00,"Purchase  of AED ١٠,١٠٤.٧٩ at صيدلية النهدي on card ending xxxx٤٣٣٩ on ١٤/١٠/٢٠٢٤ ٠٧:٢٦. Available balance AED ٦١,٥٢٧.٦٧"
3099,بنك الرياض,2024-02-29T03:31:00,Your  card ****6516 was declined at jarir bookstore due to insufficient funds
3100,alrajhi,2024-03-12T04:48:00,"Transfer  of SAR 41,458.73 to خالد العتيبي completed. Ref 311910391. Balance SAR 44,718.46"
3101,الراجحي,2024-05-22T14:04:00,"‏ATM withdrawal USD 6,375.05 from account ***626 on 2024-05-22. Available"
3102,riyad bank,2024-07-26T11:29:00,"سحب نقدي 89,906.05 ر.س من الحساب ***309 بتاريخ 2024-07-26 الرصيد المتاح 160,500.51"
3103,riyad bank,2024-06-14T22:25:00,"‏Bill payment SAR 61,630.85 to هنقرستيشن succeeded. Fee SAR 2.32. Ref 871384317‎"
3104,snb,2024-05-01T20:13:00,"Dear  customer, service الحوالات الفورية was activated on account ***229. Call 966581590420 for help"
3105,بنك الرياض,2024-03-30T01:38:00,"سحب نقدي 55,398.67 SAR من الحساب ***209 بتاريخ 2024-03-30 الرصيد المتاح 281,395.09"
3106,بنك الرياض,2024-01-15T23:41:00,خصم رسوم 15.31 USD على الحساب ***366 رقم العملية 905138779
3107,snb,2024-03-18T22:07:00,"Bill payment SAR 58,759.23 to هنقرستيشن succeeded. Fee SAR 26.78. Ref 500881749"
3108,riyad bank,2024-01-02T23:18:00,خصم رسوم 44.61 SAR على الحساب ***863 رقم العملية 690935161
3109,الراجحي,2024-01-28T03:06:00,"عملية  شراء بمبلغ 63,513.95 SAR لدى amazon.sa بالبطاقة ****6675 بتاريخ 2024-01-28 الرصيد ال"
3110,snb,2024-05-28T12:44:00,"Dear customer, service المدفوعات الدولية was activated on account ***٥٨٦. Call ٩٦٦٥٧٥١٨٥٨٣٨ for help"
3111,alrajhi,2024-05-11T13:24:00,"تم  تحويل مبلغ 11,741.46 ر.س الى sara a. رقم المرجع 863739367 ا"
3112,riyad bank,2024-02-14T11:17:00,عزيزنا العميل تم تفعيل خدمة الحوالات الفورية على حسابك ***269 للاستفسار اتصل على 966547637287
3113,الأهلي,2024-09-22T02:54:00,"تم تحويل مبلغ 22,711.34 AED الى sara a. رقم المرجع 491248928 الرصيد 73,459.41"
3114,alrajhi,2024-09-13T21:34:00,"عملية شراء بمبلغ 38,379.20 AED لدى نون بالبطاقة xxxx9781 بتاريخ 13/09/2024 الرصيد المتاح 405,107.73 شكرا لك"
3115,الراجحي,2024-03-06T19:44:00,"Purchase of SAR 12,228.40 at carrefour hyper on card ending xxxx2052 on 06/03/2024 19:44. Available balance SAR 14,100.64"
3116,riyad bank,2024-09-26T05:18:00,"Transfer  of ر.س 49,362.87 to نورة الشمري completed. Ref 399247030. Balance ر.س 220,562.90"
3117,الراجحي,2024-02-27T22:32:00,"تم تحويل مبلغ 35,250.50 AED الى acme trading llc رقم المرجع 452498321 الرصيد 161,418.27"
3118,alrajhi,2024-12-10T13:37:00,"Dear customer, service sms alerts was activated on account ***666. Call 966520459181 for help"
3119,alrajhi,2024-09-01T15:23:00,"ATM withdrawal ر.س 85,767.77 from account ***379 on 01/09/2024. Available balance ر.س 333,776.20"
3120,بنك الرياض,2024-11-10T01:55:00,Your card ****١٦٠٥ was declined at amazon.sa due to insufficient funds
3121,alrajhi,2024-11-09T02:16:00,"تم ايداع راتب بمبلغ 81,983.78 AED في الحساب ***953 بتاريخ 09/11/2024"
3122,snb,2024-11-05T11:13:00,‏خصم  رسوم 12.31 AED على الحساب ***846 رقم العملية 670017786‎
3123,riyad bank,2024-11-08T18:13:00,"Salary of SAR 49,912.17 credited to account ***110 on 08/11/2024"
3124,الراجحي,2024-10-18T21:01:00,"‏سحب نقدي 55,466.59 AED من الحساب ***944 بتاريخ 2024-10-18 الرصيد المتاح 422,981.51‎"
3125,الراجحي,2024-07-19T16:01:00,"Purchase of AED 36,723.54 at صيدلية النهدي on card ending ****8048 on 2024-07-19 16:01. Available balance AED 49,973.29"
3126,snb,2024-02-15T08:21:00,Your OTP is 637717. Valid for 10 minutes. Do not share it with anyone
3127,بنك الرياض,2024-10-10T01:19:00,‏Your card ****5498 was declined at amazon.sa due to insufficient funds‎
3128,riyad bank,2024-07-06T22:16:00,"‏Bill payment USD 22,706.96 to صيدلية النهدي succeeded. Fee USD 40.47. Ref 279969926‎"
3129,alrajhi,2024-01-26T20:00:00,Your OTP is 542653. Valid for 15 minutes. Do not share 
3130,riyad bank,2024-10-09T14:37:00,Your card ****6252 was declined at amazon.sa due to insufficient funds
3131,الراجحي,2024-06-02T08:40:00,"Purchase of SAR 83,223.44 at carrefour hyper on card ending xxxx5197 on 2024-06-02 08:40. Available balance SAR 10,343.37"
3132,riyad bank,2024-11-10T01:41:00,"سحب نقدي 37,339.16 USD من الحساب ***771 بتاريخ 10/11/2024 الرصيد المتاح 275,075.76"
3133,بنك الرياض,2024-04-24T17:34:00,"عملية  شراء بمبلغ 40,174.05 AED لدى carrefour hyper بالبطاقة ****4039 بتاريخ 24/04/2024 الرصيد المتاح 395,155.66"
3134,الراجحي,2024-08-15T02:26:00,Your OTP is 219470. Valid for 5 minutes. Do not share it with anyone
3135,alrajhi,2024-07-06T10:36:00,خصم رسوم 12.44 ر.س على الحساب ***360 رقم العملية 439672833
3136,alrajhi,2024-03-29T11:38:00,"تم تحويل مبلغ ٢٢,٩٨٢.٣٣ ر.س الى mohammed ali رقم المرجع ٨٥٥٩٤١٢٧٩ "
3137,riyad bank,2024-03-09T17:31:00,"Transfer of ر.س 18,501.93 to خالد العتيبي completed. Ref 544183955. Bala"
3138,snb,2024-04-28T09:34:00,"Bill payment AED 5,452.13 to jarir bookstore succeeded. Fee AED 1.30. Ref 852638268"
3139,الأهلي,2024-02-09T03:57:00,"Salary of ر.س 29,474.55 credited to account ***907 on 2024-02-09"
3140,alrajhi,2024-06-04T07:59:00,"Dear  customer, service الحوالات الفورية was activated on account ***440. Call 966539314422 for help"
3141,بنك الرياض,2024-08-11T08:32:00,"عملية  شراء بمبلغ 34,976.45 USD لدى نون بالبطاقة xxxx7147 بتاريخ 2024-08-11 الرص"
3142,الأهلي,2024-01-27T09:02:00,رمز Ø§Ù„ØªØ­Ù‚Ù‚ Ø§Ù„Ø®Ø§Øµ Ø¨Ùƒ Ù‡Ùˆ 437302 ØµØ§Ù„Ø­ لمدة 10 دقائق لا تشاركه مع احد
3143,الراجحي,2024-04-03T07:53:00,خصم رسوم 52.01 SAR على الحساب ***666 رقم العملية 339516826
3144,riyad bank,2024-12-02T13:26:00,"Purchase of USD 88,996.56 at starbucks on card ending ****4319 on 02/12/2024 13:26. Available balance USD 127,175.07"
3145,الأهلي,2024-07-25T19:35:00,‏خصم رسوم 99.64 AED على الحساب ***884 رقم العملية 940785604‎
3146,riyad bank,2024-08-06T11:37:00,"Bill payment AED 43,602.77 to هنقرستيشن succeeded. Fee AED 87.21. Ref 477376176"
3147,riyad bank,2024-06-13T08:41:00,"Transfer of SAR ١٥,٤٧٩.٥٤ to نورة الشمري completed. Ref ٩٨٠٧٢٢٢٥٣. Balance SAR ٤٨٨,٢٠٢.٤٠"
3148,الراجحي,2024-05-16T02:30:00,"عملية شراء بمبلغ 22,128.36 SAR لدى هنقرستيشن بالبطاقة ****4124 بتاريخ 2024-05-16 الرصيد المتاح 467,480.61"
3149,riyad bank,2024-05-06T07:23:00,رمز التحقق الخاص بك هو 838916 صالح لمدة 10 دقائق لا تشاركه مع احد
3150,الأهلي,2024-08-26T12:29:00,"Transfer of AED ٦٠,٥٩٥.٩٠ to نورة الشمري completed. Ref ٦٢٤٨٠١٩٧٨. Balance AED ٢٦,٦٣٤.٨٣"
3151,alrajhi,2024-07-02T10:08:00,"Salary of AED 28,981.51 credited to account ***167 on 02/07/2024"
3152,بنك الرياض,2024-09-16T09:57:00,عزيزنا العميل تم تفعيل خدمة sms alerts على حسابك ***764 للاستفسار اتصل على 966512878646
3153,بنك الرياض,2024-11-06T04:01:00,"Dear customer, service sms alerts was activated on account ***311. Call 966588194021 for help"
3154,بنك الرياض,2024-04-27T16:49:00,"عملية شراء بمبلغ 82,728.61 SAR لدى نون بالبطاقة ****4307 بتاريخ 2024-04-27 الرصيد المتاح 194,855.67"
3155,snb,2024-11-14T21:43:00,خصم رسوم 69.26 USD على الحساب ***699 رقم العملية 669944796
3156,riyad bank,2024-06-26T04:45:00,‏رمز  التحقق الخاص بك هو 583903 صالح لمدة 5 دقائق لا تشاركه مع احد‎
3157,alrajhi,2024-10-06T16:47:00,خصم رسوم 73.04 ر.س على الحساب ***218 رقم العملية 478710023
3158,الأهلي,2024-06-19T04:00:00,"ATM withdrawal ر.س ٣٢,٤٢٣.٩٥ from account ***٢٩٥ on ١٩/٠٦/٢٠٢٤. Available balance ر.س ٨٥,٤٦٤.٤٢"
3159,الراجحي,2024-04-07T14:25:00,"Transfer of SAR 59,253.77 to sara a. completed. Ref 574854356. Balance SAR 155,444.75"
3160,alrajhi,2024-05-19T02:05:00,"سحب نقدي 38,797.25 USD من الحساب ***780 بتاريخ 2024-05-19 الرصيد المتاح 455,053.38 شكرا لك"
3161,riyad bank,2024-11-03T07:01:00,Your card ****3068 was declined at بنده due to insufficient funds
3162,الراجحي,2024-07-13T14:22:00,Your card xxxx8328 was declined at نون due to insufficient funds
3163,riyad bank,2024-12-01T03:57:00,"تم ايداع راتب بمبلغ 79,374.44 AED في الحساب ***822 بتاريخ 01/12/2024"
3164,الأهلي,2024-06-20T13:14:00,"‏تم تحويل مبلغ 74,276.32 ر.س الى mohammed ali رقم المرجع 275870684 الرصيد 2,686.40‎"
3165,بنك الرياض,2024-05-02T13:16:00,"Salary  of ر.س 43,623.51 credited to account ***923 on 02/05/2024"
3166,riyad bank,2024-04-29T03:24:00,"ATM withdrawal AED 45,712.44 from account ***131 on 29/04/2024. Available balance AED 75,572.39"
3167,alrajhi,2024-06-16T09:34:00,"سحب  نقدي 84,723.72 USD من الحساب ***629 بتاريخ 2024-06-16 الرصيد المتاح 378,469.71"
3168,الراجحي,2024-06-15T21:53:00,"‏سحب  نقدي 9,359.31 AED من الحساب ***653 بتاريخ 2024-06-15 الرصيد المتاح 306,534.76‎ شكرا لك"
3169,alrajhi,2024-09-27T02:23:00,"Purchase of USD 58,558.43 at amazon.sa on card ending ****5139 on 2024-09-27 02:23. Available balance USD 212,190.34 thank you"
3170,الراجحي,2024-01-08T23:09:00,"Salary  of AED 11,045.13 credited to account ***814 "
3171,riyad bank,2024-08-18T23:06:00,"Transfer of SAR 66,918.35 to acme trading llc completed. Ref 385644680. Balance SAR 476,604.67"
3172,الراجحي,2024-07-01T03:43:00,"Transfer of AED 23,424.97 to acme trading llc completed. Ref 409429273. Balance AED 220,086.56"
3173,alrajhi,2024-11-28T23:30:00,"Purchase of AED 26,157.01 at نون on card ending xxxx3340 on 28/11/2024 23:30. Available balance AED 29,818.08"
3174,بنك الرياض,2024-04-04T16:20:00,"سحب نقدي 70,926.92 ر.س من الحساب ***408 بتاريخ 04/04/2024 الرصيد المتاح 3,372.37"
3175,alrajhi,2024-07-22T00:49:00,"Bill  payment ر.س 70,916.28 to starbucks succeeded. Fee ر.س 21.34. Ref 292866894"
3176,alrajhi,2024-06-19T17:43:00,"Purchase of SAR 42,030.69 at بنده on card ending xxxx9957 on 2024-06-19 17:43. Available balance SAR 413,861.32"
3177,الراجحي,2024-04-04T08:49:00,"سحب  نقدي 86,216.33 SAR من الحساب ***179 بتاريخ 04/04/2024 الرصيد المتاح 74,029.08"
3178,الأهلي,2024-07-11T19:42:00,"Transfer of SAR 82,404.03 to acme trading llc completed. Ref 690905247. Balance SAR 71,505.60 thank you"
3179,الأهلي,2024-01-19T02:50:00,عزيزنا العميل تم تفعيل خدمة apple pay على حسابك ***365 للاستفسار اتصل على 966574072235
3180,alrajhi,2024-04-24T09:54:00,"تم ايداع راتب بمبلغ 57,300.87 AED في الحساب ***457 بتاريخ 2024-04-24 شكرا لك"
3181,alrajhi,2024-11-22T09:01:00,خصم رسوم 91.78 ر.س على الحساب ***984 رقم العملية 421905697
3182,riyad bank,2024-09-04T12:07:00,"‏تم  تحويل مبلغ 74,943.64 ر.س الى خالد العتيبي رقم المرجع 836717663 الرصيد 149,690.35‎"
3183,snb,2024-08-19T22:57:00,"Purchase of USD 67,495.47 at هنقرستيشن on card ending ****5402 on 2024-08-19 22:57. Available balance USD 469,029.17"
3184,بنك الرياض,2024-12-02T22:48:00,"عملية شراء بمبلغ 87,768.68 AED لدى هنقرستيشن بالبطاقة xxxx8090 بتاريخ 2024-12-02 الرصيد المتاح 224,741.80"
3185,alrajhi,2024-05-28T07:12:00,"سحب Ù†Ù‚Ø¯ÙŠ 13,791.75 SAR Ù…Ù† Ø§Ù„Ø­Ø³Ø§Ø¨ ***698 Ø¨Øªاريخ 2024-05-28 الرصيد المتاح 40,032.67"
3186,الراجحي,2024-06-24T11:17:00,‏عزيزنا العميل تم تفعيل خدمة apple pay على حسابك ***118 للاستفسار اتصل على 966550183924‎
3187,riyad bank,2024-10-17T19:48:00,رمز التحقق الخاص بك هو 14503 صالح لمدة 10 دقائق لا تشاركه مع احد
3188,riyad bank,2024-09-09T22:35:00,"ATM withdrawal ر.س 15,213.56 from account ***975 on 2024-09-09. Available balance ر.س 436,628.81"
3189,الأهلي,2024-04-19T15:02:00,"عملية شراء بمبلغ 70,784.33 USD لدى jarir bookstore بالبطاقة ****7517 بتاريخ 2024-04-19 الرصيد المتاح 253,482.49"
3190,snb,2024-08-17T05:37:00,رمز التحقق الخاص بك هو 629966 صالح لمدة 10 دقائق لا تشاركه مع احد
3191,الراجحي,2024-04-28T16:26:00,عزيزنا العميل تم تفعيل خدمة المدفوعات الدولية على حسابك ***569 للاستفسار اتصل على 966597793078
3192,الراجحي,2024-02-17T03:21:00,"تم تحويل مبلغ 24,414.24 ر.س الى mohammed ali رقم المرجع 602530324 الرصيد 377,537.86"
3193,الأهلي,2024-05-04T10:21:00,"تم ايداع راتب بمبلغ 73,776.96 AED في الحساب ***972 بتاريخ 04/05/2024"
3194,snb,2024-03-14T14:42:00,خصم Ø±Ø³ÙˆÙ… 37.20 SAR Ø¹Ù„Ù‰ Ø§Ù„Ø­Ø³Ø§Ø¨ ***350 رقم العملية 880299907
3195,الراجحي,2024-06-26T14:51:00,Your card xxxx5973 was declined at jarir bookstore due to insufficient funds
3196,alrajhi,2024-02-25T00:27:00,‏عزيزنا Ø§Ù„Ø¹Ù…ÙŠÙ„ ØªÙ… ØªÙØ¹ÙŠÙ„ Ø®Ø¯Ù…Ø© apple pay Ø¹Ù„Ù‰ Ø­Ø³Ø§Ø¨ك ***347 للاستفسار
3197,الراجحي,2024-09-23T08:52:00,"سحب نقدي 21,091.28 AED من الحساب ***106 بتاريخ 2024-09-23 الرصيد "
3198,riyad bank,2024-07-30T14:43:00,رمز التحقق الخاص بك هو 138873 صالح لمدة 15 دقائق لا تشاركه مع احد
3199,الأهلي,2024-09-28T22:58:00,عزيزنا العميل تم تفعيل خدمة الحوالات الفورية على حسابك ***674 للاستفسار اتصل على 966566188418
3200,alrajhi,2024-10-30T07:04:00,"‏عملية شراء بمبلغ 54,498.31 USD لدى هنقرستيشن بالبطاقة ****7807 بتاريخ 30/10/2024 الرصيد المتاح 128,837.28‎"
3201,الأهلي,2024-08-07T22:04:00,"تم  تحويل مبلغ 84,150.29 SAR الى خالد العتيبي رقم المرجع 919390546 الرصيد 95,546.46"
3202,الأهلي,2024-03-11T04:58:00,‏رمز التحقق الخاص بك هو 124335 صالح لمدة 5 دقائق لا 
3203,الراجحي,2024-07-04T17:32:00,Your card ****3517 was declined at starbucks due to insufficient funds
3204,riyad bank,2024-11-19T01:05:00,"Transfer of USD 20,799.44 to نورة الشمري completed. Ref 710956833. Balance USD 367,021.01"
3205,الراجحي,2024-09-05T06:47:00,"Purchase of USD 24,904.48 at starbucks on card ending ****2235 on 2024-09-05 06:47. Available balance USD 376,789.17"
3206,snb,2024-07-18T18:01:00,‏Your  OTP is 162048. Valid for 15 minutes. Do not share it with anyone‎
3207,الأهلي,2024-08-26T15:33:00,"‏Salary of ر.س 12,163.54 credited to account ***452 on 2024-08-26‎"
3208,riyad bank,2024-11-03T00:31:00,"تم ايداع راتب بمبلغ 58,906.82 USD في الحساب ***409 بتاريخ 2024-11-03"
3209,بنك الرياض,2024-05-29T21:33:00,"ATM withdrawal ر.س 48,424.18 from account ***508 on 2024-05-29. Available balance ر.س 67,825.34 thank you"
3210,الأهلي,2024-11-21T21:01:00,"Dear customer, service apple pay was activated on account ***684. Call 966539633315 for help"
3211,riyad bank,2024-04-14T01:56:00,"عملية شراء بمبلغ 36,952.11 ر.س لدى starbucks بالبطاقة ****2415 بتاريخ 2024-04-14 الر"
3212,snb,2024-06-17T07:43:00,رمز Ø§Ù„ØªØ­Ù‚Ù‚ Ø§Ù„Ø®Ø§Øµ Ø¨Ùƒ Ù‡Ùˆ 700828 ØµØ§Ù„Ø­ لمدة 15 دقائق لا تشاركه مع احد
3213,الأهلي,2024-07-31T09:24:00,"Transfer of AED 85,919.78 to خالد العتيبي completed. Ref 387080816. Balance AED 441,236.40"
3214,alrajhi,2024-07-25T14:07:00,خصم رسوم 48.31 ر.س على الحساب ***299 رقم العملية 136876410
3215,alrajhi,2024-07-16T11:57:00,"Transfer of AED 75,233.09 to mohammed ali completed. Ref 760737507. Bal"
3216,الأهلي,2024-11-25T13:07:00,رمز التحقق الخاص بك هو 666625 صالح لمدة 5 دقائق لا تشاركه مع احد
3217,alrajhi,2024-01-16T01:34:00,"عملية شراء بمبلغ 31,098.35 SAR لدى amazon.sa بالبطاقة xxxx8483 بتاريخ 2024-01-16 الرصيد المتاح 303,303.61"
3218,riyad bank,2024-07-08T02:04:00,"Bill payment AED 52,927.07 to jarir bookstore succeeded. Fee AED 87.19. Ref 118505531"
3219,riyad bank,2024-07-23T03:03:00,"عملية  شراء بمبلغ 64,112.87 ر.س لدى هنقرستيشن بالبطاقة ****4210 بتاريخ 2024-07-23 الرصيد المتاح 153,312.78"
3220,الراجحي,2024-07-11T09:20:00,"تم ايداع راتب بمبلغ 18,261.24 USD في الحساب ***813 بتاريخ 2024-07-11"
3221,riyad bank,2024-05-01T23:40:00,رمز  Ø§Ù„ØªØ­Ù‚Ù‚ Ø§Ù„Ø®Ø§Øµ Ø¨Ùƒ Ù‡Ùˆ 931086 ØµØ§Ù„Ø­ لمدة 15 دقائق لا تشاركه مع احد
3222,بنك الرياض,2024-12-09T14:37:00,رمز  التحقق الخاص بك هو ٧٠٢٥١٢ صالح لمدة ١٥ دقائق لا تشاركه مع احد
3223,بنك الرياض,2024-10-13T12:44:00,عزيزنا العميل تم تفعيل خدمة المدفوعات الدولية على حسابك ***269 للاستفسار اتصل على 966517683283
3224,riyad bank,2024-05-28T15:32:00,"ATM withdrawal USD ١٢,٤٩٤.٦٤ from account ***٩٤٩ on ٢٠٢٤-٠٥-٢٨. Available balance USD ٩٤,١٣٥.٥٥"
3225,الأهلي,2024-11-19T11:19:00,"تم تحويل مبلغ 56,209.53 SAR الى mohammed ali رقم المرجع 352636815 الرصيد 46,430.67"
3226,بنك الرياض,2024-10-31T06:00:00,"ATM withdrawal AED 70,109.09 from account ***808 on 31/10/2024. Available ba"
3227,الأهلي,2024-05-05T12:41:00,خصم رسوم 5.20 USD على الحساب ***452 رقم العملية 871020473
3228,riyad bank,2024-09-24T17:13:00,"تم تحويل مبلغ 19,649.27 USD الى خالد العتيبي رقم المرجع 375704799 الرصيد 463,297.42 thank you"
3229,snb,2024-05-27T15:01:00,Your OTP is ٨٤٥٥٣٣. Valid for ١٥ minutes. Do not share it with anyone
3230,الراجحي,2024-07-21T06:22:00,‏Your OTP is 655569. Valid for 15 minutes. Do not share it with anyone‎
3231,alrajhi,2024-03-21T21:29:00,Your card xxxx5086 was declined at carrefour hyper due to insufficient funds
3232,الأهلي,2024-10-23T22:44:00,"‏Purchase of USD 74,105.31 at بنده on card ending ****7687 on 2024-10-23 22:44. Available balance USD 48,408.93‎"
3233,بنك الرياض,2024-04-30T23:29:00,"Dear customer, service الحوالات الفورية was activated on account ***621. Call 966510173066 for help"
3234,الراجحي,2024-09-07T03:47:00,Your OTP is 417572. Valid for 10 minutes. Do not share 
3235,riyad bank,2024-07-19T01:23:00,"Dear customer, service apple pay was activated on account ***236. Call 966553793691 for help"
3236,alrajhi,2024-09-02T02:07:00,"Bill payment SAR 41,920.85 to carrefour hyper succeeded. Fee SAR 66.68. Ref 747484381"
3237,الراجحي,2024-03-10T21:34:00,"سحب نقدي 81,310.53 USD من الحساب ***414 بتاريخ 10/03/2024 الرصيد المتاح 400,361.46"
3238,الراجحي,2024-02-18T04:22:00,"Transfer of SAR 10,531.61 to خالد العتيبي completed. Ref 416233315. Balance SAR 110,460.55"
3239,الأهلي,2024-02-24T05:50:00,"Dear customer, service apple pay was activated on account ***197. Call 966526022756 for help"
3240,riyad bank,2024-01-22T09:30:00,"Bill payment ر.س 24,828.56 to amazon.sa succeeded. Fee ر.س 28.51. Ref 650120516"
3241,بنك الرياض,2024-02-12T16:13:00,خصم رسوم 14.41 AED على الحساب ***705 رقم العملية 166609081
3242,الأهلي,2024-09-26T12:35:00,"Transfer of SAR 77,177.83 to acme trading llc completed. Ref 186134465. Balance SAR 36,134.37"
3243,الراجحي,2024-09-07T20:39:00,رمز  التحقق الخاص بك هو 156835 صالح لمدة 10 دقائق لا تشاركه مع احد
3244,riyad bank,2024-04-05T14:23:00,"سحب نقدي 24,768.43 ر.س من الحساب ***378 بتاريخ 05/04/2024 الرصيد المتاح 194,560.60"
3245,riyad bank,2024-05-05T13:15:00,"عملية  شراء بمبلغ 8,266.62 ر.س لدى amazon.sa بالبطاقة xxxx7550 بتاريخ 05/05/2024 الرصيد المتاح 367,180.69"
3246,alrajhi,2024-09-22T21:37:00,"Bill payment USD ٧٦,٤١٩.١٨ to carrefour hyper succeeded. Fee USD ٨٣.٥٢. Ref ٧٤٥٠٢٤٢٦٢"
3247,الراجحي,2024-08-17T17:32:00,"Salary of USD 24,530.82 credited to account ***236 on 17/08/2024"
3248,الأهلي,2024-10-21T10:28:00,"Salary of SAR 74,872.40 credited to account ***193 on 21/10/2024"
3249,alrajhi,2024-03-04T14:42:00,Your  OTP is 153613. Valid for 10 minutes. Do not share it with anyone
3250,snb,2024-06-24T17:35:00,Your OTP is 797607. Valid for 15 minutes. Do not share it with anyone
3251,الراجحي,2024-07-21T03:23:00,"‏Salary of SAR 40,898.86 credited to account ***200 on 2024-07-21‎"
3252,snb,2024-03-04T16:42:00,رمز Ø§Ù„ØªØ­Ù‚Ù‚ Ø§Ù„Ø®Ø§Øµ Ø¨Ùƒ Ù‡Ùˆ 149620 ØµØ§Ù„Ø­ لمدة 5 دقائق لا تشاركه مع احد
3253,snb,2024-04-11T01:28:00,رمز التحقق الخاص بك هو 650930 صالح لمدة 15 دقائق لا تشاركه مع احد
3254,بنك الرياض,2024-04-08T05:30:00,"ATM withdrawal SAR 60,868.43 from account ***162 on 2024-04-08. Available balance SAR 154,988.35"
3255,riyad bank,2024-07-11T05:28:00,رمز التحقق الخاص بك هو 809312 صالح لمدة 10 دقائق لا تشاركه مع احد
3256,snb,2024-05-17T02:06:00,"Dear customer, service Ø§Ù„Ù…Ø¯ÙÙˆØ¹Ø§Øª Ø§Ù„Ø¯ÙˆÙ„ÙŠØ© was activated on account ***550. Call 966524016714 for help thank you"
3257,الأهلي,2024-05-12T21:53:00,"تم تحويل مبلغ 33,104.08 AED الى mohammed ali رقم المرجع 890242308 الرصيد 237,505.16"
3258,alrajhi,2024-04-12T17:59:00,"سحب نقدي 57,036.31 USD من الحساب ***404 بتاريخ 2024-04-12 الرصيد المتاح 365,070.74"
3259,الأهلي,2024-08-28T17:33:00,عزيزنا العميل تم تفعيل خدمة الحوالات الفورية على حسابك ***910 للاستفسار اتصل على 966558938075
3260,الراجحي,2024-12-12T18:40:00,Your card ****9453 was declined at بنده due to insufficient funds
3261,بنك الرياض,2024-08-06T18:58:00,"عملية شراء بمبلغ 72,549.10 AED لدى carrefour hyper بالبطاقة ****6490 بتاريخ 06/08/2024 الرصيد المتاح 305,128.61"
3262,snb,2024-06-25T19:08:00,"‏Purchase of USD 66,263.46 at هنقرستيشن on card ending xxxx6709 on 2024-06-25 19:08. Available balance USD 208,395.86‎ thank you"
3263,الأهلي,2024-08-03T03:06:00,"سحب نقدي 65,705.02 AED من الحساب ***610 بتاريخ 03/08/2024 الرصيد المتاح 329,371.02 thank you"
3264,بنك الرياض,2024-08-27T13:08:00,رمز Ø§Ù„ØªØ­Ù‚Ù‚ Ø§Ù„Ø®Ø§Øµ Ø¨Ùƒ Ù‡Ùˆ 851114 ØµØ§Ù„Ø­ لمدة 10 دقائق لا تشاركه مع احد
3265,الأهلي,2024-01-26T13:00:00,"تم ايداع راتب بمبلغ 60,265.78 SAR في الحساب ***494 بتاريخ 26/01/2024 -alrajhi"
3266,riyad bank,2024-02-29T09:36:00,"Purchase of USD 43,530.53 at صيدلية النهدي on card ending ****2078 on 29/02/2024 09:36. Available balance USD 316,806.33"
3267,alrajhi,2024-03-07T11:00:00,"تم تحويل مبلغ 58,836.68 AED الى sara a. رقم المرجع 841594407 الرصيد 22,711.07"
3268,الراجحي,2024-08-21T07:22:00,‏رمز  التحقق الخاص بك هو 150673 صالح لمدة 15 دقائق لا تشاركه مع احد‎
3269,بنك الرياض,2024-10-29T07:17:00,"Salary of ر.س 61,135.63 credited to account ***713 on 29/10/2024"
3270,riyad bank,2024-07-19T21:38:00,"Transfer of AED 73,404.52 to خالد العتيبي completed. Ref 884316207. Balance AED 75,315.19"
3271,الأهلي,2024-09-16T17:02:00,Your OTP is ٨٨٣٢٨٢. Valid for ٥ minutes. Do not share it with anyone
3272,snb,2024-09-09T09:44:00,رمز  التحقق الخاص بك هو 696390 صالح لمدة 5 دقائق لا تشاركه مع احد
3273,alrajhi,2024-11-14T15:01:00,"سحب نقدي 8,291.81 AED من الحساب ***502 بتاريخ 14/11/2024 الرصيد المتاح 399,547.80"
3274,riyad bank,2024-06-15T03:13:00,"Salary of ر.س 1,370.74 credited to account ***318 on 15/06/2024"
3275,riyad bank,2024-11-22T14:04:00,Your OTP is ٩٢٠٧٧٥. Valid for ٥ minutes. Do not share it with anyone
3276,alrajhi,2024-04-24T15:21:00,رمز التحقق الخاص بك هو 889205 صالح لمدة 5 دقائق لا تشاركه مع احد
3277,snb,2024-02-01T09:45:00,عزيزنا العميل تم تفعيل خدمة sms alerts على حسابك ***386 للاستفسار اتصل على 966517363754
3278,alrajhi,2024-08-09T19:12:00,"تم ايداع راتب بمبلغ 21,594.89 USD في الحساب ***951 بتاريخ 2024-08-09"
3279,alrajhi,2024-01-08T17:20:00,عزيزنا Ø§Ù„Ø¹Ù…ÙŠÙ„ ØªÙ… ØªÙØ¹ÙŠÙ„ Ø®Ø¯Ù…Ø© apple pay Ø¹Ù„Ù‰ Ø­Ø³Ø§Ø¨ك ***357 للاستفسار اتصل على 966545167197
3280,الأهلي,2024-04-08T14:31:00,"تم ايداع راتب بمبلغ 55,921.27 USD في الحساب ***527 بتاريخ 08/04/2024"
3281,snb,2024-03-29T06:14:00,عزيزنا العميل تم تفعيل خدمة المدفوعات الدولية على حسابك ***870 للاستفسار ات
3282,alrajhi,2024-07-05T22:04:00,عزيزنا العميل تم تفعيل خدمة apple pay على حسابك ***464 للاستفسار اتصل على 966517939760
3283,alrajhi,2024-06-01T19:24:00,رمز التحقق الخاص بك هو 427315 صالح لمدة 5 دقائق لا تشاركه مع احد
3284,بنك الرياض,2024-03-07T23:09:00,"سحب نقدي ٥٢,٧٦٥.٥٣ ر.س من الحساب ***٦١٣ بتاريخ ٢٠٢٤-٠٣-٠٧ الرصيد المتاح ٤٨٧,٥٦٢.٧٧"
3285,snb,2024-04-04T16:12:00,"Purchase of AED 21,319.93 at نون on card ending ****7893 on 04/04/2024 16:12. Available balance AED 95,567.48"
3286,بنك الرياض,2024-11-22T16:49:00,Your card xxxx9229 was declined at starbucks due to insufficient funds
3287,snb,2024-08-23T15:09:00,"تم تحويل مبلغ 56,891.56 USD الى خالد العتيبي رقم المرجع 601647421 الرصيد 170,472.56 شكرا لك"
3288,بنك الرياض,2024-10-13T23:34:00,"سحب Ù†Ù‚Ø¯ÙŠ 20,645.00 USD Ù…Ù† Ø§Ù„Ø­Ø³Ø§Ø¨ ***383 Ø¨ØªØ§ريخ 13/10/2024 الرصيد المتاح 283,750.72"
3289,alrajhi,2024-01-29T00:08:00,خصم رسوم 78.16 USD على الحساب ***425 رقم العملية 177887003
3290,الأهلي,2024-02-16T05:26:00,Your OTP is 657404. Valid for 10 minutes. Do not share it with anyone
3291,snb,2024-09-18T06:46:00,"Bill payment AED 66,121.75 to jarir bookstore succeeded. Fee AED 69.95. Ref 311607769 شكرا لك"
3292,بنك الرياض,2024-02-10T16:51:00,عزيزنا العميل تم تفعيل خدمة الحوالات الفورية على حسابك ***505 للاستفسار اتصل على 966549676619
3293,alrajhi,2024-08-06T11:15:00,"Dear customer, service الحوالات الفورية was activated on account ***305. Call 966571534783 for help"
3294,alrajhi,2024-02-06T04:17:00,"عملية شراء بمبلغ 28,283.82 AED لدى بنده بالبطاقة ****6426 بتاريخ 06/02/2024 الرصيد المتاح 424,163.80"
3295,alrajhi,2024-11-20T10:22:00,"تم تحويل مبلغ 62,928.35 USD الى نورة الشمري رقم المرجع 495228340 الرصيد 143,161.47"
3296,snb,2024-01-09T07:17:00,Your OTP is 437389. Valid for 15 minutes. Do not share it with anyone شكرا لك
3297,snb,2024-11-04T22:39:00,رمز  التحقق الخاص بك هو 995759 صالح لمدة 5 دقائق لا تشاركه مع احد
3298,snb,2024-11-26T22:28:00,"عملية شراء بمبلغ 59,350.15 USD لدى amazon.sa بالبطاقة xxxx5429 بتاريخ 2024-11-26 الرصيد المتاح 180,563.93"
3299,alrajhi,2024-04-06T02:32:00,"Purchase of SAR 51,305.88 at amazon.sa on card ending xxxx8856 on 2024-04-06 02:32. Available balance SAR 327,630.99 شكرا لك"
3300,الراجحي,2024-02-17T16:51:00,"Bill payment AED 12,141.27 to amazon.sa succeeded. Fee AED 53.94. Ref 755795593"
3301,snb,2024-06-11T21:53:00,"عملية شراء بمبلغ ١٧,٠٧١.٦٤ ر.س لدى starbucks بالبطاقة xxxx٧٦٩٠ بتاريخ ١١/٠٦/٢٠٢٤ الرصيد المتاح ٢٦٣,٩١٣.٦٥"
3302,snb,2024-05-07T23:08:00,"ATM withdrawal USD 32,406.56 from account ***158 on 07/05/2024. Available balance USD 370,390.79"
3303,بنك الرياض,2024-08-08T12:22:00,عزيزنا العميل تم تفعيل خدمة المدفوعات الدولية على حسابك ***798 للاستفسار اتصل على 966590743294
3304,snb,2024-09-17T15:58:00,Your OTP is 557679. Valid for 10 minutes. Do not share it with anyone
3305,riyad bank,2024-01-28T21:55:00,"تم تحويل مبلغ 23,843.42 ر.س الى خالد العتيبي رقم المرجع 160725070 الرصيد 306,093.21"
3306,riyad bank,2024-08-15T10:54:00,"سحب نقدي 50,864.54 SAR من الحساب ***302 بتاريخ 2024-08-15 الرصيد المتاح 43,496.42"
3307,بنك الرياض,2024-11-13T12:23:00,"عملية  شراء بمبلغ 46,859.14 SAR لدى صيدلية النهدي بالبطاقة xxxx3716 بتاريخ 2024-11-13 الرصيد المتاح 107,485.90"
3308,الراجحي,2024-03-17T15:53:00,"عملية  شراء بمبلغ 69,689.69 AED لدى صيدلية النهدي بالبطاقة ****3341 بتاريخ 17/03/2024 الرصيد المتاح 108,318.25"
3309,الأهلي,2024-04-18T14:50:00,"Transfer  of ر.س ٦١,٢٠٨.٠٢ to mohammed ali completed. Ref ٨٦١١٧٨٨٦٣. Balance ر.س ٣٣٦,٦٤٣.٥٧"
3310,بنك الرياض,2024-05-20T23:29:00,"ATM withdrawal SAR 21,691.08 from account ***665 on 2024-05-20. Available balance SAR 212,070.28"
3311,بنك الرياض,2024-06-15T09:29:00,عزيزنا العميل تم تفعيل خدمة apple pay على حسابك ***289 للاستفسار اتصل على 966578343157
3312,snb,2024-08-21T10:00:00,Your OTP is 834505. Valid for 5 minutes. Do not share it with anyone
3313,snb,2024-01-25T16:25:00,Your OTP is 636310. Valid for 5 minutes. Do not share it with anyone
3314,riyad bank,2024-09-04T07:50:00,عزيزنا العميل تم تفعيل خدمة sms alerts على حسابك ***722 للاستفسار اتصل على 966556180063
3315,snb,2024-04-05T08:49:00,خصم رسوم 15.57 AED على الحساب ***624 رقم العملية 289936896
3316,الراجحي,2024-05-31T02:39:00,Your OTP is 353794. Valid for 5 minutes. Do not share it with anyone
3317,الأهلي,2024-05-11T16:19:00,"عملية  شراء بمبلغ 50,319.58 AED لدى amazon.sa بالبطاقة xxxx3624 بتاريخ 11/05/2024 الرصيد المتاح 72,299.92"
3318,snb,2024-03-11T14:19:00,"Transfer of ر.س 38,799.97 to sara a. completed. Ref 266608519. Balance ر.س 58,205.04"
3319,snb,2024-07-16T15:07:00,"‏Bill payment ر.س 67,351.50 to starbucks succeeded. Fee ر.س 83.9"
3320,الراجحي,2024-11-01T06:29:00,"Transfer of SAR ٦٧,٢٧٧.٥٥ to نورة الشمري completed. Ref ٣٩٦٩٧٨٥٤٩. Balance SAR ٤٥,١٧٨.١١"
3321,alrajhi,2024-06-14T02:58:00,"سحب نقدي 24,612.67 AED من الحساب ***201 بتاريخ 2024-06-14 الرصيد المتاح 468,156.11"
3322,snb,2024-11-26T22:57:00,‏رمز التحقق الخاص بك هو 97885 صالح لمدة 5 دقائق لا تشاركه مع احد‎
3323,alrajhi,2024-07-07T17:22:00,Your  card xxxx9367 was declined at starbucks due to insufficient funds
3324,alrajhi,2024-05-25T15:33:00,"Purchase of SAR 56,360.29 at carrefour hyper on card ending xxxx8049 on 2024-05-25 15:33. Available balance SAR 230,094.35"
3325,riyad bank,2024-03-28T20:41:00,"‏Purchase of ر.س 61,436.40 at بنده on card ending xxxx9708 on 2024-03-28 20:41. Available balance ر.س 294,851.19‎"
3326,الراجحي,2024-02-03T06:11:00,"عملية  شراء بمبلغ 50,105.83 SAR لدى starbucks بالبطاقة xxxx7231 بتاريخ 03/02/2024 الرصيد المتاح 139,945.89"
3327,riyad bank,2024-08-10T04:39:00,رمز Ø§Ù„ØªØ­Ù‚Ù‚ Ø§Ù„Ø®Ø§Øµ Ø¨Ùƒ Ù‡Ùˆ 474483 ØµØ§Ù„Ø­ لمدة 5 دقائق لا تشاركه مع احد
3328,riyad bank,2024-07-14T16:34:00,"تم  ايداع راتب بمبلغ 61,588.39 AED في الحساب ***259 بتاريخ 14/07/2024"
3329,الأهلي,2024-09-23T23:32:00,"تم ايداع راتب بمبلغ 28,190.59 ر.س في الحساب ***617 بتاريخ 2024-09-23"
3330,الأهلي,2024-12-03T20:25:00,"Purchase of ر.س 52,248.23 at starbucks on card ending xxxx5427 on 03/12/2024 20:25. Available balance ر.س 106,557.04 -الراجحي"
3331,alrajhi,2024-06-22T00:07:00,"Transfer of ر.س 13,676.23 to mohammed ali completed. Ref 204418075. Balance ر.س 297,255.36"
3332,الراجحي,2024-04-29T06:35:00,"Dear customer, service المدفوعات الدولية was activated on account ***288. Call 966532772718 for help"
3333,بنك الرياض,2024-08-18T00:41:00,"سحب  نقدي 79,455.51 AED من الحساب ***473 بتاريخ 18/08/2024 الرصيد المتاح 169,812.21"
3334,الأهلي,2024-03-02T06:49:00,"Salary of ر.س 74,530.20 credited to account ***350 on 2024-03-02"
3335,الراجحي,2024-07-29T20:37:00,"Salary  of SAR 23,074.15 credited to account ***745 on 29/07/2024"
3336,بنك الرياض,2024-11-02T20:14:00,"عملية  شراء بمبلغ ٢٥,٠٩٥.٦٥ USD لدى بنده بالبطاقة ****٥٢٧٧ بتاريخ ٢٠٢٤-١١-٠٢ الرصيد المتاح ٧٢,٦٧٥.٠٠"
3337,snb,2024-08-06T13:34:00,Your OTP is 516495. Valid for 15 minutes. Do not share it with anyone
3338,riyad bank,2024-03-30T14:08:00,"تم ايداع راتب بمبلغ 65,504.57 SAR في الحساب ***791 بتاريخ 30/03/2024"
3339,riyad bank,2024-09-03T06:41:00,عزيزنا  Ø§Ù„Ø¹Ù…ÙŠÙ„ ØªÙ… ØªÙØ¹ÙŠÙ„ Ø®Ø¯Ù…Ø© apple pay Ø¹Ù„Ù‰ Ø­Ø³Ø§Ø¨ك ***977 للاستفسار اتصل على 966536656868
3340,الأهلي,2024-05-27T03:00:00,"Dear customer, service sms alerts was activated on account ***535. Call 966564569736 for help"
3341,alrajhi,2024-01-15T17:56:00,"Bill payment SAR 26,656.58 to بنده succeeded. Fee SAR 57.25. Ref 403088094"
3342,الراجحي,2024-12-03T01:11:00,Your card xxxx4958 was declined at amazon.sa due to insufficient funds
3343,الراجحي,2024-06-19T23:38:00,"‏تم  ايداع راتب بمبلغ 31,968.72 USD في الحساب ***808 بتاريخ 2024-06-19‎"
3344,الراجحي,2024-03-24T02:18:00,Your  OTP is 301954. Valid for 15 minutes. Do not share 
3345,snb,2024-07-14T17:47:00,"Salary of SAR 36,857.39 credited to account ***800 on 14/07/2024"
3346,الراجحي,2024-04-01T22:01:00,"سحب Ù†Ù‚Ø¯ÙŠ 77,944.36 AED Ù…Ù† Ø§Ù„Ø­Ø³Ø§Ø¨ ***682 Ø¨Øªاريخ 01/04/2024 الرصيد المتاح 98,599.63 thank you"
3347,riyad bank,2024-06-09T15:58:00,"عملية شراء بمبلغ 69,919.24 ر.س لدى نون بالبطاقة ****7667 بتاريخ 09/06/2024 الرصيد المتاح 269,576.21"
3348,riyad bank,2024-08-28T10:17:00,"‏Bill payment ر.س 21,808.14 to starbucks succeeded. Fee ر.س 24.63. Ref 692279542‎"
3349,snb,2024-05-26T10:56:00,رمز التحقق الخاص بك هو 613613 صالح لمدة 15 دقائق لا تشاركه مع احد
3350,snb,2024-01-23T18:10:00,خصم رسوم 93.07 SAR على الحساب ***494 رقم العملية 685675976
3351,الأهلي,2024-06-16T03:10:00,عزيزنا  العميل تم تفعيل خدمة المدفوعات الدولية على حسابك ***943 للاستفسار اتصل على 966511975162
3352,الأهلي,2024-11-27T09:30:00,"ATM  withdrawal ر.س ١٦,١٤٠.٤٦ from account ***٣٢٥ on ٢٧/١١/٢٠٢٤. Available balance ر.س ٤٣٥,٨٧٦.٠١"
3353,الأهلي,2024-08-16T10:04:00,"Salary of ر.س 19,778.70 credited to account ***826 on 16/08/2024"
3354,alrajhi,2024-06-15T17:49:00,"تم تحويل مبلغ 69,771.27 ر.س الى acme trading llc رقم المرجع 639371409 الرصيد 390,192.01"
3355,بنك الرياض,2024-03-18T13:20:00,خصم  رسوم 42.45 USD على الحساب ***742 رقم العملية 196423325
3356,الأهلي,2024-10-24T08:34:00,Your card xxxx8405 was declined at starbucks due to insufficient funds
3357,alrajhi,2024-05-19T06:27:00,عزيزنا العميل تم تفعيل خدمة الحوالات الفورية على حسابك ***736 للاستفسار اتصل على 966538782729
3358,riyad bank,2024-02-12T11:15:00,"عملية شراء بمبلغ 59,418.82 AED لدى نون بالبطاقة ****3927 بتاريخ 12/02/2024 الرصيد المتاح 409,988.88"
3359,الأهلي,2024-01-15T09:05:00,Your OTP is 640500. Valid for 5 minutes. Do not share it with anyone
3360,snb,2024-09-17T00:15:00,"تم تحويل مبلغ 48,857.38 ر.س الى mohammed ali رقم المرجع 763662152 الرصيد 442,211.85"
3361,الراجحي,2024-02-04T14:48:00,"Purchase of USD 31,805.71 at نون on card ending ****7149 on 04/02/2024 14:48. Available balance USD 119,663.82"
3362,بنك الرياض,2024-03-13T14:18:00,خصم Ø±Ø³ÙˆÙ… 72.72 Ø±.Ø³ Ø¹Ù„Ù‰ Ø§Ù„Ø­Ø³Ø§Ø¨ ***983 رقم العملية 704524267
3363,الأهلي,2024-04-29T16:46:00,رمز  التحقق الخاص بك هو 894342 صالح لمدة 10 دقائق لا تشاركه مع احد
3364,الراجحي,2024-11-13T10:35:00,"Transfer  of ر.س 79,820.05 to نورة الشمري completed. Ref 290317050. Balance ر.س 469,982.70"
3365,riyad bank,2024-10-16T03:47:00,"عملية شراء بمبلغ 34,735.14 USD لدى هنقرستيشن بالبطاقة ****7195 بتاريخ 16/10/2024 الرصيد المتاح 276,732.39"
3366,الراجحي,2024-02-20T02:52:00,"Transfer of SAR 64,769.17 to acme trading llc completed. Ref 770920623. Balance SAR 189,354.98"
3367,الأهلي,2024-02-14T01:55:00,"Bill payment ر.س 48,149.81 to amazon.sa succeeded. Fee ر.س 88.0"
3368,alrajhi,2024-07-07T07:00:00,خصم رسوم 40.09 USD على الحساب ***473 رقم العملية 576019603 -الراجحي
3369,بنك الرياض,2024-05-26T21:22:00,"سحب نقدي 72,244.01 SAR من الحساب ***642 بتاريخ 26/05/2024 الرصيد المتاح 197,677.54"
3370,snb,2024-01-05T02:59:00,عزيزنا  العميل تم تفعيل خدمة sms alerts على حسابك ***٢٦٦ للاستفسار اتص
3371,riyad bank,2024-11-10T17:44:00,"Purchase of AED 3,779.58 at بنده on card ending xxxx4849 on 2024-11-10 17:44. Available "
3372,alrajhi,2024-09-21T14:33:00,Your OTP is 494142. Valid for 5 minutes. Do not share it with anyone
3373,بنك الرياض,2024-02-19T07:58:00,خصم رسوم 54.88 SAR على الحساب ***679 رقم العملية 554642318
3374,alrajhi,2024-10-20T12:06:00,"Salary of ر.س 63,727.74 credited to account ***946 on 2024-10-20"
3375,riyad bank,2024-06-08T11:40:00,"سحب نقدي 14,140.77 SAR من الحساب ***492 بتاريخ 2024-06-08 الرصيد المتاح 53,380.19"
3376,alrajhi,2024-06-28T09:05:00,"ATM withdrawal AED ٨٤,٥٨٢.٥١ from account ***٨٥٠ on ٢٨/٠٦/٢٠٢٤. Available balance AED ٧,٢٤٠.٣٤"
3377,riyad bank,2024-06-13T23:43:00,"تم  ØªØ­ÙˆÙŠÙ„ Ù…Ø¨Ù„Øº 44,407.45 USD Ø§Ù„Ù‰ sara a. رقم المرجع 500175607 الرصيد 8,177.39"
3378,بنك الرياض,2024-05-11T17:59:00,"Dear customer, service apple pay was activated on account ***٣١٠. Call ٩٦٦٥٧٢٣٥٣١٦٩ for help"
3379,بنك الرياض,2024-10-16T16:56:00,"عملية  شراء بمبلغ 43,586.98 USD لدى starbucks بالبطاقة xxxx4130 بتاريخ 16/10/2024 الرصيد المتاح 134,191.54"
3380,الأهلي,2024-05-29T22:00:00,عزيزنا Ø§Ù„Ø¹Ù…ÙŠÙ„ ØªÙ… ØªÙØ¹ÙŠÙ„ Ø®Ø¯Ù…Ø© Ø§Ù„Ù…Ø¯ÙÙˆØ¹Ø§Øª Ø§Ù„Ø¯ÙˆÙ„ÙŠØ© Ø¹Ù„Ù‰ حسابك ***869 للاست
3381,riyad bank,2024-07-17T03:56:00,خصم رسوم ١٦.١٣ USD على الحساب ***٨١٣ رقم العملية ٦٦٧٩٦٧٠٨٣
3382,بنك الرياض,2024-03-23T11:41:00,Your OTP is 58730. Valid for 10 minutes. Do not share it with anyone
3383,snb,2024-08-03T00:13:00,"Bill payment SAR 61,662.56 to jarir bookstore succeeded. Fee SAR 19.63. Ref 790822630"
3384,الراجحي,2024-11-04T10:39:00,رمز  التحقق الخاص بك هو 560884 صالح لمدة 5 دقائق لا تشاركه مع احد
3385,بنك الرياض,2024-11-02T20:21:00,Your  OTP is 267167. Valid for 5 minutes. Do not share it with anyone
3386,riyad bank,2024-08-01T14:50:00,خصم رسوم 98.18 ر.س على الحساب ***140 رقم العملية 498436225
3387,alrajhi,2024-10-23T21:43:00,"Salary  of USD 75,923.58 credited to account ***664 on 2024-10-23 thank you"
3388,الأهلي,2024-01-01T20:30:00,"تم تحويل مبلغ 23,908.19 AED الى mohammed ali رقم المرجع 358344246 الرصيد 68,684.36"
3389,riyad bank,2024-05-07T13:41:00,"تم ايداع راتب بمبلغ 35,050.26 ر.س في الحساب ***216 بتاريخ 07/05/2024"
3390,الراجحي,2024-10-24T15:01:00,"Transfer of USD 83,043.97 to sara a. completed. Ref 724520407. Balance USD 239,873.93"
3391,بنك الرياض,2024-03-22T22:48:00,‏Your card xxxx1532 was declined at هنقرستيشن due to insufficient funds‎
3392,بنك الرياض,2024-05-30T15:03:00,"Transfer of USD 64,109.36 to acme trading llc completed. Ref 256943924. Balance USD 357,185.17"
3393,الأهلي,2024-11-05T11:09:00,"Purchase of AED ١٨,١٥٤.١٥ at jarir bookstore on card ending ****١٢٨٧ on ٠٥/١١/٢٠٢٤ ١١:٠٩. Available balance AED ١٣٧,٢٤٣.٥٨"
3394,الأهلي,2024-03-31T00:59:00,"Transfer of SAR 69,512.91 to acme trading llc completed. Ref 105811193. Balance SAR 270,040.37"
3395,alrajhi,2024-12-04T20:03:00,Your card xxxx7689 was declined at amazon.sa due to insufficient funds شكرا لك
3396,الراجحي,2024-02-02T03:56:00,"Dear customer, service sms alerts was activated on account ***٨١٠. Call ٩٦٦٥٣٥٢٣٤٦٦٥ for help"
3397,الراجحي,2024-12-02T02:32:00,"تم تحويل مبلغ 17,789.29 AED الى acme trading llc رقم المرجع 198066373 الرصيد 241,426.05"
3398,riyad bank,2024-03-10T16:19:00,"تم تحويل مبلغ 63,266.89 AED الى sara a. رقم المرجع 881742328 الرصيد 102,622.87"
3399,بنك الرياض,2024-08-06T11:57:00,خصم رسوم 89.17 SAR على الحساب ***851 رقم العملية 758048695
3400,riyad bank,2024-01-12T23:16:00,Your  card xxxx5464 was declined at بنده due to insufficient funds
3401,snb,2024-02-07T19:12:00,"Transfer of AED 71,498.75 to acme trading llc completed. Ref 844395012. Balance AED 216,755.68"
3402,riyad bank,2024-12-08T03:47:00,Your OTP is 947069. Valid for 10 minutes. Do not share it with anyone
3403,بنك الرياض,2024-02-19T17:52:00,"تم تحويل مبلغ 22,440.28 ر.س الى sara a. رقم المرجع 513325326 الرصيد 317,958.23 thank you"
3404,riyad bank,2024-09-08T04:57:00,"Salary of USD 89,526.02 credited to account ***241 on 2024-09-08"
3405,riyad bank,2024-11-07T10:06:00,"تم تحويل مبلغ ٣,٣٧٢.٧٢ SAR الى نورة الشمري رقم المرجع ٤٥٤٤٣٦٣٠٤ الرصيد ٤٤٦,٨٧٣.٠٨ -alrajhi"
3406,الراجحي,2024-12-06T16:17:00,‏رمز  التحقق الخاص بك هو 825799 صالح لمدة 15 دقائق لا تشاركه مع احد‎
3407,بنك الرياض,2024-05-30T20:39:00,"تم تحويل مبلغ 35,195.31 USD الى نورة الشمري رقم المرجع 365751342 الرصيد 54,901.25"
3408,snb,2024-09-11T13:02:00,رمز التحقق الخاص بك هو 503902 صالح لمدة 10 دقائق لا تشاركه مع احد
3409,alrajhi,2024-09-18T05:05:00,"Purchase of AED 82,972.34 at amazon.sa on card ending xxxx3338 on 18/09/2024 05:05. Available balance AED 97,621.92"
3410,riyad bank,2024-05-14T05:34:00,Your card ****٦٠٣٦ was declined at نون due to insufficient funds
3411,snb,2024-05-08T11:07:00,"Purchase of AED ٤١,٣٦٤.٦٧ at amazon.sa on card ending xxxx١٠٠١ on ٢٠٢٤-٠٥-٠٨ ١١:٠٧. Available balance AED ٣٦٤,٢٨٥.٧٠"
3412,الأهلي,2024-10-16T15:16:00,"‏Dear customer, service apple pay was activated on account ***980. Call 966598322979 for help‎"
3413,riyad bank,2024-06-22T07:38:00,خصم رسوم 57.23 SAR على الحساب ***585 رقم العملية 506545557
3414,riyad bank,2024-02-16T22:19:00,خصم رسوم 59.70 USD على الحساب ***714 رقم العملية 199238662
3415,riyad bank,2024-01-02T20:21:00,"‏عملية Ø´Ø±Ø§Ø¡ Ø¨Ù…Ø¨Ù„Øº 10,213.63 USD Ù„Ø¯Ù‰ Ù†ÙˆÙ† Ø¨Ø§Ù„Ø¨Ø·Ø§Ù‚Ø© ****4008 بتاريخ 02/01/2024 الرصيد المتاح 132,577.79‎"
3416,riyad bank,2024-05-22T06:20:00,"Bill payment AED 65,258.42 to carrefour hyper succeeded. Fee AED 22.87. Ref 452340882"
3417,بنك الرياض,2024-07-25T02:37:00,خصم رسوم 89.77 USD على الحساب ***305 رقم العملية 402825641
3418,snb,2024-07-24T10:01:00,"Bill payment Ø±.Ø³ 42,746.56 to Ù†ÙˆÙ† succeeded. Fee ر.س 62.9"
3419,riyad bank,2024-06-01T02:01:00,"سحب نقدي 31,689.05 USD من الحساب ***303 بتاريخ 2024-06-01 الرصيد المتاح 383,474.58"
3420,الأهلي,2024-11-14T23:36:00,"تم تحويل مبلغ 12,540.46 AED الى acme trading llc رقم المرجع 161228295 الرصيد 115,235.23"
3421,بنك الرياض,2024-10-07T20:23:00,رمز Ø§Ù„ØªØ­Ù‚Ù‚ Ø§Ù„Ø®Ø§Øµ Ø¨Ùƒ Ù‡Ùˆ 444314 ØµØ§Ù„Ø­ لمدة 15 دقائق لا تشاركه مع احد
3422,الأهلي,2024-08-25T07:52:00,"Dear  customer, service apple pay was activated on account ***513. Call 966548201683 for help"
3423,riyad bank,2024-05-18T09:43:00,"ATM withdrawal Ø±.Ø³ 29,196.10 from account ***823 on 18/05/2024. Available balance ر.س 163,360.40"
3424,alrajhi,2024-07-22T00:22:00,خصم رسوم 65.83 AED على الحساب ***664 رقم العملية 856926025
3425,snb,2024-02-16T02:57:00,Your OTP is 6785. Valid for 5 minutes. Do not share it with anyone
3426,الأهلي,2024-09-23T08:32:00,Your  OTP is 689900. Valid for 5 minutes. Do not share it with anyone thank you
3427,riyad bank,2024-01-06T19:39:00,خصم رسوم 61.62 AED على الحساب ***495 رقم العملية 620972699
3428,snb,2024-03-01T03:10:00,Your card xxxx3989 was declined at starbucks due to insufficient funds
3429,الأهلي,2024-09-14T10:35:00,"Bill payment SAR 25,268.27 to نون succeeded. Fee SAR 86.65. Ref 762930208"
3430,بنك الرياض,2024-02-28T09:34:00,"Purchase of USD 50,591.07 at هنقرستيشن on card ending ****6065 on 2024-02-28 09:34. Available balance USD 451,648.35"
3431,riyad bank,2024-05-04T01:25:00,"Salary of USD 30,328.58 credited to account ***185 on 2024-05-04"
3432,alrajhi,2024-02-09T11:20:00,‏Your OTP is 53772. Valid for 5 minutes. Do not share it with anyone‎
3433,الأهلي,2024-06-11T16:07:00,‏رمز التحقق الخاص بك هو 610418 صالح لمدة 10 دقائق لا تشاركه مع احد‎
3434,بنك الرياض,2024-10-17T14:29:00,"تم ايداع راتب بمبلغ 38,995.43 AED في الحساب ***961 بتاريخ 2024-10-17"
3435,الأهلي,2024-08-05T06:40:00,"Transfer of Ø±.Ø³ 51,595.61 to sara a. completed. Ref 537076958. Balance ر.س 206,192.94"
3436,riyad bank,2024-02-23T13:49:00,عزيزنا Ø§Ù„Ø¹Ù…ÙŠÙ„ ØªÙ… ØªÙØ¹ÙŠÙ„ Ø®Ø¯Ù…Ø© sms alerts Ø¹Ù„Ù‰ Ø­Ø³Ø§Ø¨ك ***497 للاستفسار اتصل على 966528598450
3437,snb,2024-08-07T11:34:00,"Purchase of SAR 34,927.51 at starbucks on card ending xxxx8352 on 2024-08-07 11:34. Available balance SAR 159,591.17"
3438,بنك الرياض,2024-12-11T01:39:00,"Purchase of ر.س 8,648.99 at هنقرستيشن on card ending xxxx8585 on 11/12/2024 01:39. Available balance ر.س 99,240.50"
3439,الأهلي,2024-04-30T22:36:00,عزيزنا العميل تم تفعيل خدمة apple pay على حسابك ***411 للاستفسار اتصل على 966565242721
3440,بنك الرياض,2024-11-01T23:06:00,عزيزنا  العميل تم تفعيل خدمة المدفوعات الدولية على حسابك ***355 للاستفسار اتصل على 966534426742
3441,riyad bank,2024-06-28T19:24:00,"عملية شراء بمبلغ 29,611.13 AED لدى jarir bookstore بالبطاقة ****7016 بتاريخ 2024-06-28 الرصيد المتاح 185,770.88"
3442,الراجحي,2024-07-03T09:34:00,خصم  رسوم 86.48 SAR على الحساب ***261 رقم العملية 109484680
3443,snb,2024-03-17T00:03:00,Your card xxxx5408 was declined at صيدلية النهدي due to insufficient funds
3444,riyad bank,2024-07-07T02:38:00,Your  card xxxx٨٦٩٦ was declined at amazon.sa due to ins
3445,snb,2024-01-13T20:22:00,رمز التحقق الخاص بك هو 989175 صالح لمدة 15 دقائق لا تشاركه مع احد -الأهلي
3446,riyad bank,2024-09-24T16:08:00,"Purchase  of AED 10,202.43 at amazon.sa on card ending ****4433 on 24/09/2024 16:08. Available balance AED 447,349.49"
3447,riyad bank,2024-07-28T11:42:00,Your OTP is 852162. Valid for 15 minutes. Do not share it with anyone
3448,بنك الرياض,2024-05-30T06:37:00,Your OTP is 187930. Valid for 10 minutes. Do not share it with anyone thank you
3449,الأهلي,2024-03-11T11:28:00,رمز التحقق الخاص بك هو 532763 صالح لمدة 10 دقائق لا تشاركه مع احد
3450,riyad bank,2024-07-29T02:55:00,"سحب نقدي 81,619.64 USD من الحساب ***661 بتاريخ 2024-07-29 الرصيد "
3451,riyad bank,2024-05-20T12:53:00,Your OTP is 354325. Valid for 15 minutes. Do not share it with anyone
3452,alrajhi,2024-10-30T00:44:00,"سحب نقدي 55,107.67 SAR من الحساب ***578 بتاريخ 30/10/2024 الرصيد المتاح 197,674.68"
3453,alrajhi,2024-08-13T09:54:00,"ATM withdrawal AED 55,167.97 from account ***310 on 13/08/2024. Available balance AED 469,041.14 thank you"
3454,الأهلي,2024-02-07T13:21:00,Your card ****2470 was declined at نون due to insufficient funds
3455,snb,2024-05-24T21:05:00,"Dear customer, service apple pay was activated on account ***131. Call 966527732670 for help"
3456,riyad bank,2024-04-01T08:24:00,"Transfer of USD 78,682.69 to sara a. completed. Ref 573457243. Balance USD 11,852.35 -alrajhi"
3457,alrajhi,2024-09-30T17:50:00,‏خصم رسوم 28.08 ر.س على الحساب ***372 رقم العملية 353268936‎
3458,riyad bank,2024-11-13T12:38:00,خصم رسوم 29.26 ر.س على الحساب ***748 رقم العملية 257299516
3459,الراجحي,2024-03-11T06:24:00,Your OTP is 976848. Valid for 5 minutes. Do not share it with anyone
3460,alrajhi,2024-03-04T06:24:00,"Dear customer, service apple pay was activated on account ***519. Call 966560058271 for help"
3461,snb,2024-09-14T08:34:00,"Transfer of ر.س 79,758.47 to acme trading llc completed. Ref 798084766. Balance ر.س 411,665.07"
3462,الأهلي,2024-08-03T03:00:00,"ATM withdrawal AED 53,062.03 from account ***306 on 2024-08-03. Available balance AED 45,023.13"
3463,snb,2024-08-31T21:21:00,"Salary of USD 24,358.05 credited to account ***641 on 2024-08-31"
3464,الراجحي,2024-07-25T17:11:00,رمز التحقق الخاص بك هو 266058 صالح لمدة 5 دقائق لا تشاركه مع احد
3465,الأهلي,2024-10-26T06:05:00,رمز التحقق الخاص بك هو 115121 صالح لمدة 10 دقائق لا تشاركه مع احد
3466,snb,2024-10-19T23:16:00,"سحب نقدي 29,028.45 AED من الحساب ***295 بتاريخ 2024-10-19 الرصيد المتاح 156,463.11"
3467,الأهلي,2024-05-15T23:24:00,"عملية شراء بمبلغ 68,651.45 SAR لدى amazon.sa بالبطاقة ****5080 بتاريخ 15/05/2024 الرصيد المتاح 272,655.33"
3468,الراجحي,2024-02-04T12:34:00,"Purchase of AED 49,354.30 at amazon.sa on card ending ****7114 on 2024-02-04 12:34. Available balance AED 449,466.31"
3469,riyad bank,2024-06-08T19:50:00,"ATM withdrawal ر.س 24,509.60 from account ***770 on 2024-06-08. Available balance ر.س 372,655.66"
3470,alrajhi,2024-03-13T12:46:00,"Salary of USD 17,062.91 credited to account ***408 on 13/03/2024"
3471,alrajhi,2024-01-07T18:09:00,خصم رسوم 19.44 ر.س على الحساب ***855 رقم العمل
3472,بنك الرياض,2024-05-13T15:06:00,"ATM  withdrawal USD 74,491.74 from account ***268 on 13/05/2024. Available balance USD 36,199.50"
3473,riyad bank,2024-01-09T01:40:00,"تم ايداع راتب بمبلغ 78,387.44 SAR في الحساب ***165 بتاريخ 09/01/2024"
3474,بنك الرياض,2024-06-22T01:17:00,"‏Purchase of SAR 77,240.49 at jarir bookstore on card ending ****5898 on 22/06/2024 01:17. Available balance SAR 227,541.79‎"
3475,الأهلي,2024-07-30T16:34:00,"Purchase  of ر.س 66,060.35 at صيدلية النهدي on card ending xxxx3072 on 30/07/2024 16:34. Available balance ر.س 414,564.84"
3476,alrajhi,2024-07-06T09:31:00,Your card xxxx9868 was declined at هنقرستيشن due to insufficient funds
3477,بنك الرياض,2024-11-30T07:47:00,رمز التحقق الخاص بك هو 129926 صالح لمدة 5 دقائق لا تشاركه مع احد
3478,alrajhi,2024-06-19T13:13:00,"سحب نقدي 30,663.51 SAR من الحساب ***504 بتاريخ 2024-06-19 الرصيد المتاح 393,327.07"
3479,الراجحي,2024-12-12T04:30:00,"عملية شراء بمبلغ 46,079.42 SAR لدى amazon.sa بالبطاقة xxxx7780 بتاريخ 2024-12-12 الرصيد المتاح 104,813.61"
3480,snb,2024-02-08T09:13:00,"Salary of AED 75,016.73 credited to account ***920 on 08/02/2024"
3481,الراجحي,2024-10-07T07:13:00,"Bill payment USD ٧٢,٦٢٨.٥٨ to carrefour hyper succeeded. Fee USD ٦٧.٦٦. Ref ٤٦٣٧١٩٤٤٥"
3482,snb,2024-02-16T15:42:00,خصم رسوم 56.81 ر.س على الحساب ***847 رقم العملية 436195225
3483,riyad bank,2024-03-09T10:14:00,"عملية  شراء بمبلغ 67,398.65 USD لدى amazon.sa بالبطاقة ****7135 بتاريخ 2024-03-09 الرصيد المتاح 171,279.11"
3484,riyad bank,2024-01-07T20:26:00,عزيزنا العميل تم تفعيل خدمة المدفوعات الدولية على حسابك ***134 للاستفسار اتصل على 966520616079
3485,riyad bank,2024-01-21T03:40:00,Your card ****3888 was declined at بنده due to insufficient funds
3486,بنك الرياض,2024-08-06T05:35:00,"عملية شراء بمبلغ ٧,١٦٧.٨٠ ر.س لدى starbucks بالبطاقة ****٢٧٧١ بتاريخ ٠٦/٠٨/٢٠٢٤ الرصيد المتاح ١٩٥,٩٦٨.٧٥"
3487,الراجحي,2024-02-28T02:46:00,عزيزنا العميل تم تفعيل خدمة المدفوعات الدولية على حسابك ***313 للاستفسار اتصل على 966581083991
3488,الأهلي,2024-10-04T19:13:00,"Purchase  of Ø±.Ø³ 28,587.22 at Ù†ÙˆÙ† on card ending ****8513 on 2024-10-04 19:13. Available balance ر.س 286,374.36"
3489,alrajhi,2024-01-18T22:28:00,"تم ايداع راتب بمبلغ 59,833.51 ر.س في الحساب ***361 بتاريخ 18/01/2024"
3490,alrajhi,2024-07-26T12:48:00,خصم رسوم 57.60 SAR على الحساب ***975 رقم العملية 158968715
3491,alrajhi,2024-03-22T11:08:00,"عملية شراء بمبلغ 18,480.02 SAR لدى amazon.sa بالبطاقة xxxx7070 بتاريخ 2024-03-22 الرصيد المتاح 240,598.60"
3492,الأهلي,2024-11-08T14:49:00,"‏ATM withdrawal USD 45,829.10 from account ***260 on 2024-11-08. Available balance USD 173,060.83‎"
3493,الأهلي,2024-02-02T19:36:00,"Transfer of SAR 88,511.99 to نورة الشمري completed. Ref 121001162. Balance SAR 195,318.86"
3494,بنك الرياض,2024-09-25T23:31:00,"Dear customer, service sms alerts was activated on account ***278. Call 966595937849 for help"
3495,snb,2024-03-28T14:38:00,"‏Dear customer, service المدفوعات الدولية was activated on account ***648. Call 966597220639 for help‎"
3496,snb,2024-07-20T08:35:00,"تم تحويل مبلغ 11,468.67 SAR الى acme trading llc رقم المرجع 647617435 الرصيد 16,157.41 thank you"
3497,riyad bank,2024-10-03T16:33:00,Your card xxxx7883 was declined at carrefour hyper due to insufficient funds
3498,alrajhi,2024-02-24T15:10:00,رمز التحقق الخاص بك هو 109330 صالح لمدة 5 دقائق لا 
3499,riyad bank,2024-07-09T21:35:00,"Transfer of Ø±.Ø³ 12,497.63 to Ø®Ø§Ù„Ø¯ Ø§Ù„Ø¹ØªÙŠØ¨ÙŠ completed. Ref 504373888. Balance ر.س 360,450.88"
3500,بنك الرياض,2024-01-12T14:42:00,"Purchase of AED 79,780.48 at بنده on card ending ****6575 on 2024-01-12 14:42. Available balance AED 165,125.34"
3501,riyad bank,2024-03-25T01:23:00,"تم ايداع راتب بمبلغ 71,270.10 AED في الحساب ***834 بتاريخ 2024-03-25"
3502,alrajhi,2024-09-17T19:01:00,‏Your card ****2080 was declined at صيدلية النهدي due to insufficient funds‎
3503,riyad bank,2024-10-09T09:11:00,"ATM withdrawal SAR 89,882.91 from account ***895 on 09/10/2024. Available balance SAR 115,123.06"
3504,الأهلي,2024-11-30T02:38:00,"ATM withdrawal AED 32,713.10 from account ***516 on 2024-11-30. Available balance AED 215,953.19"
3505,الراجحي,2024-06-21T00:00:00,"تم ايداع راتب بمبلغ 84,992.88 SAR في الحساب ***131 بتاريخ 21/06/2024"
3506,الراجحي,2024-11-19T01:27:00,"Transfer of ر.س 72,367.03 to sara a. completed. Ref 676186348. Balance ر.س 382,676.11 شكرا لك"
3507,الراجحي,2024-05-01T13:14:00,"Dear customer, service المدفوعات الدولية was activated on account ***387. Call 966592735004 for help"
3508,riyad bank,2024-06-10T22:36:00,"عملية شراء بمبلغ 21,787.61 SAR لدى amazon.sa بالبطاقة ****7307 بتاريخ 2024-06-10 الرصيد المتاح 475,148.75"
3509,بنك الرياض,2024-07-28T03:34:00,Your card ****2795 was declined at نون due to insufficient funds
3510,الراجحي,2024-08-27T11:14:00,"Bill payment SAR 19,900.42 to jarir bookstore succeeded. Fee SAR 51.83. Ref 588660427"
3511,riyad bank,2024-11-04T00:06:00,"Transfer of SAR 86,167.53 to acme trading llc completed. Ref 614465259. Balance SAR 479,144.53"
3512,الأهلي,2024-06-04T14:49:00,Your OTP is 422843. Valid for 15 minutes. Do not share it with anyone
3513,alrajhi,2024-02-27T07:51:00,"Purchase of ر.س 66,140.30 at هنقرستيشن on card ending xxxx6659 on 2024-02-27 07:51. Available balance ر.س 219,805.38 -الأهلي"
3514,بنك الرياض,2024-05-29T10:16:00,"Purchase of SAR 89,817.82 at starbucks on card ending ****2143 on 29/05/2024 10:16. Available balance SAR 33,073.85"
3515,الأهلي,2024-07-17T05:57:00,"عملية شراء بمبلغ 50,003.84 USD لدى amazon.sa بالبطاقة xxxx2673 بتاريخ 17/07/2024 الرصيد المتاح 302,857.81"
3516,snb,2024-10-28T16:30:00,"تم ØªØ­ÙˆÙŠÙ„ Ù…Ø¨Ù„Øº 43,666.03 AED Ø§Ù„Ù‰ Ù†ÙˆØ±Ø© Ø§Ù„Ø´Ù…Ø±ي رقم المرجع 254403857 الرصيد 277,087.42"
3517,snb,2024-06-05T11:41:00,"تم تحويل مبلغ 68,816.03 SAR الى sara a. رقم المرجع 600125564 الرصيد 295,439.27"
3518,snb,2024-11-26T21:01:00,"‏Transfer of AED 23,921.87 to sara a. completed. Ref 286521746. Balance AED 246,357.18‎"
3519,الراجحي,2024-11-20T15:20:00,"Transfer of ر.س 45,654.59 to sara a. completed. Ref 656314553. Balance ر.س 488,907.72"
3520,alrajhi,2024-10-06T00:29:00,"عملية Ø´Ø±Ø§Ø¡ Ø¨Ù…Ø¨Ù„Øº 13,257.34 USD Ù„Ø¯Ù‰ Ù†ÙˆÙ† Ø¨Ø§Ù„Ø¨Ø·Ø§Ù‚Ø© ****1237 بتاريخ 06/10/2024 الرصيد المتاح 193,217.94 -الأهلي"
3521,alrajhi,2024-05-03T02:57:00,"Salary of USD 84,209.75 credited to account ***999 on 03/05/2024"
3522,snb,2024-01-13T08:40:00,‏Your OTP is 337812. Valid for 10 minutes. Do not share it with anyone‎
3523,alrajhi,2024-07-17T19:50:00,"Purchase of ر.س 15,840.87 at نون on card ending ****1564 on 2024-07-17 19:50. Available balance ر.س 23,724.30"
3524,بنك الرياض,2024-09-30T20:11:00,"تم تحويل مبلغ 67,718.94 ر.س الى acme trading llc رقم المرجع 209757457 الرصيد 218,198.70"
3525,الأهلي,2024-03-13T00:15:00,"تم تحويل مبلغ 5,997.77 SAR الى نورة الشمري رقم المرجع 739414360 الرصيد 139,710.98"
3526,riyad bank,2024-02-22T17:16:00,Your card ****5841 was declined at صيدلية النهدي due to insufficient funds
3527,الراجحي,2024-08-29T21:56:00,"Purchase of AED 40,325.22 at jarir bookstore on card ending ****9604 on 29/08/2024 21:56. Available balance AED 302,622.71"
3528,riyad bank,2024-08-24T23:10:00,"تم  تحويل مبلغ 84,986.55 ر.س الى خالد العتيبي رقم المرجع 181276132 الرصيد 385,747.23"
3529,بنك الرياض,2024-05-16T07:21:00,"تم ØªØ­ÙˆÙŠÙ„ Ù…Ø¨Ù„Øº 59,466.60 SAR Ø§Ù„Ù‰ Ø®Ø§Ù„Ø¯ Ø§Ù„Ø¹ØªÙŠبي رقم المرجع 585803617 الرصيد 77,923.78"
3530,snb,2024-10-07T08:37:00,"Salary of ر.س 64,709.30 credited to account ***156 on 2024-10-07"
3531,الراجحي,2024-07-14T23:05:00,Your card ****1555 was declined at نون due to insufficient funds
3532,alrajhi,2024-10-15T01:19:00,"Transfer of SAR ٨,١٨٩.٠٢ to خالد العتيبي completed. Ref ٢٦٨٦١٥٨٨٥. Balance SAR ٤٩٠,٦٧٥.١٣"
3533,بنك الرياض,2024-04-27T01:08:00,"ATM withdrawal AED ١٢,٦٢٨.٥٤ from account ***٨٥٥ on ٢٧/٠٤/٢٠٢٤. Available balance AED ١٨٨,٤٨٢.٨٠"
3534,الراجحي,2024-01-12T23:10:00,"تم ايداع راتب بمبلغ 84,260.92 ر.س في الحساب ***543 بتاريخ 2024-01-12"
3535,الأهلي,2024-06-15T18:05:00,"ATM withdrawal ر.س 27,984.68 from account ***931 on 2024-06-15. Available balance ر.س 28,251.82"
3536,riyad bank,2024-04-03T18:13:00,رمز التحقق الخاص بك هو 647201 صالح لمدة 15 دقائق لا تشاركه مع احد
3537,الراجحي,2024-10-09T21:27:00,"‏تم تحويل مبلغ ٢١,٦٨١.٩٩ USD الى acme trading llc رقم المرجع ٣٣٩٤٥٣٤٥٥ الر"
3538,بنك الرياض,2024-02-07T08:27:00,‏رمز التحقق الخاص بك هو 303642 صالح لمدة 10 دقائق لا تشاركه مع احد‎
3539,الأهلي,2024-03-31T09:46:00,Your OTP is 795147. Valid for 10 minutes. Do not share it with anyone
3540,snb,2024-06-22T17:48:00,Your card xxxx1017 was declined at starbucks due to insufficient funds thank you
3541,riyad bank,2024-11-24T16:48:00,رمز التحقق الخاص بك هو 823214 صالح لمدة 15 دقائق لا تشاركه مع احد
3542,بنك الرياض,2024-01-02T05:39:00,"ATM withdrawal SAR 45,447.02 from account ***817 on 02/01/2024. Available balance SAR 344,173.39"
3543,الراجحي,2024-10-28T15:07:00,"Salary of AED ٣٨,٥٧٤.٢٥ credited to account ***٨١٩ on ٢٠٢٤-١٠-٢٨"
3544,alrajhi,2024-02-02T22:37:00,خصم رسوم 32.93 SAR على الحساب ***478 رقم العملية 101375315
3545,الأهلي,2024-01-02T06:10:00,"Purchase of ر.س 85,917.03 at jarir bookstore on card ending xxxx7041 on 02/01/2024 06:10. Available balance ر.س 184,940.14"
3546,بنك الرياض,2024-08-07T00:26:00,"تم تحويل مبلغ 28,820.47 USD الى mohammed ali رقم المرجع 318067611 الرصيد 409,294.38"
3547,الراجحي,2024-10-21T04:41:00,"تم تحويل مبلغ 57,732.24 ر.س الى sara a. رقم المرجع 269044845 الرصيد 204,269.13"
3548,الراجحي,2024-03-22T22:10:00,"Salary of USD 58,126.24 credited to account ***126 on 22/03/2024"
3549,بنك الرياض,2024-07-19T23:56:00,"Transfer of AED ٨٥,٠٩٢.٤٩ to نورة الشمري completed. Ref ٩٨٩٦٩٨٠٠٧. Balance AED ٢٠٥,٧٩٥.٤٠"
3550,بنك الرياض,2024-09-20T22:00:00,"‏عملية  Ø´Ø±Ø§Ø¡ Ø¨Ù…Ø¨Ù„Øº 32,132.59 AED Ù„Ø¯Ù‰ carrefour hyper Ø¨Ø§Ù„Ø¨Ø·Ø§Ù‚ة ****1652 بتاريخ 20/09/2024 الرصيد المتاح 485,692.95‎"
3551,riyad bank,2024-09-15T13:59:00,"Transfer of SAR 74,224.53 to acme trading llc completed. Ref 637435032. Balance SAR 236,721.87"
3552,بنك الرياض,2024-08-08T11:19:00,عزيزنا Ø§Ù„Ø¹Ù…ÙŠÙ„ ØªÙ… ØªÙØ¹ÙŠÙ„ Ø®Ø¯Ù…Ø© apple pay Ø¹Ù„Ù‰ Ø­Ø³Ø§Ø¨ك ***828 للاستفسار اتصل على 966518464095
3553,riyad bank,2024-02-01T00:36:00,رمز التحقق الخاص بك هو 130997 صالح لمدة 5 دقائق لا تشاركه مع احد
3554,بنك الرياض,2024-08-13T22:17:00,Your OTP is 231111. Valid for 15 minutes. Do not share it with anyone thank you
3555,riyad bank,2024-01-02T15:12:00,"عملية شراء بمبلغ 3,882.03 SAR لدى amazon.sa بالبطاقة xxxx6045 بتاريخ 2024-01-02 الرصيد ا"
3556,alrajhi,2024-02-04T23:39:00,"Purchase of USD 16,286.51 at jarir bookstore on card ending xxxx8372 on 04/02/2024 23:39. Available balance USD 258,834.94"
3557,snb,2024-04-24T18:42:00,رمز التحقق الخاص بك هو ٤٦٤٥٧٢ صالح لمدة ١٠ دقائق لا تشاركه مع احد
3558,snb,2024-07-07T05:38:00,Your OTP is 895081. Valid for 15 minutes. Do not share it with anyone
3559,الراجحي,2024-11-28T14:25:00,"Dear customer, service المدفوعات الدولية was activated on account ***277. Call 966529593998 for help"
3560,snb,2024-07-16T01:36:00,خصم رسوم 67.58 AED على الحساب ***599 رقم العملية 693229793
3561,alrajhi,2024-03-18T15:00:00,"ATM withdrawal AED 59,486.94 from account ***354 on 18/03/2024. Available balance AED 177,998.22"
3562,الراجحي,2024-06-13T10:51:00,"تم تحويل مبلغ 27,314.71 ر.س الى mohammed ali رقم المرجع 206131203 الرصيد 221,140.91"
3563,riyad bank,2024-11-18T09:36:00,"Transfer  of AED 82,160.06 to acme trading llc completed. Ref 574590904. Bal"
3564,الأهلي,2024-10-29T11:44:00,"Purchase of USD 33,887.29 at jarir bookstore on card ending ****8590 on 2024-10-29 11:44. Available balance USD 337,199.53"
3565,alrajhi,2024-08-20T13:41:00,"سحب نقدي 19,898.82 AED من الحساب ***870 بتاريخ 20/08/2024 الرصيد المتاح 351,349.37"
3566,snb,2024-03-31T05:11:00,"Dear customer, service sms alerts was activated on account ***329. Call 966574287444 for help"
3567,بنك الرياض,2024-11-28T16:56:00,"Salary  of AED 57,362.33 credited to account ***592 on 2024-11-28"
3568,بنك الرياض,2024-03-28T03:03:00,"عملية شراء بمبلغ 41,580.82 USD لدى amazon.sa بالبطاقة xxxx3121 بتاريخ 2024-03-28 الرصيد المتاح 50,839.74"
3569,riyad bank,2024-04-07T14:21:00,"Salary  of SAR 11,388.61 credited to account ***727 on 07/04/2024"
3570,الراجحي,2024-11-03T04:37:00,Your  OTP is 62793. Valid for 10 minutes. Do not share it with anyone
3571,snb,2024-04-28T01:46:00,خصم رسوم 31.99 SAR على الحساب ***734 رقم العملية 858066418
3572,الراجحي,2024-04-03T13:50:00,‏Your OTP is 764144. Valid for 10 minutes. Do not share it with anyone‎
3573,الأهلي,2024-08-22T12:18:00,"Salary of SAR 58,351.71 credited to account ***441 on 2024-08-22"
3574,بنك الرياض,2024-11-14T00:28:00,"Dear customer, service apple pay was activated on account ***880. Call 966558637818 for help"
3575,riyad bank,2024-11-23T18:35:00,رمز  التحقق الخاص بك هو 671004 صالح لمدة 10 دقائق لا تشاركه مع احد
3576,snb,2024-11-07T22:19:00,عزيزنا العميل تم تفعيل خدمة المدفوعات الدولية على حسابك ***178 للاستفسار ات
3577,snb,2024-12-06T15:03:00,"Purchase  of AED 20,705.31 at بنده on card ending xxxx1554 on 2024-12-06 15:03. Available balance AED 253,003.49 شكرا لك"
3578,الراجحي,2024-05-18T06:37:00,"Purchase of ر.س 43,736.67 at carrefour hyper on card ending ****3976 on 2024-05-18 06:37. Available balance ر.س 377,890.59"
3579,الأهلي,2024-10-26T19:50:00,"Purchase of USD 20,861.29 at amazon.sa on card ending xxxx4702 on 2024-10-26 19:50. Available balance USD 468,284.88"
3580,snb,2024-03-13T04:42:00,‏خصم رسوم 3.78 SAR على الحساب ***302 رقم العملية 100736725‎
3581,riyad bank,2024-03-26T22:01:00,رمز التحقق الخاص بك هو ٨٥١٢٥٦ صالح لمدة ١٥ دقائق لا تشاركه مع احد
3582,snb,2024-05-02T16:10:00,"عملية شراء بمبلغ 23,137.40 SAR لدى هنقرستيشن بالبطاقة ****4173 بتاريخ 02/05/2024 الرصيد المتاح 209,481.97"
3583,بنك الرياض,2024-10-12T06:26:00,"Dear customer, service apple pay was activated on account ***981. Call 966552047423 for help"
3584,الراجحي,2024-12-03T03:51:00,‏رمز التحقق الخاص بك هو 806710 صالح لمدة 5 دقائق لا تشاركه مع احد‎
3585,snb,2024-11-16T13:02:00,‏رمز  التحقق الخاص بك هو 853311 صالح لمدة 15 دقائق لا تشاركه مع احد‎
3586,بنك الرياض,2024-06-14T22:13:00,"Purchase of ر.س 78,891.69 at amazon.sa on card ending ****7679 on 14/06/2024 22:13. Available balance ر.س 400,824.62"
3587,alrajhi,2024-07-29T01:14:00,"Salary of ر.س 6,977.99 credited to account ***275 on 2024-07-29"
3588,alrajhi,2024-06-11T00:30:00,"Dear customer, service sms alerts was activated on account ***696. Call 966591248655 for help"
3589,الراجحي,2024-09-06T14:32:00,خصم رسوم ٧٥.٣٤ SAR على الحساب ***٢٦٦ رقم العملية ٨٤٣٥٦٧٨٧٦
3590,بنك الرياض,2024-04-13T00:21:00,Your card xxxx8522 was declined at carrefour hyper due to insufficient funds
3591,snb,2024-08-15T21:56:00,"Purchase of SAR 44,558.84 at starbucks on card ending ****8152 on 15/08/2024 21:56. Available balance SAR 460,552.10"
3592,الراجحي,2024-07-11T22:14:00,Your card xxxx5599 was declined at هنقرستيشن due to insufficient funds
3593,riyad bank,2024-08-04T02:08:00,"Bill payment AED ٨٢,٣٦٤.٠٢ to هنقرستيشن succeeded. Fee AED ٩٧.٤٥. Ref ٥٧٣٤٧٩٥٢٢"
3594,riyad bank,2024-05-23T09:59:00,"تم تحويل مبلغ 19,026.28 USD الى نورة الشمري رقم المرجع 962844284 الرصيد 27,033.13"
3595,بنك الرياض,2024-07-30T06:20:00,Your card ****8450 was declined at بنده due to insufficient funds
3596,الأهلي,2024-10-19T20:47:00,عزيزنا العميل تم تفعيل خدمة الحوالات الفورية على حسابك ***631 للاستفسار اتصل على 966541098777 -بنك الرياض
3597,riyad bank,2024-07-27T11:32:00,"Purchase of USD 43,671.26 at صيدلية النهدي on card ending xxxx5823 on 2024-07-27 11:32. Availabl"
3598,الراجحي,2024-02-24T12:46:00,"Bill payment SAR 62,076.81 to بنده succeeded. Fee SAR 35.79. Ref 991736720"
3599,الراجحي,2024-02-11T03:43:00,"Transfer of ر.س 84,508.91 to نورة الشمري completed. Ref 366895069. Balance ر.س 398,159.04"
3600,الراجحي,2024-08-26T21:49:00,"تم ايداع راتب بمبلغ 31,024.23 USD في الحساب ***436 بتاريخ 26/08/2024"
3601,alrajhi,2024-01-17T14:44:00,"عملية شراء بمبلغ 66,861.86 SAR لدى نون بالبطاقة xxxx4214 بتاريخ 2024-01-17 الرصيد ال"
3602,الراجحي,2024-07-18T07:09:00,"عملية شراء بمبلغ 72,410.46 USD لدى jarir bookstore بالبطاقة ****9925 بتاريخ 18/07/2024 الرصيد المتاح 26,390.27"
3603,الراجحي,2024-06-20T15:36:00,"عملية شراء بمبلغ 57,455.74 ر.س لدى starbucks بالبطاقة xxxx1083 بتاريخ 20/06/2024 الرصيد المتاح 480,260.27"
3604,snb,2024-04-16T15:17:00,رمز  التحقق الخاص بك هو 735445 صالح لمدة 5 دقائق لا 
3605,snb,2024-01-01T05:19:00,خصم رسوم 78.91 SAR على الحساب ***628 رقم العملية 174476675
3606,snb,2024-02-27T08:46:00,"ATM  withdrawal SAR 72,841.42 from account ***474 on 2024-02-27. Available balance SAR 259,878.37"
3607,snb,2024-02-07T17:31:00,Your card ****7654 was declined at صيدلية النهدي due to insufficient funds
3608,riyad bank,2024-11-01T17:18:00,"سحب نقدي 84,847.67 ر.س من الحساب ***102 بتاريخ 01/11/2024 الرصيد المتاح 122,789.87"
3609,snb,2024-08-29T14:44:00,"سحب نقدي 17,189.28 SAR من الحساب ***364 بتاريخ 29/08/2024 الرصيد المتاح 434,439.24"
3610,riyad bank,2024-07-14T23:31:00,"ATM withdrawal ر.س 33,147.88 from account ***568 on 14/07/2024. Available balance ر.س 455,147.35"
3611,riyad bank,2024-05-11T12:21:00,"تم تحويل مبلغ 28,147.36 AED الى acme trading llc رقم المرجع 586510084 الرصيد 407,657.24"
3612,الراجحي,2024-07-02T19:55:00,رمز التحقق الخاص بك هو 670027 صالح لمدة 5 دقائق لا تشاركه مع احد
3613,snb,2024-07-04T20:42:00,"‏Salary of Ø±.Ø³ 52,507.52 credited to account ***629 on 2024-07-04‎"
3614,الراجحي,2024-05-11T00:44:00,"عملية شراء بمبلغ 20,890.51 USD لدى jarir bookstore بالبطاقة xxxx5648 بتاريخ 2024-05-11 الرصيد المتاح 157,327.66"
3615,riyad bank,2024-12-12T19:08:00,"عملية شراء بمبلغ 34,157.57 AED لدى نون بالبطاقة ****2664 بتاريخ 12/12/2024 الرصيد المتاح 495,632.71"
3616,الراجحي,2024-07-26T04:58:00,رمز التحقق الخاص بك هو 953209 صالح لمدة 15 دقائق لا تشاركه مع احد
3617,alrajhi,2024-04-13T21:06:00,Your OTP is 900834. Valid for 15 minutes. Do not share it with anyone -الراجحي
3618,الراجحي,2024-07-12T09:17:00,خصم رسوم 77.21 AED على الحساب ***308 رقم العملية 817605715
3619,الراجحي,2024-10-18T23:17:00,"Transfer of SAR 62,432.66 to Ø®Ø§Ù„Ø¯ Ø§Ù„Ø¹ØªÙŠØ¨ÙŠ completed. Ref 721727227. B"
3620,الأهلي,2024-10-09T16:51:00,"‏Purchase of SAR 85,436.39 at هنقرستيشن on card ending xxxx2414 on 09/10/2024 16:51. Available balance SAR 344,568.09‎"
3621,الراجحي,2024-08-11T19:04:00,Your OTP is 75242. Valid for 10 minutes. Do not share it with anyone
3622,بنك الرياض,2024-05-08T10:57:00,"ATM withdrawal SAR 77,143.45 from account ***377 on 08/05/2024. Available balance SAR 58,619.06"
3623,بنك الرياض,2024-09-25T17:20:00,"Purchase of ر.س 31,597.80 at carrefour hyper on card ending ****7992 on 25/09/2024 17:20. Available balance ر.س 345,680.32"
3624,riyad bank,2024-10-28T23:15:00,"Salary of ر.س ٢٢,١٣٢.٩٤ credited to account ***٤١٠ on ٢٨/١٠/٢٠٢٤ -الأهلي"
3625,بنك الرياض,2024-11-12T07:56:00,عزيزنا العميل تم تفعيل خدمة apple pay على حسابك ***٤٢٨ للاستفسار اتصل على ٩٦٦٥٩٤٩٧٤٨٨٩
3626,بنك الرياض,2024-11-26T10:45:00,"تم تحويل مبلغ 19,294.95 ر.س الى نورة الشمري رقم المرجع 237070460 الرصيد 357,895.18"
3627,الأهلي,2024-09-12T00:53:00,"Transfer of ر.س 5,009.35 to mohammed ali completed. Ref 934176959. Balance ر.س 284,178.23"
3628,الأهلي,2024-03-27T11:54:00,رمز التحقق الخاص بك هو 358916 صالح لمدة 15 دقائق لا تشاركه مع احد
3629,riyad bank,2024-05-10T22:54:00,‏رمز التحقق الخاص بك هو 687275 صالح لمدة 15 دقائق لا 
3630,بنك الرياض,2024-04-06T09:32:00,"سحب نقدي 63,560.24 USD من الحساب ***122 بتاريخ 06/04/2024 الرصيد المتاح 408,948.43"
3631,الراجحي,2024-10-31T13:12:00,"Transfer of ر.س 88,116.18 to sara a. completed. Ref 276403123. Balan"
3632,alrajhi,2024-04-24T05:25:00,Your OTP is 191982. Valid for 10 minutes. Do not share it with anyone
3633,الراجحي,2024-11-04T06:42:00,"‏Dear customer, service sms alerts was activated on account ***684. Call 966569919566 for help‎"
3634,الراجحي,2024-06-07T10:23:00,رمز التحقق الخاص بك هو ١٤٧٣٢٠ صالح لمدة ١٥ دقائق لا تشاركه مع احد
3635,alrajhi,2024-01-26T02:43:00,"تم تحويل مبلغ 76,829.45 AED الى acme trading llc رقم المرجع 595596815 الرصيد 391,483.30"
3636,الأهلي,2024-06-16T19:15:00,"Dear customer, service apple pay was activated on account ***152. Call 966548023562 for help"
3637,riyad bank,2024-10-31T14:48:00,"Purchase of ر.س 15,199.44 at jarir bookstore on card ending ****1004 on 2024-10-31 14:48. Available balance ر.س 336,699.26"
3638,بنك الرياض,2024-01-27T10:19:00,"‏ATM withdrawal SAR ٦,٧٣٤.٩٤ from account ***٨١٨ on ٢٠٢٤-٠١-٢٧. Available balance SAR ٢١٧,٩٩٦.٠٨‎"
3639,alrajhi,2024-12-13T02:21:00,"تم تحويل مبلغ 74,147.02 USD الى mohammed ali رقم المرجع 640539849 الرصيد 454,480.21"
3640,alrajhi,2024-08-09T22:47:00,Your card ****2408 was declined at نون due to insufficient funds شكرا لك
3641,الأهلي,2024-06-16T22:24:00,"Purchase  of SAR 18,362.01 at carrefour hyper on card ending xxxx5436 on 2024-06-16 22:24. Available balance SAR 52,317.19 thank you"
3642,الأهلي,2024-08-18T16:15:00,"ATM withdrawal USD 19,322.49 from account ***792 on 18/08/2024. Available balance USD 395,484.22"
3643,alrajhi,2024-08-29T18:47:00,خصم رسوم 3.00 USD على الحساب ***610 رقم العملية 683990854
3644,بنك الرياض,2024-11-20T23:43:00,Your  OTP is 525101. Valid for 5 minutes. Do not share it with anyone
3645,الراجحي,2024-01-14T04:56:00,"سحب نقدي ٤٤,٤١٥.٧٧ SAR من الحساب ***٥١٣ بتاريخ ٢٠٢٤-٠١-١٤ الرصيد المتاح ٣٠٧,٢٦٦.٨٦"
3646,snb,2024-03-12T03:37:00,"تم تحويل مبلغ 12,625.65 USD الى نورة الشمري رقم المرجع 202996195 الرصيد 271,650.35"
3647,alrajhi,2024-07-02T08:27:00,"عملية  شراء بمبلغ 59,848.98 USD لدى jarir bookstore بالبطاقة ****5560 بتاريخ 2024-07-02 الرصيد المتاح 262,211.88"
3648,الراجحي,2024-04-16T05:19:00,عزيزنا العميل تم تفعيل خدمة المدفوعات الدولية على حسابك ***616 للاستفسار اتصل على 966594497904
3649,الراجحي,2024-08-01T18:27:00,عزيزنا العميل تم تفعيل خدمة المدفوعات الدولية على حسابك ***358 للاستفسار اتصل على 966544083701
3650,riyad bank,2024-02-01T05:35:00,Your OTP is 450119. Valid for 5 minutes. Do not share it with anyone
3651,riyad bank,2024-02-08T19:14:00,عزيزنا Ø§Ù„Ø¹Ù…ÙŠÙ„ ØªÙ… ØªÙØ¹ÙŠÙ„ Ø®Ø¯Ù…Ø© sms alerts Ø¹Ù„Ù‰ Ø­Ø³Ø§Ø¨ك ***685 للاستفسار اتصل على 966587930726
3652,بنك الرياض,2024-02-14T03:31:00,"Purchase  of SAR 69,335.11 at jarir bookstore on card ending ****1594 on 14/02/2024 03:31. Available balance SAR 392,077.22"
3653,الأهلي,2024-03-13T06:17:00,عزيزنا العميل تم تفعيل خدمة الحوالات الفورية على حسابك ***803 للاستفسار اتصل على 966517434296
3654,alrajhi,2024-03-25T07:49:00,"‏Bill payment ر.س 27,616.12 to نون succeeded. Fee ر.س 77.65. Ref 428297275‎"
3655,riyad bank,2024-07-04T09:00:00,خصم رسوم 53.32 AED على الحساب ***830 رقم العملية 432359897
3656,الأهلي,2024-08-15T02:48:00,خصم Ø±Ø³ÙˆÙ… 92.96 AED Ø¹Ù„Ù‰ Ø§Ù„Ø­Ø³Ø§Ø¨ ***572 رقم العملية 526801298
3657,snb,2024-07-17T03:43:00,"سحب نقدي ٧٩,٤٥٣.٥٨ USD من الحساب ***٢٩٨ بتاريخ ١٧/٠٧/٢٠٢٤ الرصيد المتاح ٤٥١,٩٧٣.٥٥"
3658,snb,2024-07-03T10:12:00,"Transfer of ر.س 13,804.77 to نورة الشمري completed. Ref 821704949. Balance ر.س 48,134.72"
3659,snb,2024-01-03T08:42:00,Your OTP is 855245. Valid for 10 minutes. Do not share it with anyone
3660,snb,2024-05-27T06:11:00,Your OTP is 786154. Valid for 5 minutes. Do not share it with anyone
3661,الأهلي,2024-08-08T14:55:00,"تم  ايداع راتب بمبلغ 82,664.16 ر.س في الحساب ***998 بتاريخ 2024-08-08"
3662,snb,2024-08-21T14:09:00,"Bill payment ر.س 80,103.95 to jarir bookstore succeeded. Fee ر.س 32.41. Ref 831807461"
3663,snb,2024-08-09T09:10:00,"ATM  withdrawal SAR 44,665.88 from account ***601 on 09/08/2024. Available balance SAR 310,330.00"
3664,alrajhi,2024-05-27T17:38:00,"Bill payment ر.س 33,976.29 to carrefour hyper succeeded. Fee ر.س 41.76. Ref 158506722"
3665,riyad bank,2024-08-02T11:32:00,"تم  تحويل مبلغ 21,725.47 ر.س الى sara a. رقم المرجع 312718446 الرصيد 492,264.36"
3666,الراجحي,2024-10-17T14:02:00,"Dear customer, service المدفوعات الدولية was activated on account ***199. Call 9"
3667,riyad bank,2024-11-24T21:31:00,Your card xxxx4141 was declined at صيدلية النهدي due to insufficient funds
3668,snb,2024-07-25T17:01:00,"‏Salary of ر.س 10,861.33 credited to account ***911 on 2024-07-25‎"
3669,riyad bank,2024-08-06T10:41:00,Your card xxxx5631 was declined at jarir bookstore due to insufficient funds شكرا لك
3670,alrajhi,2024-08-08T15:06:00,"تم ايداع راتب بمبلغ 78,009.37 ر.س في الحساب ***745 بتاريخ 08/08/2024"
3671,alrajhi,2024-03-23T17:15:00,"سحب نقدي 29,126.29 USD من الحساب ***865 بتاريخ 2024-03-23 الرصيد "
3672,snb,2024-02-29T05:41:00,عزيزنا العميل تم تفعيل خدمة الحوالات الفورية على حسابك ***295 للاستفسار اتصل على 966523233953
3673,بنك الرياض,2024-06-20T05:46:00,"Salary  of SAR 73,784.70 credited to account ***857 on 2024-06-20"
3674,الأهلي,2024-06-12T02:49:00,Your card ****٨١٣٥ was declined at starbucks due to insufficient funds
3675,الأهلي,2024-03-09T13:14:00,"Bill  payment ر.س 35,980.28 to بنده succeeded. Fee ر.س 59.21. Ref 714447103"
3676,snb,2024-06-13T10:59:00,Your OTP is 250810. Valid for 10 minutes. Do not share it with anyone
3677,الراجحي,2024-09-23T00:44:00,رمز التحقق الخاص بك هو ٨٧٨١٣٦ صالح لمدة ٥ دقائق لا تشاركه مع احد
3678,riyad bank,2024-04-01T23:15:00,Your card ****1878 was declined at نون due to insufficient funds
3679,snb,2024-06-09T17:29:00,"تم تحويل مبلغ 18,143.74 AED الى acme trading llc رقم المرجع 278253768 الرصيد 475,174.81"
3680,بنك الرياض,2024-08-28T19:31:00,"Purchase of AED 57,423.46 at jarir bookstore on card ending ****9008 on 2024-08-28 19:31. Available balance AED 443,731.74"
3681,الراجحي,2024-11-18T18:30:00,"Bill payment USD 63,842.51 to amazon.sa succeeded. Fee USD 12.04. Ref 965336514"
3682,الراجحي,2024-06-05T20:22:00,"ATM withdrawal USD 21,230.49 from account ***555 on 2024-06-05. Available balance USD 298,181.33"
3683,riyad bank,2024-06-13T08:49:00,Your OTP is 524694. Valid for 15 minutes. Do not share it with anyone
3684,بنك الرياض,2024-07-13T08:01:00,"Bill payment AED 55,714.69 to هنقرستيشن succeeded. Fee AED 45.27. Ref 993718336"
3685,snb,2024-09-18T17:26:00,Your OTP is 571787. Valid for 5 minutes. Do not share it with anyone
3686,الأهلي,2024-09-12T01:40:00,عزيزنا العميل تم تفعيل خدمة sms alerts على حسابك ***742 للاستفسار اتصل على 966519693049
3687,snb,2024-02-15T19:43:00,"سحب  نقدي ٢٥,٧١٥.٦٨ USD من الحساب ***١٧٠ بتاريخ ٢٠٢٤-٠٢-١٥ الرصيد المتاح ٣٥٣,٨٨٣.٢٦"
3688,riyad bank,2024-04-03T02:24:00,"ATM withdrawal ر.س 3,983.53 from account ***579 on 03/04/2024. Available balance ر.س 178,527.54"
3689,riyad bank,2024-04-02T16:03:00,خصم  رسوم 89.43 ر.س على الحساب ***143 رقم العملية 187595624
3690,snb,2024-06-01T13:07:00,"‏عملية شراء بمبلغ 72,316.13 SAR لدى amazon.sa بالبطاقة ****4493 بتاريخ 01/06/2024 الرصيد المتاح 271,353.91‎"
3691,snb,2024-09-20T20:52:00,عزيزنا العميل تم تفعيل خدمة sms alerts على حسابك ***573 للاستفسار اتصل على 966551202090 شكرا لك
3692,alrajhi,2024-02-12T11:09:00,"Transfer of AED ٨٨,١٢٩.٣٧ to mohammed ali completed. Ref ٨٦٦٢٤٤٤٨٣. Balance AED ١٤٦,٢٠٠.٨٦"
3693,alrajhi,2024-08-05T01:35:00,Your OTP is 547826. Valid for 15 minutes. Do not share it with anyone
3694,بنك الرياض,2024-10-24T21:31:00,خصم رسوم 15.32 USD على الحساب ***141 رقم العمل
3695,alrajhi,2024-01-18T21:44:00,Your OTP is 443899. Valid for 15 minutes. Do not share it with anyone
3696,alrajhi,2024-09-29T03:53:00,Your OTP is ٤٨٦٤٦١. Valid for ١٥ minutes. Do not share it with anyone -riyad bank
3697,snb,2024-07-14T17:56:00,"Purchase of SAR ٨٠,١١٤.٤٨ at بنده on card ending xxxx٧٠٥٧ on ١٤/٠٧/٢٠٢٤ ١٧:٥٦. Available balance SAR ١٣٠,٢٦٨.٠٦"
3698,الأهلي,2024-02-14T21:48:00,Your card xxxx2747 was declined at amazon.sa due to insufficient funds
3699,الأهلي,2024-10-06T11:23:00,خصم  رسوم 53.98 ر.س على الحساب ***196 رقم العملية 250671190
3700,snb,2024-07-25T09:11:00,"ATM withdrawal SAR 39,575.57 from account ***659 on 25/07/2024. Available ba"
3701,alrajhi,2024-12-09T10:14:00,"Bill payment SAR 1,827.95 to بنده succeeded. Fee SAR 86.53. Ref 165871580"
3702,الأهلي,2024-07-23T22:47:00,"Transfer of ر.س 8,433.01 to نورة الشمري completed. Ref 440673248. Balance ر.س 48,049.94 -riyad bank"
3703,الأهلي,2024-09-21T00:28:00,"Dear customer, service الحوالات الفورية was activated on account ***438. Call 966591115869 for help"
3704,alrajhi,2024-10-07T01:07:00,"Purchase of USD 41,277.13 at jarir bookstore on card ending xxxx3070 on 07/10/2024 01:07. Available balance USD 407,745.27"
3705,alrajhi,2024-03-12T15:59:00,Your card xxxx2828 was declined at amazon.sa due to insufficient funds -الراجحي
3706,alrajhi,2024-10-02T15:24:00,"Salary of USD 10,381.28 credited to account ***282 on 2024-10-02"
3707,alrajhi,2024-01-09T20:52:00,"Transfer of ر.س 21,796.81 to خالد العتيبي completed. Ref 233965618. Balance ر.س 284,749.22"
3708,alrajhi,2024-12-05T03:41:00,"عملية شراء بمبلغ 51,563.00 ر.س لدى jarir bookstore بالبطاقة xxxx4528 بتاريخ 2024-12-05 الرصيد المتاح 121,820.40"
3709,alrajhi,2024-02-24T04:32:00,خصم رسوم 56.83 ر.س على الحساب ***593 رقم العملية 901751602
3710,snb,2024-05-06T19:40:00,"‏عملية شراء بمبلغ 67,483.24 SAR لدى starbucks بالبطاقة xxxx1576 بتاريخ 2024-05-06 الرصيد المتاح 16,286.05‎"
3711,بنك الرياض,2024-04-10T03:25:00,"تم ايداع راتب بمبلغ 42,153.10 ر.س في الحساب ***506 بتاريخ 10/04/2024"
3712,riyad bank,2024-06-24T07:50:00,"سحب نقدي 33,414.14 AED من الحساب ***576 بتاريخ 2024-06-24 الرصيد المتاح 443,052.20"
3713,riyad bank,2024-07-20T00:56:00,"Purchase of AED ٣,١٦٦.٩٤ at هنقرستيشن on card ending xxxx٦٩٦٩ on ٢٠/٠٧/٢٠٢٤ ٠٠:٥٦. Available balance AED ٣٤٧,٧٥٥.٦٩"
3714,بنك الرياض,2024-10-22T00:15:00,"ATM withdrawal AED 38,271.36 from account ***528 on 22/10/2024. Available balance AED 380,001.48 شكرا لك"
3715,riyad bank,2024-02-17T12:16:00,"Bill payment USD 45,545.19 to صيدلية النهدي succeeded. Fee USD 50.96. Ref 262199653 شكرا لك"
3716,riyad bank,2024-04-15T22:59:00,"ATM  withdrawal ر.س 80,169.21 from account ***981 on 2024-04-15. Available balance ر.س 271,196.56"
3717,الأهلي,2024-01-07T05:24:00,"تم تحويل مبلغ 58,571.11 USD الى acme trading llc رقم المرجع 676056763 الرصيد 299,527.42"
3718,الراجحي,2024-07-09T01:34:00,"عملية شراء بمبلغ 81,466.74 SAR لدى نون بالبطاقة ****5531 بتاريخ 09/07/2024 الرصيد المتاح 316,355.74"
3719,الراجحي,2024-05-17T20:20:00,"Dear customer, service المدفوعات الدولية was activated on account ***٢٨٥. Call ٩٦٦٥١٠٦٤٦٨٨١ for help"
3720,alrajhi,2024-08-27T03:43:00,خصم  رسوم 23.25 AED على الحساب ***445 رقم العملية 557971352 thank you
3721,riyad bank,2024-08-03T01:32:00,عزيزنا العميل تم تفعيل خدمة المدفوعات الدولية على حسابك ***152 للاستفسار اتصل على 966537707547
3722,الأهلي,2024-01-07T09:18:00,Your card ****4974 was declined at jarir bookstore due to insufficient funds
3723,snb,2024-08-14T19:40:00,"Transfer of AED 40,190.45 to mohammed ali completed. Ref 150646372. Balance AED 460,697.68"
3724,بنك الرياض,2024-08-27T05:50:00,"Bill payment AED 30,522.70 to starbucks succeeded. Fee AED 97.99. Ref 436615802"
3725,الراجحي,2024-09-11T09:55:00,"Purchase of ر.س ٦٧,٥٠٤.١٣ at هنقرستيشن on card ending xxxx٤٥٩٧ on ٢٠٢٤-٠٩-١١ ٠٩:٥٥. Available balance ر.س ١٩٤,٤٦٢.٣٨"
3726,الأهلي,2024-09-15T07:07:00,"Transfer of ر.س 33,080.50 to نورة الشمري completed. Ref 648986553. Balance ر.س 318,259.91 شكرا لك"
3727,riyad bank,2024-08-03T12:16:00,"عملية شراء بمبلغ 34,060.33 USD لدى amazon.sa بالبطاقة ****4661 بتاريخ 03/08/2024 الرصيد المتاح 113,707.09"
3728,بنك الرياض,2024-08-18T23:51:00,"ATM withdrawal AED 7,060.49 from account ***288 on 2024-08-18. Available balance AED 156,943.82"
3729,riyad bank,2024-05-29T09:44:00,"Bill payment AED 27,113.28 to amazon.sa succeeded. Fee AED 66.20. Ref 662133914 -بنك الرياض"
3730,الأهلي,2024-01-27T06:42:00,"Dear customer, service sms alerts was activated on account ***191. Call 966538914645 for help"
3731,riyad bank,2024-04-12T11:08:00,"Purchase of AED 42,577.35 at carrefour hyper on card ending ****3328 on 2024-04-12 11:08. Availa"
3732,snb,2024-02-07T08:44:00,"Dear customer, service الحوالات الفورية was activated on account ***701. Call 966560601826 for help thank you"
3733,بنك الرياض,2024-07-05T15:13:00,خصم رسوم 81.52 SAR على الحساب ***296 رقم العملية 956463526
3734,snb,2024-07-28T08:42:00,"تم تحويل مبلغ 30,293.85 USD الى acme trading llc رقم المرجع 443159427 الرصيد 96,420.23"
3735,الأهلي,2024-10-15T11:20:00,خصم رسوم 46.73 USD على الحساب ***580 رقم العملية 237301500
3736,بنك الرياض,2024-03-31T13:15:00,"تم تحويل مبلغ 37,313.29 AED الى mohammed ali رقم المرجع 574037555 الرصيد 431,389.49"
3737,الراجحي,2024-08-28T02:40:00,خصم رسوم 8.69 ر.س على الحساب ***704 رقم العملية 719338036
3738,الراجحي,2024-09-04T08:03:00,"Purchase  of USD 84,222.35 at هنقرستيشن on card ending ****9214 on 04/09/2024 08:03. Available balance USD 115,496.08"
3739,الراجحي,2024-09-11T23:34:00,"تم تحويل مبلغ ١١,٦٥١.٢٣ ر.س الى sara a. رقم المرجع ٣٨٦٧٠٠٢٨٠ الرصيد ٣٠٩,٣٦٠.٠٧"
3740,الأهلي,2024-06-17T23:40:00,عزيزنا العميل تم تفعيل خدمة الحوالات الفورية على حسابك ***857 للاستفسار اتصل على 966510355622
3741,الراجحي,2024-05-16T07:46:00,‏خصم رسوم 61.37 USD على الحساب ***589 رقم العملية 373623995‎
3742,الأهلي,2024-04-16T14:30:00,Your card ****9209 was declined at بنده due to insufficient funds
3743,riyad bank,2024-01-19T16:45:00,عزيزنا  العميل تم تفعيل خدمة apple pay على حسابك ***739 للاستفسار اتصل على 966563149344
3744,بنك الرياض,2024-09-13T17:57:00,خصم رسوم 76.24 AED على الحساب ***337 رقم العملية 431665111
3745,الراجحي,2024-05-04T04:44:00,"تم تحويل مبلغ 82,680.66 USD الى acme trading llc رقم المرجع 411020044 الرصيد 274,816.02"
3746,snb,2024-10-14T05:41:00,"Purchase of ر.س 52,654.00 at بنده on card ending xxxx6198 on 2024-10-14 05:41. Available balance ر.س 210,406.99"
3747,alrajhi,2024-11-23T09:32:00,"تم ايداع راتب بمبلغ 84,746.59 SAR في الحساب ***194 بتاريخ 23/11/2024"
3748,snb,2024-03-04T11:11:00,"تم ايداع راتب بمبلغ 13,593.24 USD في الحساب ***675 بتاريخ 04/03/2024"
3749,الأهلي,2024-03-22T05:57:00,"‏Transfer of USD ٨٦,٧٢٣.٦٧ to mohammed ali completed. Ref ١٨٤٤٤٢٤٤١. Balance USD ٨٨,٢٤١.٨١‎"
3750,snb,2024-10-08T06:45:00,"Salary of SAR 55,577.53 credited to account ***449 on 08/10/2024"
3751,بنك الرياض,2024-01-18T14:45:00,"Bill payment AED 1,830.30 to بنده succeeded. Fee AED 79.75. Ref 697705805"
3752,الأهلي,2024-02-18T11:36:00,"Transfer of AED 73,175.47 to Ù†ÙˆØ±Ø© Ø§Ù„Ø´Ù…Ø±ÙŠ completed. Ref 559656304. Balance AED 385,657.79"
3753,الراجحي,2024-01-31T13:02:00,"سحب نقدي 40,557.74 USD من الحساب ***424 بتاريخ 2024-01-31 الرصيد المتاح 480,422.56"
3754,الراجحي,2024-07-28T10:42:00,‏عزيزنا  العميل تم تفعيل خدمة sms alerts على حسابك ***٥٣٦ للاستفسار اتصل على ٩٦٦٥٢٨٠٧٦٩٥١‎
3755,بنك الرياض,2024-08-09T05:34:00,"ATM withdrawal Ø±.Ø³ 73,067.89 from account ***215 on 2024-08-09. Available balance ر.س 200,564.04"
3756,alrajhi,2024-05-10T16:24:00,"عملية شراء بمبلغ 55,407.22 AED لدى بنده بالبطاقة xxxx9308 بتاريخ 10/05/2024 الرصيد المتاح 473,106.34"
3757,الأهلي,2024-02-21T22:00:00,Your card xxxx5175 was declined at jarir bookstore due to insufficient funds
3758,riyad bank,2024-05-14T07:36:00,"Bill payment ر.س 80,353.25 to بنده succeeded. Fee ر.س 75.80"
3759,الأهلي,2024-11-11T15:41:00,خصم رسوم 60.60 AED على الحساب ***250 رقم العملية 605304093
3760,بنك الرياض,2024-03-21T14:48:00,"تم ايداع راتب بمبلغ 78,707.68 SAR في الحساب ***215 بتاريخ 21/03/2024"
3761,snb,2024-04-26T01:29:00,Your OTP is 269936. Valid for 15 minutes. Do not share it with anyone
3762,alrajhi,2024-05-12T00:24:00,"Dear customer, service المدفوعات الدولية was activated on account ***802. Call 966558988961 for help"
3763,الراجحي,2024-04-04T03:24:00,"ATM withdrawal AED ٢٣,٣٧٢.٠٤ from account ***٢٩٣ on ٢٠٢٤-٠٤-٠٤. Available balance AED ٣٨٢,٨٣١.٢١ thank you"
3764,الراجحي,2024-04-12T14:03:00,"تم Ø§ÙŠØ¯Ø§Ø¹ Ø±Ø§ØªØ¨ Ø¨Ù…Ø¨Ù„Øº 75,733.27 USD Ùي الحساب ***886 بتاريخ 2024-04-12"
3765,riyad bank,2024-06-29T08:13:00,"تم ايداع راتب بمبلغ 17,643.96 USD في الحساب ***731 بتاريخ 29/06/2024"
3766,الأهلي,2024-02-28T23:20:00,"ATM withdrawal ر.س 86,254.42 from account ***357 on 28/02/2024. Available balance ر.س 180,035.81"
3767,الأهلي,2024-08-30T11:19:00,عزيزنا العميل تم تفعيل خدمة المدفوعات الدولية على حسابك ***358 للاستفسار اتصل على 966521277614
3768,الراجحي,2024-05-15T18:15:00,"Transfer of USD 1,261.82 to نورة الشمري completed. Ref 830022194. Balance USD 38,095.31"
3769,alrajhi,2024-12-08T09:52:00,رمز Ø§Ù„ØªØ­Ù‚Ù‚ Ø§Ù„Ø®Ø§Øµ Ø¨Ùƒ Ù‡Ùˆ 235767 ØµØ§Ù„Ø­ لمدة 10 دقائق
3770,alrajhi,2024-06-30T05:47:00,"سحب Ù†Ù‚Ø¯ÙŠ 11,000.60 USD Ù…Ù† Ø§Ù„Ø­Ø³Ø§Ø¨ ***368 Ø¨ØªØ§ريخ 2024-06-30 الرصيد المتاح 377,222.28"
3771,riyad bank,2024-04-28T03:22:00,"Bill payment AED 12,331.21 to نون succeeded. Fee AED 76.87. Ref 413739301"
3772,riyad bank,2024-05-22T02:56:00,رمز التحقق الخاص بك هو 104312 صالح لمدة 10 دقائق لا تشاركه مع احد
3773,الأهلي,2024-02-23T05:06:00,"Dear  customer, service sms alerts was activated on account ***259. Call 966551867265 for help"
3774,snb,2024-03-10T19:03:00,Your OTP is 591624. Valid for 10 minutes. Do not share it with anyone
3775,riyad bank,2024-02-17T16:09:00,"عملية شراء بمبلغ 10,801.65 AED لدى carrefour hyper بالبطاقة xxxx8133 بتاريخ 2024-02-17 الرصيد المتاح 330,660.96"
3776,الأهلي,2024-02-28T22:33:00,Your OTP is 701859. Valid for 15 minutes. Do not share it with anyone
3777,snb,2024-01-29T04:44:00,"‏Purchase of USD 88,182.02 at هنقرستيشن on card ending xxxx4316 on 2024-01-29 04:44. Available balance USD 396,160.22‎"
3778,riyad bank,2024-08-08T11:54:00,"Transfer of ر.س 64,715.32 to acme trading llc completed. Ref 758677472. Balance ر.س 199,854.66"
3779,الأهلي,2024-09-03T20:55:00,‏Your OTP is 608297. Valid for 10 minutes. Do not share it with anyone‎
3780,الأهلي,2024-08-22T23:13:00,Your card ****9237 was declined at amazon.sa due to insufficient funds
3781,riyad bank,2024-07-24T20:03:00,"تم تحويل مبلغ 77,181.93 AED الى sara a. رقم المرجع 733221437 الرصيد 224,879.86"
3782,snb,2024-01-06T00:46:00,"تم  ايداع راتب بمبلغ 2,466.88 SAR في الحساب ***266 بتاريخ 06/01/2024"
3783,الأهلي,2024-07-23T20:58:00,"Purchase of USD 11,806.57 at jarir bookstore on card ending ****2626 on 23/07/2024 20:58. Availab"
3784,بنك الرياض,2024-12-03T20:40:00,"ATM withdrawal SAR 83,796.57 from account ***572 on 2024-12-03. Available balance SAR 122,439.95"
3785,الراجحي,2024-11-09T20:46:00,رمز التحقق الخاص بك هو 567442 صالح لمدة 10 دقائق لا تشاركه مع احد
3786,الأهلي,2024-10-10T15:55:00,Your card xxxx2442 was declined at بنده due to insufficient funds
3787,snb,2024-03-22T09:34:00,‏خصم رسوم 14.78 ر.س على الحساب ***964 رقم العملية 205889996‎
3788,snb,2024-06-23T10:48:00,"Salary of AED 32,194.66 credited to account ***540 on 2024-06-23"
3789,riyad bank,2024-05-09T11:57:00,"سحب نقدي 67,739.28 SAR من الحساب ***409 بتاريخ 2024-05-09 الرصيد المتاح 105,293.04 شكرا لك"
3790,snb,2024-10-14T13:06:00,"تم ايداع راتب بمبلغ 47,083.08 AED في الحساب ***634 بتاريخ 14/10/2024 -snb"
3791,snb,2024-10-29T08:45:00,"Salary of Ø±.Ø³ 16,342.50 credited to account ***530 on 29/10/2024"
3792,الراجحي,2024-07-09T22:43:00,رمز التحقق الخاص بك هو 63425 صالح لمدة 15 دقائق لا تشاركه مع احد
3793,الراجحي,2024-01-27T04:33:00,"Bill payment AED 21,877.69 to نون succeeded. Fee AED 39.61. Ref 264527793"
3794,alrajhi,2024-06-19T17:56:00,"‏Bill payment SAR 37,703.22 to carrefour hyper succeeded. Fee SAR 13.47. Ref 517267085‎"
3795,snb,2024-07-18T10:45:00,خصم رسوم 54.50 SAR على الحساب ***726 رقم العملية 627055969
3796,alrajhi,2024-04-08T14:21:00,"Purchase  of AED 23,402.53 at صيدلية النهدي on card ending xxxx5798 on 08/04/2024 14:21. Available balance AED 420,333.25"
3797,snb,2024-04-19T13:09:00,‏Your  card xxxx5781 was declined at بنده due to insufficient funds‎
3798,بنك الرياض,2024-11-04T01:23:00,"Dear  customer, service الحوالات الفورية was activated on account ***398. Call 966560378699 for help thank you"
3799,الراجحي,2024-07-27T07:26:00,"عملية  شراء بمبلغ 86,708.99 AED لدى هنقرستيشن بالبطاقة xxxx3649 بتاريخ 2024-07-27 الرصيد المتاح 444,578.81"
3800,الأهلي,2024-10-17T20:54:00,"Salary of AED 79,800.24 credited to account ***967 on 2024-10-17"
3801,الراجحي,2024-02-12T18:42:00,"Dear customer, service sms alerts was activated on account ***354. Call 966561684283 for help"
3802,snb,2024-05-18T13:57:00,"‏Dear customer, service المدفوعات الدولية was activated on account ***952. Call 966583776180 for help‎"
3803,alrajhi,2024-03-16T22:56:00,Your OTP is ٧٨٧٢٢٦. Valid for ٥ minutes. Do not share it with anyone
3804,الأهلي,2024-08-22T08:42:00,"Salary of AED ٥٣,٤١٢.٥٩ credited to account ***٤٩٦ on ٢٢/٠٨/٢٠٢٤"
3805,الراجحي,2024-09-25T04:25:00,"Transfer of SAR 21,014.17 to mohammed ali completed. Ref 839395137. Balance SAR 272,446.28"
3806,snb,2024-06-17T15:04:00,خصم Ø±Ø³ÙˆÙ… 42.17 SAR Ø¹Ù„Ù‰ Ø§Ù„Ø­Ø³Ø§Ø¨ ***861 رقم ال
3807,riyad bank,2024-08-18T12:59:00,رمز التحقق الخاص بك هو 144613 صالح لمدة 15 دقائق لا تشاركه مع احد
3808,riyad bank,2024-12-06T03:42:00,"Purchase of USD 28,936.62 at starbucks on card ending ****4806 on 06/12/2024 03:42. Available balance USD 428,111.02"
3809,الأهلي,2024-02-25T00:58:00,Your card xxxx6524 was declined at carrefour hyper due to insufficient funds
3810,riyad bank,2024-06-29T07:36:00,"Dear customer, service المدفوعات الدولية was activated on account ***945. Call 966517509169 for help"
3811,riyad bank,2024-10-03T23:02:00,رمز التحقق الخاص بك هو 412245 صالح لمدة 10 دقائق لا تشاركه مع احد
3812,riyad bank,2024-06-18T12:17:00,"Dear customer, service sms alerts was activated on account ***783. Call 966573398786 for help"
3813,riyad bank,2024-10-17T08:40:00,عزيزنا  العميل تم تفعيل خدمة الحوالات الفورية على حسابك ***504 للاستفسار اتصل على 966558649205
3814,الأهلي,2024-06-03T19:20:00,"تم تحويل مبلغ 44,250.38 SAR الى sara a. رقم المرجع 856709546 الرصيد 483,703.32 thank you"
3815,بنك الرياض,2024-08-13T15:10:00,عزيزنا العميل تم تفعيل خدمة الحوالات الفورية على حسابك ***353 للاستفسار اتصل على 966563406129
3816,snb,2024-10-18T06:55:00,"Bill payment AED 67,344.20 to jarir bookstore succeeded. Fee AED 83.99. Ref 624859007"
3817,snb,2024-02-26T17:24:00,"تم ايداع راتب بمبلغ 62,637.07 USD في الحساب ***413 بتاريخ 2024-02-26"
3818,snb,2024-03-16T05:15:00,"Transfer  of SAR 68,652.67 to mohammed ali completed. Ref 232594450. Balance SAR 108,160.75"
3819,snb,2024-09-07T11:59:00,"Purchase  of SAR 13,090.85 at amazon.sa on card ending xxxx6853 on 07/09/2024 11:59. Available balance SAR 142,879.63"
3820,alrajhi,2024-01-27T08:14:00,عزيزنا العميل تم تفعيل خدمة sms alerts على حسابك ***209 للاستفسار اتصل على 966532955172
3821,snb,2024-08-26T00:06:00,"Bill payment ر.س 56,845.10 to هنقرستيشن succeeded. Fee ر.س 8.36. Ref 606496617"
3822,alrajhi,2024-03-22T22:15:00,"تم ايداع راتب بمبلغ 79,602.28 SAR في الحساب ***312 بتاريخ 22/03/2024"
3823,الراجحي,2024-07-01T08:30:00,"تم  ايداع راتب بمبلغ 53,237.88 SAR في الحساب ***687 بتاريخ 01/07/2024"
3824,الراجحي,2024-08-10T02:27:00,‏رمز التحقق الخاص بك هو 363796 صالح لمدة 10 دقائق لا تشاركه مع احد‎
3825,alrajhi,2024-10-22T03:38:00,رمز  التحقق الخاص بك هو 809809 صالح لمدة 5 دقائق لا تشاركه مع احد
3826,الراجحي,2024-03-30T19:19:00,"عملية شراء بمبلغ 4,829.55 ر.س لدى صيدلية النهدي بالبطاقة xxxx2295 بتاريخ 30/03/2024 الرصيد المتاح 121,332.38"
3827,alrajhi,2024-03-18T06:11:00,"‏Transfer of USD 54,793.67 to sara a. completed. Ref 500383096. Balance USD 304,078.65‎"
3828,alrajhi,2024-08-05T13:53:00,خصم رسوم 89.69 AED على الحساب ***759 رقم العملية 607827673
3829,بنك الرياض,2024-08-11T17:43:00,"Dear  customer, service الحوالات الفورية was activated on account ***834. Call 966538896446 for help"
3830,الأهلي,2024-05-13T19:48:00,خصم رسوم 47.36 ر.س على الحساب ***824 رقم العملية 507771428
3831,الراجحي,2024-06-17T22:47:00,عزيزنا العميل تم تفعيل خدمة المدفوعات الدولية على حسابك ***983 للاستفسار اتصل على 966588670429
3832,الراجحي,2024-12-08T19:29:00,عزيزنا  العميل تم تفعيل خدمة المدفوعات الدولية على حسابك ***760 للاستفسار اتصل على 966549936608
3833,الراجحي,2024-05-01T02:53:00,"عملية شراء بمبلغ 19,769.16 USD لدى amazon.sa بالبطاقة xxxx9410 بتاريخ 2024-05-01 الرصيد المتاح 443,530.40"
3834,riyad bank,2024-11-30T09:40:00,"عملية شراء بمبلغ 66,868.92 USD لدى نون بالبطاقة xxxx5406 بتاريخ 30/11/2024 الرصيد المتاح 36,613.01"
3835,الراجحي,2024-06-28T11:31:00,‏عزيزنا Ø§Ù„Ø¹Ù…ÙŠÙ„ ØªÙ… ØªÙØ¹ÙŠÙ„ Ø®Ø¯Ù…Ø© apple pay Ø¹Ù„Ù‰ Ø­Ø³Ø§Ø¨ك ***400 للاستفسار اتصل على 966551043575‎
3836,الراجحي,2024-05-27T15:10:00,"Bill payment SAR 11,232.12 to carrefour hyper succeeded. Fee SAR 86.96. Ref 148299045"
3837,الراجحي,2024-11-30T10:36:00,"‏تم تحويل مبلغ 3,918.04 SAR الى نورة الشمري رقم المرجع 315328697 الرصيد 186,518.83‎ -alrajhi"
3838,الأهلي,2024-02-19T11:35:00,"تم تحويل مبلغ 24,857.80 AED الى خالد العتيبي رقم المرجع 792698192 الرصيد 11,909.39"
3839,الأهلي,2024-01-26T16:03:00,"عملية  Ø´Ø±Ø§Ø¡ Ø¨Ù…Ø¨Ù„Øº 45,834.16 SAR Ù„Ø¯Ù‰ Ù†ÙˆÙ† Ø¨Ø§Ù„Ø¨Ø·Ø§Ù‚Ø© ****4151 بتاريخ 2024-01-26 الرصيد المتاح 153,764.84"
3840,الراجحي,2024-07-24T19:52:00,خصم رسوم 27.89 AED على الحساب ***132 رقم العملية 345652959
3841,alrajhi,2024-12-04T03:23:00,"تم تحويل مبلغ 39,039.18 USD الى acme trading llc رقم المرجع 687945232 الرصيد 18,634.18"
3842,الأهلي,2024-11-13T02:35:00,‏خصم رسوم 2.07 AED على الحساب ***762 رقم العملية 239321651‎
3843,الراجحي,2024-03-30T12:30:00,"Transfer of USD 54,891.60 to خالد العتيبي completed. Ref 470156720. Balance USD 369,271.19"
3844,alrajhi,2024-08-28T11:27:00,"تم ايداع راتب بمبلغ 46,703.68 USD في الحساب ***540 بتاريخ 2024-08-28"
3845,snb,2024-02-14T15:27:00,"تم ايداع راتب بمبلغ 38,639.67 USD في الحساب ***913 بتاريخ 14/02/2024"
3846,riyad bank,2024-05-14T09:38:00,تم ايداع راتب بمبلغ 724.13 ر.س في الحساب ***108 بتاريخ 14/05/2024
3847,alrajhi,2024-04-24T10:29:00,"‏Transfer of ر.س 70,823.53 to mohammed ali completed. Ref 176278454. Balance ر.س 97,067.47‎"
3848,alrajhi,2024-04-09T21:07:00,"‏عملية شراء بمبلغ 16,373.30 USD لدى jarir bookstore بالبطاقة ****7271 بتاريخ 09/04/2024 الرصيد المتاح 45,682.12‎"
3849,riyad bank,2024-06-05T19:13:00,"سحب  نقدي 37,912.19 ر.س من الحساب ***547 بتاريخ 2024-06-05 الرصيد المتاح 44,730.38"
3850,الأهلي,2024-10-01T17:44:00,"عملية شراء بمبلغ 41,566.89 SAR لدى carrefour hyper بالبطاقة xxxx4828 بتاريخ 2024-10-01 الرصيد المتاح 474,167.77"
3851,riyad bank,2024-06-01T18:54:00,"Bill payment USD 54,311.93 to starbucks succeeded. Fee USD 75.51. Ref 214897187"
3852,riyad bank,2024-06-05T04:23:00,"Bill payment ر.س 43,978.85 to jarir bookstore succeeded. Fee ر.س 15.44. Ref 957516149"
3853,snb,2024-04-20T11:15:00,"عملية  شراء بمبلغ 41,981.14 ر.س لدى نون بالبطاقة xxxx5394 بتاريخ 2024-04-20 الرصيد المتاح 424,430.69"
3854,الأهلي,2024-03-27T03:57:00,"Bill payment AED 38,840.25 to carrefour hyper succeeded. Fee AED 15.53. Ref 719151750"
3855,الأهلي,2024-11-05T04:31:00,"Transfer of SAR 87,881.83 to acme trading llc completed. Ref 879713270. Balance SAR 30,886.27"
3856,alrajhi,2024-07-30T01:19:00,"سحب  نقدي 84,813.98 AED من الحساب ***297 بتاريخ 30/07/2024 الرصيد"
3857,بنك الرياض,2024-10-28T23:21:00,خصم Ø±Ø³ÙˆÙ… 3.23 Ø±.Ø³ Ø¹Ù„Ù‰ Ø§Ù„Ø­Ø³Ø§Ø¨ ***544 رقم العملية 495096478
3858,alrajhi,2024-09-27T17:25:00,"عملية شراء بمبلغ 84,719.33 USD لدى carrefour hyper بالبطاقة xxxx9240 بتاريخ 2024-09-27 الرصيد المتاح 217,371.18"
3859,الراجحي,2024-01-28T22:34:00,"Salary of SAR 24,579.77 credited to account ***633 on 2024-01-28"
3860,snb,2024-10-26T13:42:00,"Purchase of USD 69,228.09 at jarir bookstore on card ending ****4901 on 26/10/2024 13:42. Available balance USD 94,395.44"
3861,بنك الرياض,2024-05-18T19:35:00,عزيزنا العميل تم تفعيل خدمة apple pay على حسابك ***974 للاستفسار اتصل على 966558787313
3862,بنك الرياض,2024-01-08T05:19:00,"Dear customer, service apple pay was activated on account ***476. Call 96"
3863,بنك الرياض,2024-10-21T11:08:00,خصم رسوم 20.22 AED على الحساب ***370 رقم العملية 337604170
3864,الراجحي,2024-04-27T07:17:00,Your OTP is 981940. Valid for 15 minutes. Do not share it with anyone
3865,بنك الرياض,2024-09-28T05:35:00,"Bill payment SAR ٥٠,٦٢٢.٧٩ to بنده succeeded. Fee SAR ٦١.٦٠. Ref ٩٦٢٤٨١٣٩٥"
3866,بنك الرياض,2024-06-21T22:08:00,"‏عملية شراء بمبلغ 41,023.56 AED لدى starbucks بالبطاقة ****9066 بتاريخ 21/06/2024 الرصيد المتاح 372,518.56‎"
3867,snb,2024-05-23T03:50:00,"Salary of ر.س 5,576.12 credited to account ***704 on 2024-05-23"
3868,الراجحي,2024-05-28T10:05:00,Your card xxxx2717 was declined at carrefour hyper due to insufficient funds
3869,riyad bank,2024-11-07T17:54:00,"سحب نقدي 5,927.55 USD من الحساب ***502 بتاريخ 07/11/2024 الرصيد المتاح 169,574.88"
3870,الراجحي,2024-03-03T07:46:00,Your card xxxx9011 was declined at amazon.sa due to insufficient funds
3871,riyad bank,2024-11-04T01:07:00,"تم ايداع راتب بمبلغ 15,603.34 AED في الحساب ***478 بتا"
3872,الأهلي,2024-02-05T01:08:00,"Transfer of AED ٨٦,١١٠.٩٦ to acme trading llc completed. Ref ٢٢٤٨٨٥١٦٩. Balance AED ٢٩٧,٤١٥.١١"
3873,الأهلي,2024-03-03T04:26:00,"Bill payment ر.س 44,102.66 to amazon.sa succeeded. Fee ر.س 65.74. Ref 606696764"
3874,snb,2024-10-04T16:54:00,"Dear customer, service المدفوعات الدولية was activated on account ***724. Call 966534775562 for help"
3875,alrajhi,2024-10-12T13:44:00,"Bill payment USD 66,525.99 to هنقرستيشن succeeded. Fee USD 45.22. Ref 254643060"
3876,alrajhi,2024-09-03T07:58:00,"تم تحويل مبلغ 18,875.19 SAR الى نورة الشمري رقم المرجع 456660757 الرصيد 78,182.84"
3877,snb,2024-10-21T21:08:00,عزيزنا العميل تم تفعيل خدمة الحوالات الفورية على حسابك ***813 للاستفسار اتصل على 966515877722
3878,الراجحي,2024-03-08T08:32:00,عزيزنا  العميل تم تفعيل خدمة apple pay على حسابك ***154 للاستفسار اتصل على 966541592660
3879,الأهلي,2024-08-15T00:09:00,"سحب نقدي 68,015.34 SAR من الحساب ***386 بتاريخ 15/08/2024 الرصيد المتاح 115,947.66"
3880,الأهلي,2024-09-13T12:12:00,"Transfer of AED 80,811.52 to نورة الشمري completed. Ref 931670713. Balance AED 330,602.40"
3881,الراجحي,2024-02-08T00:11:00,"عملية شراء بمبلغ 45,355.79 ر.س لدى carrefour hyper بالبطاقة ****9916 بتاريخ 08/02/2024 الرصيد المتاح 412,694.25"
3882,الراجحي,2024-09-03T03:28:00,خصم رسوم 48.97 SAR على الحساب ***344 رقم العملية 666174002
3883,alrajhi,2024-05-03T00:31:00,"Bill payment ر.س 51,384.80 to starbucks succeeded. Fee ر.س 72.39. Ref 332431327"
3884,الراجحي,2024-05-17T01:22:00,"Transfer of USD 30,331.34 to acme trading llc completed. Ref 262254980. Balance USD 477,173.21"
3885,alrajhi,2024-05-18T12:55:00,رمز التحقق الخاص بك هو 36082 صالح لمدة 15 دقائق لا تشاركه مع احد
3886,snb,2024-01-19T05:43:00,"Bill payment AED 84,153.44 to carrefour hyper succeeded. Fee AED 35.57. Ref 495230044"
3887,بنك الرياض,2024-01-25T14:38:00,"تم ايداع راتب بمبلغ 67,646.50 ر.س في الحساب ***192 بتاريخ 25/01/2024"
3888,alrajhi,2024-07-25T19:46:00,"‏Bill payment USD 5,358.24 to carrefour hyper succeeded. Fee USD 18.85. Ref 198979338‎"
3889,الأهلي,2024-04-01T11:51:00,"Purchase of USD 42,240.93 at صيدلية النهدي on card ending xxxx3839 on 01/04/2024 11:51. Available balance USD 309,187.25"
3890,riyad bank,2024-10-28T07:02:00,"Salary of USD 5,459.58 credited to account ***303 on 2024-10-28"
3891,alrajhi,2024-02-13T22:28:00,خصم رسوم 16.08 ر.س على الحساب ***202 رقم العملية 874422187
3892,بنك الرياض,2024-01-17T10:37:00,"Salary of ر.س 16,517.68 credited to account ***941 on 17/01/2024"
3893,الراجحي,2024-05-07T20:15:00,"‏Salary  of SAR 23,432.29 credited to account ***931 on 07/05/2024‎"
3894,alrajhi,2024-09-07T04:41:00,"عملية شراء بمبلغ 49,899.39 ر.س لدى نون بالبطاقة ****1868 بتاريخ 2024-09-07 الرصيد المتاح 349,443.56"
3895,alrajhi,2024-08-14T23:50:00,"‏سحب  نقدي 3,552.95 AED من الحساب ***551 بتاريخ 2024-08-14 الرصيد ا"
3896,بنك الرياض,2024-02-14T13:11:00,"تم تحويل مبلغ 38,594.69 AED الى sara a. رقم المرجع 784582441 الرصيد 453,163.14"
3897,snb,2024-03-26T22:48:00,"Transfer of AED 17,653.37 to نورة الشمري completed. Ref 288915263. Balance AED 364,633.68"
3898,الأهلي,2024-01-31T14:21:00,خصم Ø±Ø³ÙˆÙ… 94.01 AED Ø¹Ù„Ù‰ Ø§Ù„Ø­Ø³Ø§Ø¨ ***990 رقم العملية 228564509
3899,الأهلي,2024-09-24T17:06:00,"Bill payment SAR 78,485.65 to هنقرستيشن succeeded. Fee SAR 10.49. Ref 129606507"
3900,بنك الرياض,2024-01-22T01:02:00,عزيزنا العميل تم تفعيل خدمة apple pay على حسابك ***230 للاستفسار اتصل على 966559134431
3901,بنك الرياض,2024-11-20T22:03:00,"Salary of ر.س ٨٤,٣٢٢.٩٣ credited to account ***٢٣١ on ٢٠/١١/٢٠٢٤ -alrajhi"
3902,الأهلي,2024-09-06T18:04:00,"Dear customer, service الحوالات الفورية was activated on account ***٩١٥. Call ٩٦٦٥٤٣٧٣٩٤٥٩ for help"
3903,الراجحي,2024-06-14T21:10:00,"Dear customer, service apple pay was activated on account ***661. Call 966584678620 for help"
3904,snb,2024-08-22T11:56:00,"تم ايداع راتب بمبلغ 37,235.82 SAR في الحساب ***947 بتاريخ 22/08/2024"
3905,الأهلي,2024-02-29T22:12:00,"ATM withdrawal Ø±.Ø³ 28,767.82 from account ***364 on 2024-02-29. Available balance ر.س 332,630.67"
3906,الأهلي,2024-05-04T14:07:00,"Salary of USD 28,512.77 credited to account ***262 on 2024-05-04"
3907,riyad bank,2024-04-27T17:54:00,"Salary of USD 45,555.28 credited to account ***108 on 2024-04-27"
3908,الأهلي,2024-03-03T22:31:00,"ATM withdrawal AED 51,368.05 from account ***831 on 2024-03-03. Available balance AED 342,423.73"
3909,alrajhi,2024-07-23T18:11:00,"سحب نقدي 37,289.49 SAR من الحساب ***337 بتاريخ 23/07/2024 الرصيد "
3910,snb,2024-07-04T15:10:00,‏Your OTP is 549807. Valid for 10 minutes. Do not share 
3911,الأهلي,2024-06-07T01:53:00,Your card xxxx5127 was declined at نون due to insufficient funds
3912,بنك الرياض,2024-05-19T11:45:00,رمز Ø§Ù„ØªØ­Ù‚Ù‚ Ø§Ù„Ø®Ø§Øµ Ø¨Ùƒ Ù‡Ùˆ 203942 ØµØ§Ù„Ø­ لمدة 10 دقائق لا تشاركه مع احد
3913,snb,2024-12-07T19:53:00,رمز التحقق الخاص بك هو 898682 صالح لمدة 15 دقائق لا تشاركه مع احد
3914,snb,2024-06-30T00:02:00,"Dear customer, service sms alerts was activated on account ***665. Call 966561526678 for help"
3915,riyad bank,2024-02-12T19:16:00,"Salary of SAR 8,371.27 credited to account ***698 on 2024-02-12"
3916,riyad bank,2024-07-02T02:35:00,"تم ايداع راتب بمبلغ 69,989.48 ر.س في الحساب ***946 بتاريخ 2024-07-02"
3917,الأهلي,2024-08-08T17:48:00,"ATM withdrawal SAR 21,133.17 from account ***919 on 08/08/2024. Available balance SAR 368,646.91"
3918,alrajhi,2024-09-19T13:54:00,"تم تحويل مبلغ 50,442.22 ر.س الى خالد العتيبي رقم المرجع 669615143 الرصيد 116,129.10"
3919,الأهلي,2024-05-22T12:35:00,"عملية شراء بمبلغ 10,350.13 ر.س لدى هنقرستيشن بالبطاقة ****9252 بتاريخ 22/05/2024 الرصيد المتاح 447,320.65"
3920,الراجحي,2024-10-12T11:29:00,Your OTP is 789812. Valid for 10 minutes. Do not share it with anyone
3921,بنك الرياض,2024-12-13T03:51:00,خصم  رسوم 71.63 ر.س على الحساب ***706 رقم العملية 966755609
3922,الراجحي,2024-03-12T11:23:00,"‏Bill  payment AED 68,789.51 to carrefour hyper succeeded. Fee AED 9.23. Ref 215860729‎"
3923,alrajhi,2024-08-02T04:13:00,"تم تحويل مبلغ 22,621.20 SAR الى نورة الشمري رقم المرجع 175202360 الرصيد 77,158.15"
3924,riyad bank,2024-01-05T00:51:00,عزيزنا العميل تم تفعيل خدمة الحوالات الفورية على حسابك ***437 للاستفسار اتصل على 966560955381
3925,الأهلي,2024-11-17T18:37:00,"Purchase of AED 16,573.60 at jarir bookstore on card ending ****3934 on 17/11/2024 18:37. Available balance AED 458,524.82"
3926,alrajhi,2024-01-28T10:37:00,Your card ****9822 was declined at carrefour hyper due to insufficient funds شكرا لك
3927,الراجحي,2024-06-22T04:36:00,"Salary of Ø±.Ø³ 59,826.88 credited to account ***789 on 22/06/2024"
3928,snb,2024-04-18T03:02:00,"ATM withdrawal AED 20,901.88 from account ***518 on 2024-04-18. Available balance AED 498,047.36"
3929,بنك الرياض,2024-10-01T07:36:00,"عملية Ø´Ø±Ø§Ø¡ Ø¨Ù…Ø¨Ù„Øº 60,336.25 USD Ù„Ø¯Ù‰ amazon.sa Ø¨Ø§Ù„Ø¨Ø·Ø§Ù‚Ø© ****1191 بتاريخ 2024-10-01 الرصيد المتاح 425,626.17"
3930,alrajhi,2024-11-17T04:21:00,Your  card xxxx3292 was declined at نون due to insufficient funds
3931,snb,2024-02-11T02:14:00,"تم ايداع راتب بمبلغ ٢,٨٥٢.٠٢ USD في الحساب ***٥٥٤ بتاريخ ٢٠٢٤-٠٢-١١ شكرا لك"
3932,بنك الرياض,2024-10-05T23:41:00,خصم  رسوم 57.92 SAR على الحساب ***976 رقم العملية 554125318
3933,الأهلي,2024-02-10T19:20:00,"Transfer of ر.س 46,194.72 to sara a. completed. Ref 437536625. Balance ر.س 465,119.91"
3934,الراجحي,2024-07-31T03:12:00,Your card ****٣٩٠٠ was declined at carrefour hyper due to insufficient funds شكرا لك
3935,الراجحي,2024-06-16T09:35:00,"Bill payment USD 80,840.79 to amazon.sa succeeded. Fee USD 76.92. Ref 742026483"
3936,الأهلي,2024-12-05T05:08:00,"Transfer of ر.س 6,114.90 to خالد العتيبي completed. Ref 695380630. Balance ر.س 119,783.88"
3937,snb,2024-08-17T04:41:00,"سحب نقدي ٧,٥١٦.٧٤ USD من الحساب ***١٢٢ بتاريخ ٢٠٢٤-٠٨-١٧ الرصيد المتاح ١٤,٧٦٤.٩١ -snb"
3938,riyad bank,2024-09-20T07:39:00,"Dear customer, service المدفوعات الدولية was activated on account ***926. Call 966538636464 for help"
3939,snb,2024-01-23T15:40:00,Your  OTP is 577833. Valid for 10 minutes. Do not share it with anyone
3940,الأهلي,2024-01-27T21:36:00,"سحب Ù†Ù‚Ø¯ÙŠ 63,343.32 SAR Ù…Ù† Ø§Ù„Ø­Ø³Ø§Ø¨ ***146 Ø¨ØªØ§ريخ 2024-01-27 الرصيد المتاح 297,296.82"
3941,بنك الرياض,2024-10-19T07:16:00,"Salary of SAR 30,584.73 credited to account ***592 on 19/10/2024"
3942,الأهلي,2024-04-27T05:39:00,"تم تحويل مبلغ 64,174.10 AED الى خالد العتيبي رقم المرجع 645975462 الرصيد 191,943.34"
3943,snb,2024-02-29T21:32:00,"سحب  نقدي 7,344.61 ر.س من الحساب ***482 بتاريخ 29/02/2024 الرصيد المتاح 307,553.56"
3944,snb,2024-10-28T15:20:00,"Salary of USD 47,864.00 credited to account ***439 on 28/10/2024"
3945,alrajhi,2024-10-04T08:03:00,خصم رسوم 12.36 USD على الحساب ***581 رقم العملية 179951786
3946,alrajhi,2024-12-06T21:09:00,"‏Salary of USD 11,426.32 credited to account ***882 on 06/12/2024‎"
3947,riyad bank,2024-12-12T19:50:00,"تم ايداع راتب بمبلغ 70,159.79 USD في الحساب ***926 بتاريخ 2024-12-12"
3948,riyad bank,2024-05-13T14:03:00,"سحب  نقدي 41,701.91 USD من الحساب ***330 بتاريخ 2024-05-13 الرصيد "
3949,الأهلي,2024-04-29T13:51:00,"ATM withdrawal SAR 49,676.79 from account ***760 on 2024-04-29. Available balance SAR 443,051.76"
3950,snb,2024-05-04T20:46:00,"تم تحويل مبلغ ٧٦,٢٤٥.١٢ ر.س الى mohammed ali رقم المرجع ٨٥٣٦٥٤٧٥٦ الرصيد ١٥٧,٧٦١.٢١"
3951,riyad bank,2024-11-27T14:54:00,"Transfer of SAR 19,133.65 to خالد العتيبي completed. Ref 541688898. Balance SAR 438,051.74"
3952,riyad bank,2024-08-06T08:55:00,"سحب نقدي 22,351.92 AED من الحساب ***378 بتاريخ 2024-08-06 الرصيد المتاح 311,384.92"
3953,الأهلي,2024-03-21T14:44:00,رمز التحقق الخاص بك هو 524582 صالح لمدة 5 دقائق لا تشاركه مع احد
3954,riyad bank,2024-10-26T00:54:00,Your card ****1423 was declined at starbucks due to insufficient funds
3955,الأهلي,2024-10-07T08:38:00,رمز التحقق الخاص بك هو 462136 صالح لمدة 15 دقائق لا تشاركه مع احد thank you
3956,الأهلي,2024-07-24T23:32:00,"Dear customer, service Ø§Ù„Ø­ÙˆØ§Ù„Ø§Øª Ø§Ù„ÙÙˆØ±ÙŠØ© was activated on account ***930. Call 966596128404 for help"
3957,snb,2024-01-08T06:02:00,"Dear customer, service apple pay was activated on account ***798. Call 966518268899 for help"
3958,بنك الرياض,2024-03-22T02:18:00,"سحب  نقدي 83,026.49 USD من الحساب ***471 بتاريخ 2024-03-22 الرصيد المتاح 89,047.77"
3959,alrajhi,2024-04-15T17:05:00,خصم رسوم 9.02 USD على الحساب ***592 رقم العملية 729854856
3960,alrajhi,2024-05-30T18:37:00,"Purchase  of AED 62,742.80 at صيدلية النهدي on card ending xxxx7409 on 2024-05-30 18:37. Available balance AED 301,294.69"
3961,riyad bank,2024-06-26T07:44:00,خصم رسوم 91.78 AED على الحساب ***992 رقم العملية 204446923
3962,الراجحي,2024-07-26T06:37:00,عزيزنا العميل تم تفعيل خدمة apple pay على حسابك ***262 للاستفسار اتصل على 966551979230
3963,alrajhi,2024-03-21T09:26:00,"‏Transfer of SAR 70,107.59 to نورة الشمري completed. Ref 704889958. Balance SAR 375,281.70‎"
3964,الراجحي,2024-11-28T03:17:00,"تم ايداع راتب بمبلغ 83,677.71 ر.س في الحساب ***778 بتاريخ 2024-11-28"
3965,الراجحي,2024-05-17T16:57:00,"Bill payment USD 9,803.55 to amazon.sa succeeded. Fee USD 83.45. Ref 205983594"
3966,الأهلي,2024-04-24T00:25:00,"Transfer of Ø±.Ø³ 14,963.63 to Ù†ÙˆØ±Ø© Ø§Ù„Ø´Ù…Ø±ÙŠ completed. Ref 691996081. Balance ر.س 98,396.46"
3967,الراجحي,2024-06-28T15:47:00,"عملية شراء بمبلغ 33,530.79 AED لدى هنقرستيشن بالبطاقة xxxx5708 بتاريخ 2024-06-28 الرصيد المتاح 312,613.18"
3968,بنك الرياض,2024-01-17T20:37:00,"Dear  customer, service apple pay was activated on account ***892. Call 966534934907 for help"
3969,alrajhi,2024-04-21T05:43:00,"Dear customer, service الحوالات الفورية was activated on account ***230. Call 966520995368 for help"
3970,riyad bank,2024-08-29T04:57:00,"‏سحب نقدي 44,220.93 USD من الحساب ***523 بتاريخ 29/08/2024 الرصيد المتاح 339,701.68‎"
3971,snb,2024-10-31T23:13:00,"ATM withdrawal AED 88,811.92 from account ***141 on 2024-10-31. Available balance AED 14,394.56"
3972,alrajhi,2024-02-21T14:47:00,عزيزنا العميل تم تفعيل خدمة المدفوعات الدولية على حسابك ***278 للاستفسار اتصل على 966525379653 شكرا لك
3973,snb,2024-11-06T02:31:00,خصم رسوم 54.84 USD على الحساب ***388 رقم العملية 317878190
3974,alrajhi,2024-08-09T05:42:00,"سحب نقدي 17,335.93 USD من الحساب ***438 بتاريخ 2024-08-09 الرصيد "
3975,الراجحي,2024-07-11T06:40:00,Your OTP is 2432. Valid for 10 minutes. Do not share it with anyone
3976,alrajhi,2024-11-09T15:10:00,"تم تحويل مبلغ 78,690.80 USD الى خالد العتيبي رقم المرجع 753108055 الرصيد 473,514.52"
3977,riyad bank,2024-06-05T13:58:00,رمز التحقق الخاص بك هو 229325 صالح لمدة 10 دقائق لا 
3978,بنك الرياض,2024-01-04T06:01:00,رمز  Ø§Ù„ØªØ­Ù‚Ù‚ Ø§Ù„Ø®Ø§Øµ Ø¨Ùƒ Ù‡Ùˆ 837937 ØµØ§Ù„Ø­ لمدة 5 دقائق لا تشاركه مع احد
3979,الراجحي,2024-11-07T06:06:00,Your OTP is 958926. Valid for 5 minutes. Do not share it with anyone
3980,riyad bank,2024-09-22T11:54:00,Your OTP is 431859. Valid for 5 minutes. Do not share it with anyone
3981,الراجحي,2024-09-12T12:43:00,"Dear customer, service Ø§Ù„Ù…Ø¯ÙÙˆØ¹Ø§Øª Ø§Ù„Ø¯ÙˆÙ„ÙŠØ© was activated on account ***489. Call 966560473776 for help"
3982,الأهلي,2024-10-21T08:37:00,عزيزنا العميل تم تفعيل خدمة sms alerts على حسابك ***194 للاستفسار اتصل على 966586095392
3983,الراجحي,2024-02-03T06:59:00,عزيزنا العميل تم تفعيل خدمة apple pay على حسابك ***839 للاستفسار اتصل على 966530078781
3984,بنك الرياض,2024-01-02T09:48:00,خصم رسوم 64.28 USD على الحساب ***559 رقم العملية 338863869
3985,snb,2024-04-26T18:01:00,"‏عملية  Ø´Ø±Ø§Ø¡ Ø¨Ù…Ø¨Ù„Øº 84,651.58 Ø±.Ø³ Ù„Ø¯Ù‰ Ø¨Ù†Ø¯Ù‡ Ø¨Ø§Ù„Ø¨Ø·Ø§Ù‚Ø© xxxx9752 بتاريخ 26/04/2024 الرصيد المتاح 44,277.65‎"
3986,alrajhi,2024-01-17T08:29:00,خصم رسوم 88.40 USD على الحساب ***764 رقم العملية 323189622
3987,بنك الرياض,2024-08-01T21:03:00,"Bill  payment USD 55,241.75 to صيدلية النهدي succeeded. Fee USD 44.00. Ref 259599784"
3988,snb,2024-01-08T11:38:00,عزيزنا العميل تم تفعيل خدمة الحوالات الفورية على حسابك ***206 للاستفسار اتصل على 966584423456
3989,alrajhi,2024-02-11T19:20:00,Your card ****1396 was declined at starbucks due to insu
3990,snb,2024-07-10T20:31:00,"‏Dear customer, service الحوالات الفورية was activated on account ***191. Call 966558616080 for help‎"
3991,riyad bank,2024-03-05T09:52:00,Your OTP is 669271. Valid for 5 minutes. Do not share it with anyone
3992,riyad bank,2024-03-18T03:04:00,رمز  التحقق الخاص بك هو 834571 صالح لمدة 10 دقائق لا تشاركه مع احد
3993,alrajhi,2024-05-01T13:18:00,Your OTP is ٨١٣٨٥٨. Valid for ٥ minutes. Do not share it with anyone
3994,بنك الرياض,2024-05-01T15:42:00,"Transfer of SAR 51,208.98 to نورة الشمري completed. Ref 531742243. Bala"
3995,alrajhi,2024-09-12T09:36:00,Your OTP is 175470. Valid for 10 minutes. Do not share it with anyone
3996,snb,2024-02-22T02:46:00,"عملية شراء بمبلغ 76,367.30 USD لدى jarir bookstore بالبطاقة xxxx6143 بتاريخ 2024-02-22 الرصيد المتاح 153,563.85"
3997,alrajhi,2024-04-18T08:40:00,"Salary of SAR 60,087.93 credited to account ***706 on 18/04/2024"
3998,الأهلي,2024-06-23T09:46:00,"تم  تحويل مبلغ 14,739.14 SAR الى mohammed ali رقم المرجع 719753116 الرصيد 229,983.27"
3999,الراجحي,2024-07-03T09:51:00,"Purchase of SAR 20,865.38 at نون on card ending xxxx1713 on 2024-07-03 09:51. Available balance SAR 368,323.56"
4000,الأهلي,2024-07-24T10:44:00,خصم رسوم 90.98 USD على الحساب ***301 رقم العملية 104967218
4001,الأهلي,2024-09-22T00:14:00,Your OTP is 664850. Valid for 15 minutes. Do not share it with anyone
4002,snb,2024-01-17T07:36:00,"Transfer of AED ٧,٤٧٨.٦١ to acme trading llc completed. Ref ١٨٢٢٥٥٥٦٢. Balance AED ١٣٣,٩٤٧.٢٤"
4003,alrajhi,2024-12-02T23:18:00,"Transfer of ر.س ٢٣,١٣٦.٩٥ to acme trading llc completed. Ref ٤١٥٩٤٠٥٧٧. Balance ر.س ٤٥٢,٣٣٣.٥٦"
4004,بنك الرياض,2024-10-21T18:08:00,خصم رسوم 41.38 SAR على الحساب ***748 رقم العملية 450246887
4005,snb,2024-01-18T17:44:00,"ATM withdrawal AED 78,074.56 from account ***571 on 18/01/2024. Available balance AED 393,183.72"
4006,الراجحي,2024-03-22T00:29:00,عزيزنا العميل تم تفعيل خدمة المدفوعات الدولية على حسابك ***541 للاستفسار اتصل على 966551423027
4007,الراجحي,2024-02-23T13:58:00,"ATM  withdrawal USD 30,097.83 from account ***780 on 23/02/2024. Available balance USD 126,734.31"
4008,الراجحي,2024-09-22T07:55:00,"سحب نقدي 19,237.94 AED من الحساب ***860 بتاريخ 22/09/2024 الرصيد المتاح 18,106.87"
4009,snb,2024-06-07T00:04:00,Your  card ****6426 was declined at starbucks due to insufficient funds
4010,الراجحي,2024-09-11T03:56:00,"Dear customer, service المدفوعات الدولية was activated on account ***617. Call 9"
4011,الراجحي,2024-02-14T07:46:00,Your card ****8688 was declined at starbucks due to insufficient funds
4012,snb,2024-11-01T21:19:00,"Transfer of AED 72,648.20 to خالد العتيبي completed. Ref 764112103. Balance AED 421,936.16"
4013,الأهلي,2024-06-11T12:55:00,"Transfer of AED 39,865.73 to mohammed ali completed. Ref 660446272. Balance AED 299,898.24"
4014,الراجحي,2024-05-14T18:36:00,"عملية شراء بمبلغ 55,760.77 SAR لدى صيدلية النهدي بالبطاقة xxxx5506 بتاريخ 14/05/2024 الرصيد المتاح 50,045.94"
4015,snb,2024-03-23T15:07:00,"سحب  نقدي 53,781.53 SAR من الحساب ***893 بتاريخ 2024-03-23 الرصيد المتاح 276,697.00"
4016,alrajhi,2024-10-04T11:01:00,"Bill payment SAR 59,320.25 to صيدلية النهدي succeeded. Fee SAR 36.88. Ref 738916494"
4017,snb,2024-03-26T09:03:00,"عملية شراء بمبلغ 67,175.70 AED لدى صيدلية النهدي بالبطاقة xxxx7801 بتاريخ 26/03/2024 الرصيد المتاح 110,860.14"
4018,alrajhi,2024-11-11T22:51:00,"سحب نقدي 22,570.98 AED من الحساب ***936 بتاريخ 2024-11-11 الرصيد المتاح 67,360.23"
4019,alrajhi,2024-05-18T03:26:00,"تم  ايداع راتب بمبلغ 11,656.06 SAR في الحساب ***479 بتاريخ 2024-05-18"
4020,riyad bank,2024-04-26T02:49:00,"تم  تحويل مبلغ 78,514.30 USD الى acme trading llc رقم المرجع 347903424 الرصيد 326,787.32"
4021,alrajhi,2024-08-04T11:33:00,"Bill payment SAR 52,274.98 to Ù†ÙˆÙ† succeeded. Fee SAR 53.88. Ref 389878094"
4022,alrajhi,2024-07-11T05:44:00,رمز التحقق الخاص بك هو 502003 صالح لمدة 10 دقائق لا تشاركه مع احد
4023,riyad bank,2024-01-21T18:04:00,"Transfer  of USD 38,387.16 to خالد العتيبي completed. Ref 473909120. Balance USD 487,901.94"
4024,riyad bank,2024-04-24T15:16:00,Your card xxxx3415 was declined at carrefour hyper due to insufficient funds
4025,snb,2024-02-11T19:18:00,"سحب  نقدي 4,946.16 ر.س من الحساب ***438 بتاريخ 11/02/2024 الرصيد المتاح 373,231.94"
4026,الأهلي,2024-01-08T21:37:00,"Salary of AED 66,927.61 credited to account ***854 on 08/01/2024"
4027,الراجحي,2024-09-05T13:21:00,خصم رسوم 53.69 SAR على الحساب ***758 رقم العملية 462254027 -riyad bank
4028,alrajhi,2024-11-30T01:49:00,رمز التحقق الخاص بك هو 650362 صالح لمدة 10 دقائق لا تشاركه مع احد
4029,الأهلي,2024-08-29T23:44:00,"Purchase  of AED 19,865.79 at jarir bookstore on card ending xxxx5845 on 29/08/2024 23:44. Availab"
4030,الأهلي,2024-07-25T16:38:00,Your OTP is 933969. Valid for 10 minutes. Do not share it with anyone
4031,الراجحي,2024-07-08T11:20:00,"سحب  نقدي 5,473.62 SAR من الحساب ***225 بتاريخ 08/07/2024 الرصيد المتاح 24,753.87"
4032,الراجحي,2024-11-18T13:06:00,"تم ايداع راتب بمبلغ 84,776.92 AED في الحساب ***289 بتاريخ 2024-11-18"
4033,riyad bank,2024-07-23T23:17:00,"Dear customer, service المدفوعات الدولية was activated on account ***145. Call 966533129194 for help"
4034,بنك الرياض,2024-10-31T11:05:00,"تم تحويل مبلغ 87,113.56 AED الى mohammed ali رقم المرجع 501882045 الرصيد 230,993.84 -riyad bank"
4035,الراجحي,2024-10-03T23:49:00,"تم ايداع راتب بمبلغ 46,175.77 SAR في الحساب ***606 بتاريخ 2024-10-03"
4036,snb,2024-08-02T07:24:00,"سحب  نقدي ٥١,٧٤٤.٦١ SAR من الحساب ***٨٠٥ بتاريخ ٢٠٢٤-٠٨-٠٢ الرصيد المتاح ١٣٠,٥٥٥.٣٦"
4037,بنك الرياض,2024-01-15T17:58:00,"Salary of AED 40,766.45 credited to account ***263 on 15/01/2024"
4038,الراجحي,2024-04-28T11:03:00,"Dear  customer, service المدفوعات الدولية was activated on account ***135. Call 966553909731 for help"
4039,الراجحي,2024-07-20T12:58:00,Your  OTP is 452597. Valid for 10 minutes. Do not share it with anyone
4040,بنك الرياض,2024-05-14T15:15:00,"Purchase  of SAR 25,720.94 at نون on card ending xxxx2955 on 2024-05-14 15:15. Available balance SAR 277,604.19"
4041,الراجحي,2024-07-25T09:52:00,خصم رسوم 31.11 USD على الحساب ***297 رقم العملية 593921026
4042,riyad bank,2024-03-10T04:39:00,خصم  رسوم 94.07 USD على الحساب ***759 رقم العملية 472890408
4043,الراجحي,2024-06-30T16:51:00,Your card ****3640 was declined at نون due to insufficient funds
4044,alrajhi,2024-05-09T00:35:00,"Dear customer, service المدفوعات الدولية was activated on account ***772. Call 966592440779 for help"
4045,alrajhi,2024-07-26T08:06:00,"سحب نقدي 8,713.18 USD من الحساب ***138 بتاريخ 26/07/2024 الرصيد المتاح 409,556.50"
4046,alrajhi,2024-11-28T22:02:00,عزيزنا العميل تم تفعيل خدمة الحوالات الفورية على حسابك ***199 للاستفسار اتصل على 966567799081
4047,الراجحي,2024-03-22T02:45:00,خصم رسوم 6.30 USD على الحساب ***539 رقم العملية 139837354
4048,riyad bank,2024-10-14T08:49:00,"Dear customer, service الحوالات الفورية was activated on account ***649. Call 966539404362 for help"
4049,بنك الرياض,2024-05-15T09:53:00,"تم تحويل مبلغ 64,542.78 AED الى خالد العتيبي رقم المرجع 875833986"
4050,riyad bank,2024-02-06T06:50:00,"Dear customer, service المدفوعات الدولية was activated on account ***410. Call 966526856179 for help"
4051,الراجحي,2024-12-07T13:27:00,"تم تحويل مبلغ 88,683.21 USD الى mohammed ali رقم المرجع 326884760 الرصيد 463,751.13"
4052,الراجحي,2024-10-01T01:30:00,"تم ØªØ­ÙˆÙŠÙ„ Ù…Ø¨Ù„Øº 73,455.26 AED Ø§Ù„Ù‰ acme trading llc رقم المرجع 668437742 الرصيد 129,190.48"
4053,riyad bank,2024-08-10T07:22:00,Your OTP is 43141. Valid for 10 minutes. Do not share it with anyone
4054,بنك الرياض,2024-07-30T13:37:00,"تم تحويل مبلغ 59,515.06 SAR الى خالد العتيبي رقم المرجع 617424238 الرصيد 108,109.15"
4055,alrajhi,2024-05-18T05:28:00,"تم ايداع راتب بمبلغ 2,937.22 SAR في الحساب ***450 بتاريخ 2024-05-18"
4056,بنك الرياض,2024-10-31T17:04:00,رمز التحقق الخاص بك هو 202567 صالح لمدة 10 دقائق لا تشاركه مع احد
4057,بنك الرياض,2024-03-25T05:55:00,عزيزنا Ø§Ù„Ø¹Ù…ÙŠÙ„ ØªÙ… ØªÙØ¹ÙŠÙ„ Ø®Ø¯Ù…Ø© Ø§Ù„Ù…Ø¯ÙÙˆØ¹Ø§Øª Ø§Ù„Ø¯ÙˆÙ„ÙŠØ© Ø¹Ù„Ù‰ حسابك ***532 للاستفسار اتصل على 966549688005 thank you
4058,الراجحي,2024-02-27T12:00:00,"Salary of SAR 50,834.16 credited to account ***186 on 2024-02-27"
4059,riyad bank,2024-04-13T03:57:00,Your OTP is 304253. Valid for 5 minutes. Do not share 
4060,الراجحي,2024-02-24T20:06:00,"Salary of USD 80,977.68 credited to account ***670 on 24/02/2024"
4061,بنك الرياض,2024-08-26T00:27:00,خصم رسوم 50.04 SAR على الحساب ***297 رقم العملية 760849161
4062,snb,2024-05-20T18:01:00,"Transfer of AED 1,630.89 to mohammed ali completed. Ref 147742446. Balance AED 286,619.69"
4063,بنك الرياض,2024-01-06T02:37:00,"Dear  customer, service apple pay was activated on account ***854. Call 966574360154 for help"
4064,الأهلي,2024-07-30T22:52:00,"Salary  of ر.س 50,649.01 credited to account ***159 on 30/07/2024"
4065,بنك الرياض,2024-02-23T15:50:00,"‏Dear customer, service sms alerts was activated on account ***714. Call 966535093867 for help‎"
4066,riyad bank,2024-09-17T10:29:00,"Salary of AED 82,858.56 credited to account ***672 on 17/09/2024"
4067,alrajhi,2024-01-18T06:34:00,خصم رسوم 45.06 USD على الحساب ***527 رقم العملية 230476766
4068,snb,2024-10-29T20:18:00,"عملية شراء بمبلغ 66,972.94 ر.س لدى starbucks بالبطاقة ****2888 بتاريخ 2024-10-29 الرصيد المتاح 460,708.10"
4069,snb,2024-10-24T18:46:00,"Purchase of USD 7,098.01 at jarir bookstore on card ending xxxx8527 on 2024-10-24 18:46. Available balance USD 274,413.80"
4070,الأهلي,2024-06-10T20:37:00,"Bill  payment USD 14,838.94 to نون succeeded. Fee USD 8.90. Ref 629731262"
4071,الأهلي,2024-12-11T15:53:00,Your card xxxx٣٧٨٩ was declined at amazon.sa due to insufficient funds
4072,بنك الرياض,2024-12-08T04:35:00,"Salary of SAR 42,995.38 credited to account ***941 on 08/12/2024"
4073,snb,2024-07-18T07:30:00,"عملية  شراء بمبلغ 24,341.45 USD لدى amazon.sa بالبطاقة ****3197 بتاريخ 18/07/2024 الرصيد المتاح 410,495.15"
4074,alrajhi,2024-07-03T00:50:00,"ATM withdrawal SAR 54,258.12 from account ***336 on 03/07/2024. Available balance SAR 330,976.40"
4075,riyad bank,2024-09-23T17:52:00,رمز  التحقق الخاص بك هو 514292 صالح لمدة 15 دقائق لا تشاركه مع احد
4076,riyad bank,2024-02-23T20:36:00,"Purchase of AED 84,656.08 at jarir bookstore on card ending ****6666 on 2024-02-23 20:36. Available balance AED 185,911.79"
4077,riyad bank,2024-09-24T10:42:00,Your  OTP is 446343. Valid for 15 minutes. Do not share it with anyone
4078,الأهلي,2024-01-06T13:30:00,"سحب نقدي 20,235.68 AED من الحساب ***765 بتاريخ 2024-01-06 الرصيد المتاح 110,721.35"
4079,الأهلي,2024-04-03T06:49:00,"ATM withdrawal USD 83,315.37 from account ***174 on 2024-04-03. Available balance USD 243,296.13"
4080,الأهلي,2024-11-18T02:52:00,"‏ATM withdrawal SAR 20,739.91 from account ***384 on 2024-11-18. Available balance SAR 139,641.73‎ thank you"
4081,alrajhi,2024-05-27T18:32:00,Your  card ****2471 was declined at بنده due to insufficient funds
4082,الأهلي,2024-07-30T22:49:00,"عملية  شراء بمبلغ 11,496.72 ر.س لدى starbucks بالبطاقة xxxx9447 بتاريخ 30/07/2024 الرصيد المتاح 400,183.80"
4083,alrajhi,2024-06-08T03:29:00,"سحب نقدي 47,982.33 USD من الحساب ***105 بتاريخ 08/06/2024 الرصيد المتاح 234,373.80"
4084,الأهلي,2024-07-01T14:29:00,"تم تحويل مبلغ 21,343.01 ر.س الى mohammed ali رقم المرجع 982853011 الرصيد 224,083.60"
4085,alrajhi,2024-11-12T16:48:00,"Dear customer, service المدفوعات الدولية was activated on account ***248. Call 966517913117 for help"
4086,الأهلي,2024-11-26T10:49:00,"ATM withdrawal ر.س 79,941.03 from account ***274 on 26/11/2024. Available balance ر.س 165,995.20"
4087,بنك الرياض,2024-03-13T17:27:00,"Dear customer, service sms alerts was activated on account ***254. Call 966583182610 for help"
4088,alrajhi,2024-06-14T00:52:00,"Salary of AED 36,871.00 credited to account ***500 on 2024-06-14"
4089,الأهلي,2024-03-30T17:54:00,"Salary of ر.س 81,139.49 credited to account ***661 on 2024-03-30"
4090,الراجحي,2024-06-07T08:23:00,"Bill payment AED 8,116.66 to بنده succeeded. Fee AED 7.03. Ref 799953151"
4091,riyad bank,2024-01-07T11:11:00,"‏عملية شراء بمبلغ 22,736.03 AED لدى بنده بالبطاقة ****5728 بتاريخ 07/01/2024 الرصيد المتاح 411,200.75‎"
4092,الراجحي,2024-11-23T23:39:00,"Dear customer, service apple pay was activated on account ***585. Call 966536046858 for help"
4093,الأهلي,2024-02-01T10:35:00,"تم تحويل مبلغ 2,669.45 USD الى sara a. رقم المرجع 517105045 الرصيد 241,718.32"
4094,snb,2024-09-30T01:08:00,"ATM withdrawal AED 32,918.58 from account ***503 on 2024-09-30. Available balance AED 183,492.51"
4095,الأهلي,2024-10-19T22:16:00,Your OTP is 781951. Valid for 15 minutes. Do not share it with anyone
4096,الراجحي,2024-10-06T03:31:00,Your card xxxx4062 was declined at صيدلية النهدي due to insufficie
4097,alrajhi,2024-05-18T14:51:00,Your  card xxxx4743 was declined at صيدلية النهدي due to insufficient funds
4098,riyad bank,2024-10-24T23:11:00,عزيزنا العميل تم تفعيل خدمة sms alerts على حسابك ***624 للاستفسار اتصل على 966563639043
4099,الأهلي,2024-02-22T15:08:00,Your OTP is 182420. Valid for 10 minutes. Do not share it with anyone
4100,riyad bank,2024-06-04T09:44:00,"تم ايداع راتب بمبلغ 87,578.61 ر.س في الحساب ***798 بتاريخ 2024-06-04"
4101,riyad bank,2024-10-20T00:20:00,"Salary of SAR 86,290.40 credited to account ***896 on 20/10/2024"
4102,alrajhi,2024-04-19T13:12:00,"تم ايداع راتب بمبلغ 17,847.36 ر.س في الحساب ***220 بتاريخ 19/04/2024"
4103,snb,2024-08-04T11:30:00,"‏Purchase of Ø±.Ø³ 84,147.71 at jarir bookstore on card ending ****5768 on 04/08/2024 11:30. Available balance ر.س 197,839.09‎"
4104,الأهلي,2024-02-11T21:23:00,‏خصم رسوم 63.03 ر.س على الحساب ***460 رقم العملية 674579626‎
4105,alrajhi,2024-09-26T09:13:00,"‏تم ايداع راتب بمبلغ 17,323.91 USD في الحساب ***912 بتاريخ 26/09/2024‎ -riyad bank"
4106,الأهلي,2024-04-18T04:19:00,"Salary of AED 81,997.74 credited to account ***734 on 2024-04-18"
4107,بنك الرياض,2024-07-04T21:13:00,Your  OTP is 554552. Valid for 10 minutes. Do not share it with anyone
4108,بنك الرياض,2024-09-04T19:54:00,"عملية  شراء بمبلغ 10,884.55 ر.س لدى starbucks بالبطاقة xxxx6149 بتاريخ 04/09/2024 الرصيد المتاح 363,384.50"
4109,بنك الرياض,2024-01-22T04:58:00,"تم Ø§ÙŠØ¯Ø§Ø¹ Ø±Ø§ØªØ¨ Ø¨Ù…Ø¨Ù„Øº 58,407.18 SAR Ùي الحساب ***961 بتاريخ 2024-01-22"
4110,riyad bank,2024-06-06T00:25:00,"تم تحويل مبلغ 78,992.64 SAR الى نورة الشمري رقم المرجع 818189720 الرصيد 303,755.91"
4111,snb,2024-11-25T17:10:00,Your OTP is 605354. Valid for 5 minutes. Do not share it with anyone
4112,alrajhi,2024-01-17T19:40:00,"Purchase of ر.س 33,293.80 at بنده on card ending xxxx4407 on 17/01/2024 19:40. Available balance ر.س 368,279.01"
4113,riyad bank,2024-10-28T14:41:00,"Purchase of AED 11,259.93 at amazon.sa on card ending ****3946 on 2024-10-28 14:41. Available balance AED 425,731.24"
4114,الأهلي,2024-03-02T03:15:00,"تم ØªØ­ÙˆÙŠÙ„ Ù…Ø¨Ù„Øº 74,739.43 AED Ø§Ù„Ù‰ Ø®Ø§Ù„Ø¯ Ø§Ù„Ø¹ØªÙŠبي رقم المرجع 474590209 الرصيد 71,622.38"
4115,riyad bank,2024-08-12T05:31:00,"Purchase  of ر.س 75,320.75 at بنده on card ending ****1297 on 12/08/2024 05:31. Available balance ر.س 68,183.60"
4116,alrajhi,2024-11-22T09:19:00,Your card ****1070 was declined at صيدلية النهدي due to insufficient funds
4117,snb,2024-08-01T11:26:00,"Bill payment ر.س 69,319.54 to amazon.sa succeeded. Fee ر.س 98.78. Ref 829254241"
4118,alrajhi,2024-01-15T08:49:00,"ATM withdrawal USD 21,282.55 from account ***131 on 15/01/2024. Available balance USD 419,234.82"
4119,الأهلي,2024-01-17T05:50:00,"‏عملية شراء بمبلغ 16,601.73 AED لدى بنده بالبطاقة xxxx3341 بتاريخ 17/01/2024 الرصيد المتاح 21,930.14‎"
4120,بنك الرياض,2024-04-27T00:42:00,‏خصم رسوم 31.75 ر.س على الحساب ***816 رقم العملية 546086110‎
4121,snb,2024-01-21T19:21:00,خصم Ø±Ø³ÙˆÙ… 67.77 USD Ø¹Ù„Ù‰ Ø§Ù„Ø­Ø³Ø§Ø¨ ***702 رقم العملية 794853178
4122,alrajhi,2024-01-08T10:00:00,"Bill payment AED 54,038.57 to صيدلية النهدي succeeded. Fee AED 42.37. Ref 714687685"
4123,الراجحي,2024-11-17T19:45:00,"Salary of SAR ٧٧,٢٣٤.٥٧ credited to account ***٤٨٦ on ٢٠٢٤-١١-١٧"
4124,alrajhi,2024-01-14T12:25:00,"Dear customer, service المدفوعات الدولية was activated on account ***922. Call 966513558739 for help"
4125,snb,2024-03-08T05:27:00,"عملية شراء بمبلغ 65,809.84 ر.س لدى starbucks بالبطاقة xxxx7637 بتاريخ 08/03/2024 الرصيد المتاح 126,429.76"
4126,snb,2024-12-11T10:04:00,"تم ايداع راتب بمبلغ 53,433.76 AED في الحساب ***296 بتا"
4127,بنك الرياض,2024-09-20T11:12:00,"تم ايداع راتب بمبلغ 66,661.04 SAR في الحساب ***400 بتاريخ 2024-09-20"
4128,riyad bank,2024-11-08T13:26:00,عزيزنا العميل تم تفعيل خدمة sms alerts على حسابك ***582 للاستفسار اتصل على 966551703236
4129,alrajhi,2024-06-06T08:22:00,"سحب نقدي 86,225.09 SAR من الحساب ***648 بتاريخ 06/06/2024 الرصيد "
4130,riyad bank,2024-03-26T12:37:00,"Salary of ر.س 2,370.86 credited to account ***208 on 2024-03-26"
4131,بنك الرياض,2024-11-18T23:31:00,Your  OTP is 876737. Valid for 10 minutes. Do not share it with anyone
4132,snb,2024-04-01T11:34:00,‏Your OTP is 686573. Valid for 10 minutes. Do not share it with anyone‎
4133,riyad bank,2024-11-16T19:07:00,"Purchase of AED 1,273.37 at starbucks on card ending ****5200 on 2024-11-16 19:07. Available balance AED 438,690.25 thank you"
4134,بنك الرياض,2024-04-02T06:02:00,"ATM withdrawal SAR 74,726.88 from account ***689 on 02/04/2024. Available balance SAR 186,112.20"
4135,الراجحي,2024-07-25T23:27:00,"Dear customer, service الحوالات الفورية was activated on account ***796. Call 966555330492 for help"
4136,alrajhi,2024-05-23T15:09:00,"‏سحب نقدي 78,230.02 ر.س من الحساب ***925 بتاريخ 23/05/2024 الرصيد المتاح 353,806.29‎"
4137,الراجحي,2024-05-20T15:35:00,"Purchase of ر.س 54,994.01 at jarir bookstore on card ending xxxx8730 on 20/05/2024 15:35. Available balance ر.س 253,109.19"
4138,بنك الرياض,2024-05-24T21:24:00,"تم  ايداع راتب بمبلغ 64,091.54 ر.س في الحساب ***676 بتاريخ 24/05/2024"
4139,riyad bank,2024-06-07T20:14:00,"ATM withdrawal ر.س 57,304.53 from account ***449 on 07/06/2024. Available balance ر.س 201,443.09"
4140,snb,2024-01-14T10:27:00,عزيزنا العميل تم تفعيل خدمة apple pay على حسابك ***107 للاستفسار اتصل على 966555927459
4141,الأهلي,2024-10-15T05:26:00,"‏Salary of USD 89,638.18 credited to account ***189 on 15/10/2024‎"
4142,riyad bank,2024-09-08T01:06:00,"Bill payment USD 86,391.36 to بنده succeeded. Fee USD 63.01. Ref 235781758"
4143,riyad bank,2024-01-18T16:09:00,عزيزنا العميل تم تفعيل خدمة sms alerts على حسابك ***352 للاستفسار اتصل على 966547992429 شكرا لك
4144,snb,2024-12-07T09:14:00,"Dear customer, service الحوالات الفورية was activated on account ***274. Call 966596773958 for help"
4145,alrajhi,2024-02-03T08:16:00,عزيزنا العميل تم تفعيل خدمة sms alerts على حسابك ***927 للاستفسار اتصل على 966595971561
4146,riyad bank,2024-05-20T20:55:00,Your card ****9314 was declined at هنقرستيشن due to insufficient funds
4147,snb,2024-12-06T03:51:00,خصم رسوم 40.11 AED على الحساب ***783 رقم العملية 935
4148,snb,2024-08-10T20:02:00,عزيزنا العميل تم تفعيل خدمة sms alerts على حسابك ***843 للاستفسار اتصل على 966588636818
4149,riyad bank,2024-02-12T13:14:00,"Dear customer, service sms alerts was activated on account ***447. Call 966527768685 for help"
4150,بنك الرياض,2024-08-19T23:47:00,"Purchase of SAR 74,561.76 at صيدلية النهدي on card ending xxxx8070 on 19/08/2024 23:47. Available balance SAR 452,169.27"
4151,الراجحي,2024-11-24T18:50:00,"Purchase of SAR 23,010.19 at jarir bookstore on card ending ****4558 on 2024-11-24 18:50. Available balance SAR 93,546.70"
4152,الأهلي,2024-02-07T16:39:00,"سحب نقدي 40,504.03 USD من الحساب ***331 بتاريخ 07/02/2024 الرصيد المتاح 268,096.20"
4153,alrajhi,2024-02-23T02:16:00,"Purchase  of AED 37,615.65 at starbucks on card ending ****1702 on 23/02/2024 02:16. Available balance AED 45,295.39"
4154,alrajhi,2024-01-01T15:35:00,"تم تحويل مبلغ 86,449.37 SAR الى acme trading llc رقم المرجع 866009562 الرصيد 146,531.04"
4155,بنك الرياض,2024-08-30T16:25:00,عزيزنا العميل تم تفعيل خدمة الحوالات الفورية على حسابك ***797 للاستفسار اتصل على 966520289238
4156,بنك الرياض,2024-03-12T15:41:00,"سحب نقدي 50,180.71 AED من الحساب ***253 بتاريخ 2024-03-12 الرصيد المتاح 363,516.17"
4157,snb,2024-10-13T11:03:00,"Transfer of USD 58,396.66 to sara a. completed. Ref 559843775. Balance USD 485,714.87"
4158,الراجحي,2024-07-07T04:05:00,"تم تحويل مبلغ ٥٨,٧٢١.٩٩ ر.س الى acme trading llc رقم المرجع ١٣٢٢٨٥٩٦٤ الرصيد ٣٤٥,٦٣٤.٧٢"
4159,snb,2024-08-27T15:08:00,"‏Purchase of AED 60,510.81 at Ø¨Ù†Ø¯Ù‡ on card ending xxxx9370 on 27/08/2024 15:08. Available balance AED 49,565.32‎ شكرا لك"
4160,بنك الرياض,2024-08-22T03:10:00,"‏ATM withdrawal SAR 82,213.87 from account ***920 on 22/08/2024. Available balance SAR 148,495.81‎"
4161,الأهلي,2024-08-26T22:15:00,"تم تحويل مبلغ ٧,٥٦٠.٢٩ SAR الى نورة الشمري رقم المرجع ٧٠١٨٤٥٧٤٣ "
4162,بنك الرياض,2024-03-17T00:35:00,"Bill payment USD 62,794.72 to Ø¨Ù†Ø¯Ù‡ succeeded. Fee USD 14.16. Ref 390341944"
4163,الراجحي,2024-07-18T12:25:00,رمز  التحقق الخاص بك هو 286790 صالح لمدة 5 دقائق لا تشاركه مع احد
4164,الراجحي,2024-10-19T18:26:00,"Salary of ر.س 54,780.24 credited to account ***369 on 19/10/2024"
4165,riyad bank,2024-01-04T06:40:00,"Dear customer, service المدفوعات الدولية was activated on account ***٣٦٠. Call ٩٦٦٥٤٨٧٧٦٤١١ for help شكرا لك"
4166,الأهلي,2024-11-03T02:03:00,"Transfer  of SAR 23,522.00 to خالد العتيبي completed. Ref 133217059. Balance SAR 281,689.52"
4167,alrajhi,2024-09-10T21:19:00,"تم ايداع راتب بمبلغ 35,508.79 AED في الحساب ***404 بتاريخ 10/09/2024"
4168,بنك الرياض,2024-10-29T09:31:00,Your card ****3861 was declined at amazon.sa due to insu
4169,الراجحي,2024-08-28T13:06:00,"سحب نقدي 39,760.95 USD من الحساب ***127 بتاريخ 2024-08-28 الرصيد المتاح 341,404.77"
4170,الأهلي,2024-07-26T17:16:00,عزيزنا العميل تم تفعيل خدمة الحوالات الفورية على حسابك ***179 للاستفسار اتصل على 966519047438
4171,snb,2024-11-14T21:23:00,"تم تحويل مبلغ 69,120.15 ر.س الى acme trading llc رقم المرجع 316304195 الرصيد 38,092.32"
4172,riyad bank,2024-06-09T20:35:00,"تم  ايداع راتب بمبلغ 83,251.81 USD في الحساب ***616 بتاريخ 09/06/2024"
4173,alrajhi,2024-02-16T02:51:00,"عملية  شراء بمبلغ 35,810.55 ر.س لدى بنده بالبطاقة ****7408 بتاريخ 16/02/2024 الرصيد المتاح 88,709.41"
4174,riyad bank,2024-04-20T05:15:00,"Dear  customer, service sms alerts was activated on account ***376. Call 966566682506 for help"
4175,riyad bank,2024-05-08T04:53:00,"عملية شراء بمبلغ 12,742.94 AED لدى jarir bookstore بالبطاقة xxxx2037 بتاريخ 2024-05-08 الرصيد المتاح 139,089.70"
4176,alrajhi,2024-06-28T18:13:00,"Purchase of SAR 2,630.48 at Ù‡Ù†Ù‚Ø±Ø³ØªÙŠØ´Ù† on card ending xxxx7536 on 28/06/2024 18:13. Available balance SAR 276,180.53"
4177,بنك الرياض,2024-04-24T20:02:00,Your OTP is 606429. Valid for 15 minutes. Do not share it with anyone
4178,الأهلي,2024-11-06T19:56:00,"‏ATM withdrawal USD 28,909.38 from account ***932 on 2024-11-06. Available balance USD 364,780.89‎"
4179,بنك الرياض,2024-02-20T19:13:00,Your  OTP is ٩٩٠٨٠٩. Valid for ١٠ minutes. Do not share it with anyone
4180,الراجحي,2024-08-01T23:29:00,"ATM withdrawal USD 25,539.74 from account ***533 on 01/08/2024. Available balance USD 279,085.47"
4181,alrajhi,2024-10-30T21:35:00,"Dear  customer, service الحوالات الفورية was activated on account ***496. Call 966565454470 for help"
4182,snb,2024-09-22T15:36:00,عزيزنا العميل تم تفعيل خدمة apple pay على حسابك ***168 للاستفسار اتصل على 966553497758
4183,الأهلي,2024-09-06T09:26:00,"Salary of AED 23,982.51 credited to account ***272 on 2024-09-06"
4184,الراجحي,2024-06-21T07:54:00,"تم  تحويل مبلغ 46,156.43 SAR الى خالد العتيبي رقم المرجع 512001413 الرصيد 378,802.49"
4185,الراجحي,2024-05-22T04:25:00,"تم تحويل مبلغ 57,117.77 AED الى نورة الشمري رقم المرجع 115033492 الرصيد 406,955.55 شكرا لك"
4186,riyad bank,2024-03-07T02:28:00,"تم ايداع راتب بمبلغ 77,534.08 USD في الحساب ***713 بتاريخ 2024-03-07"
4187,riyad bank,2024-09-30T00:45:00,"Transfer  of AED 76,806.29 to sara a. completed. Ref 778118038. Balance AED 158,278.76"
4188,snb,2024-05-23T10:20:00,Your card xxxx9388 was declined at صيدلية النهدي due to insufficient funds
4189,الأهلي,2024-02-23T10:02:00,"Transfer of SAR 71,485.62 to acme trading llc completed. Ref 304725618. Balance SAR 280,936.22"
4190,الراجحي,2024-11-25T01:01:00,"Purchase of USD 78,531.56 at carrefour hyper on card ending xxxx8166 on 2024-11-25 01:01. Available balance USD 421,690.74"
4191,الراجحي,2024-07-27T05:58:00,"Transfer of AED 67,340.99 to sara a. completed. Ref 729669508. Balance AED 27"
4192,riyad bank,2024-09-12T05:28:00,Your card xxxx8998 was declined at هنقرستيشن due to insufficient funds
4193,snb,2024-05-02T19:57:00,"تم تحويل مبلغ 58,885.63 USD الى acme trading llc رقم المرجع 748903800 الرصيد 479,879.09"
4194,الراجحي,2024-09-29T07:38:00,"تم  تحويل مبلغ 7,007.76 AED الى mohammed ali رقم المرجع 656926507 الرصيد 89,836.03"
4195,الراجحي,2024-09-15T02:11:00,"تم تحويل مبلغ 39,252.03 USD الى mohammed ali رقم المرجع 856141098 الرصيد 34,844.96"
4196,snb,2024-01-07T05:23:00,Your OTP is 938219. Valid for 5 minutes. Do not share it with anyone
4197,الأهلي,2024-07-02T00:47:00,"Dear customer, service sms alerts was activated on account ***862. Call 966517670322 for help"
4198,الأهلي,2024-11-16T11:57:00,رمز التحقق الخاص بك هو 660470 صالح لمدة 15 دقائق لا تشاركه مع احد
4199,snb,2024-02-13T19:05:00,"Transfer of USD 56,609.78 to نورة الشمري completed. Ref 223129494. Balance USD 354,695.53"
4200,الأهلي,2024-02-24T12:26:00,عزيزنا العميل تم تفعيل خدمة المدفوعات الدولية على حسابك ***314 للاستفسار اتصل على 966593143210 thank you
4201,riyad bank,2024-10-11T11:42:00,"Salary of ر.س 29,339.02 credited to account ***513 on 11/10/2024"
4202,الراجحي,2024-09-20T12:36:00,"Salary of SAR 36,116.71 credited to account ***141 on 2024-09-20"
4203,الأهلي,2024-11-19T13:20:00,Your card ****٩٧٧٢ was declined at starbucks due to insufficient funds
4204,alrajhi,2024-05-07T01:03:00,"Dear customer, service Ø§Ù„Ø­ÙˆØ§Ù„Ø§Øª Ø§Ù„ÙÙˆØ±ÙŠØ© was activated on account ***835. Call 966511708267 for help"
4205,الأهلي,2024-08-06T09:03:00,"‏عملية شراء بمبلغ 69,823.86 AED لدى هنقرستيشن بالبطاقة ****1818 بتاريخ 2024-08-06 الرصيد المتاح 153,654.53‎"
4206,بنك الرياض,2024-11-17T13:48:00,عزيزنا العميل تم تفعيل خدمة المدفوعات الدولية على حسابك ***٣٧٥ للاستفسار اتصل على ٩٦٦٥٨٨٣٩٤١٣٩
4207,riyad bank,2024-08-03T16:34:00,"Dear  customer, service الحوالات الفورية was activated on account ***848. Call 966552186131 for help"
4208,riyad bank,2024-01-27T03:49:00,"عملية شراء بمبلغ ٤٨,٢٠٢.٦٥ USD لدى صيدلية النهدي بالبطاقة ****٤٩١٧ بتاريخ ٢٧/٠١/٢٠٢٤ الرصيد المتاح ٣٤٦,٤٥٨.٥٤ thank you"
4209,الأهلي,2024-08-13T05:58:00,"Dear customer, service sms alerts was activated on account ***431. Call 966559229695 for help"
4210,الأهلي,2024-08-15T21:01:00,"‏Bill  payment USD 47,608.66 to carrefour hyper succeeded. Fee USD 23.49. Ref 401421521‎"
4211,بنك الرياض,2024-05-28T18:53:00,"‏Transfer of Ø±.Ø³ 81,275.03 to Ø®Ø§Ù„Ø¯ Ø§Ù„Ø¹ØªÙŠØ¨ÙŠ completed. Ref 722047110. Balance ر.س 274,579.12‎"
4212,بنك الرياض,2024-08-15T13:54:00,"Dear customer, service المدفوعات الدولية was activated on account ***٩٣١. Call ٩٦٦٥٢٢٥٤٩٦٦٨ for help"
4213,alrajhi,2024-12-08T15:28:00,"Purchase of SAR 86,536.40 at نون on card ending ****8561 on 2024-12-08 15:28. Available balance SAR 461,583.89"
4214,snb,2024-04-12T22:47:00,خصم رسوم 46.45 AED على الحساب ***985 رقم العملية 905715419
4215,alrajhi,2024-07-15T16:20:00,"عملية شراء بمبلغ 5,400.96 ر.س لدى هنقرستيشن بالبطاقة ****3558 بتاريخ 2024-07-15 الر"
4216,snb,2024-10-29T14:33:00,"عملية شراء بمبلغ 81,655.71 AED لدى carrefour hyper بالبطاقة xxxx7292 بتاريخ 2024-10-29 الرصيد المتاح 209,061.21"
4217,alrajhi,2024-11-25T01:26:00,Your card xxxx5511 was declined at amazon.sa due to insufficient funds
4218,riyad bank,2024-02-18T22:24:00,"Salary of AED 72,900.42 credited to account ***388 on 18/02/2024"
4219,snb,2024-12-06T00:21:00,"Salary of SAR 41,445.05 credited to account ***517 on 06/12/2024"
4220,snb,2024-05-22T21:02:00,"تم تحويل مبلغ 69,864.07 AED الى sara a. رقم المرجع 782130467 الرصيد 132,285.94"
4221,alrajhi,2024-06-13T22:45:00,رمز التحقق الخاص بك هو 433515 صالح لمدة 10 دقائق لا تشاركه مع احد
4222,snb,2024-05-20T19:26:00,"Bill payment ر.س 2,652.76 to amazon.sa succeeded. Fee ر.س 80.61. Ref 183685591"
4223,بنك الرياض,2024-09-11T16:22:00,"Bill payment USD 57,459.96 to amazon.sa succeeded. Fee USD 47.83. Ref 239649111"
4224,alrajhi,2024-08-22T11:09:00,"‏Transfer of Ø±.Ø³ 3,624.48 to sara a. completed. Ref 535909878. Balance ر.س 315,310.63‎"
4225,الراجحي,2024-02-06T11:31:00,"تم  ايداع راتب بمبلغ ٦,٢٤١.٩٦ SAR في الحساب ***٨٤٠ بتاريخ ٠٦/٠٢/٢٠٢٤"
4226,الأهلي,2024-06-23T19:13:00,عزيزنا العميل تم تفعيل خدمة الحوالات الفورية على حسابك ***219 للاستفسار اتصل على 966538884935
4227,بنك الرياض,2024-02-10T05:05:00,"ATM withdrawal USD 87,110.93 from account ***385 on 2024-02-10. Available balance USD 274,293.25"
4228,الأهلي,2024-07-14T21:37:00,عزيزنا العميل تم تفعيل خدمة المدفوعات الدولية على حسابك ***172 للاستفسار اتصل على 966538786696
4229,الأهلي,2024-08-25T10:02:00,"تم تحويل مبلغ 52,354.54 SAR الى mohammed ali رقم المرجع 812259239 الرصيد 244,111.88"
4230,snb,2024-03-26T13:20:00,"Salary of AED 89,886.71 credited to account ***349 on 26/03/2024"
4231,alrajhi,2024-06-14T23:53:00,رمز Ø§Ù„ØªØ­Ù‚Ù‚ Ø§Ù„Ø®Ø§Øµ Ø¨Ùƒ Ù‡Ùˆ 877826 ØµØ§Ù„Ø­ لمدة 10 دقائق لا تشاركه مع احد
4232,riyad bank,2024-10-21T14:06:00,"Purchase of ر.س ٥٨,٩٣٧.٠٥ at amazon.sa on card ending xxxx٦٧٠٩ on ٢١/١٠/٢٠٢٤ ١٤:٠٦. Available balance ر.س ٧١,٢٣٤.٥٠"
4233,بنك الرياض,2024-09-23T15:20:00,"Salary  of AED 51,344.86 credited to account ***701 on 23/09/2024"
4234,snb,2024-11-10T23:10:00,عزيزنا  العميل تم تفعيل خدمة sms alerts على حسابك ***363 للاستفسار اتصل على 966552283005
4235,الراجحي,2024-07-23T17:29:00,"‏سحب نقدي 39,748.41 AED من الحساب ***511 بتاريخ 23/07/2024 الرصيد المتاح 67,102.53‎"
4236,alrajhi,2024-09-05T21:37:00,Your OTP is 340009. Valid for 5 minutes. Do not share it with anyone
4237,الأهلي,2024-01-20T13:20:00,"عملية شراء بمبلغ ١٩,٧٩٤.٣٧ ر.س لدى نون بالبطاقة xxxx١٩٠١ بتاريخ ٢٠٢٤-٠١-٢٠ الرصيد المتاح ٨٢,٢٠٤.٢٤"
4238,snb,2024-06-03T22:33:00,خصم  رسوم 30.51 SAR على الحساب ***293 رقم العملية 609788574
4239,الأهلي,2024-02-07T18:08:00,"Dear customer, service apple pay was activated on account ***272. Call 966542857782 for help"
4240,alrajhi,2024-09-05T12:12:00,"تم تحويل مبلغ 66,271.77 AED الى نورة الشمري رقم المرجع 968037541 الرصيد 150,263.20"
4241,riyad bank,2024-03-13T02:45:00,"تم ØªØ­ÙˆÙŠÙ„ Ù…Ø¨Ù„Øº 70,840.33 AED Ø§Ù„Ù‰ Ø®Ø§Ù„Ø¯ Ø§Ù„Ø¹ØªÙŠØ¨ي رقم المرجع 604043660 الرصيد 307,748.60"
4242,الأهلي,2024-12-03T02:32:00,خصم رسوم 70.60 USD على الحساب ***641 رقم العملية 724989022
4243,alrajhi,2024-01-17T10:45:00,"تم ايداع راتب بمبلغ 49,081.34 AED في الحساب ***111 بتاريخ 17/01/2024"
4244,snb,2024-07-13T23:08:00,Your OTP is 858860. Valid for 10 minutes. Do not share it with anyone
4245,بنك الرياض,2024-11-24T09:39:00,Your OTP is 263321. Valid for 15 minutes. Do not share it with anyone
4246,الأهلي,2024-09-19T04:29:00,"Dear customer, service الحوالات الفورية was activated on account ***576. Call 966525398513 for help"
4247,riyad bank,2024-06-26T13:41:00,Your  OTP is 74085. Valid for 5 minutes. Do not share it with anyone
4248,الراجحي,2024-11-01T09:24:00,"عملية شراء بمبلغ 10,857.96 AED لدى amazon.sa بالبطاقة ****9031 بتاريخ 01/11/2024 الرصيد المتاح 361,547.59"
4249,snb,2024-02-01T02:28:00,"Transfer of AED 56,666.85 to نورة الشمري completed. Ref 941525411. Balance AED 247,083.19"
4250,الراجحي,2024-11-16T04:48:00,"تم ايداع راتب بمبلغ 66,399.00 SAR في الحساب ***508 بتاريخ 16/11/2024"
4251,snb,2024-09-10T03:12:00,Your OTP is 799124. Valid for 10 minutes. Do not share it with anyone
4252,snb,2024-09-27T15:14:00,"تم ايداع راتب بمبلغ 83,283.69 ر.س في الحساب ***819 بتاريخ 2024-09-27"
4253,riyad bank,2024-07-28T15:24:00,"Bill payment USD 31,014.00 to amazon.sa succeeded. Fee USD 70.5"
4254,riyad bank,2024-05-13T12:39:00,Your OTP is 975081. Valid for 15 minutes. Do not share it with anyone thank you
4255,snb,2024-02-19T13:26:00,"Salary of USD ٤٥,٣٠١.٥٨ credited to account ***٤١١ on ٢٠٢٤-٠٢-١٩"
4256,الراجحي,2024-07-03T03:20:00,"Transfer of AED 38,974.59 to acme trading llc completed. Ref 567932001. Balance AED 98,483.83"
4257,riyad bank,2024-04-25T04:10:00,عزيزنا العميل تم تفعيل خدمة sms alerts على حسابك ***941 للاستفسار اتصل على 966554647585
4258,riyad bank,2024-11-06T05:24:00,"Purchase of ر.س 60,254.62 at نون on card ending xxxx6696 on 06/11/2024 05:24. Available balance ر.س 282,858.50"
4259,الأهلي,2024-02-06T07:55:00,Your OTP is 923922. Valid for 15 minutes. Do not share it with anyone
4260,بنك الرياض,2024-12-04T04:22:00,Bill payment ر.س 308.61 to starbucks succeeded. Fee ر.س 70.78. Ref 951518062
4261,alrajhi,2024-09-15T08:20:00,"ATM withdrawal SAR 44,183.78 from account ***548 on 15/09/2024. Available balance SAR 355,595.97"
4262,riyad bank,2024-09-22T02:20:00,Your OTP is 72391. Valid for 10 minutes. Do not share it with anyone
4263,الأهلي,2024-09-01T02:31:00,‏Your card ****1499 was declined at صيدلية النهدي due to insufficient funds‎
4264,alrajhi,2024-05-02T23:31:00,"Purchase  of Ø±.Ø³ 17,851.14 at jarir bookstore on card ending ****3162 on 02/05/2024 23:31. Available balance ر.س 427,384.43"
4265,الراجحي,2024-01-19T19:10:00,"‏Purchase of SAR ٦٣,١٩٢.٠٦ at نون on card ending ****٣٢٢٤ on ١٩/٠١/٢٠٢٤ ١٩:١٠. Available balance SAR ٣٧١,٠٥٨.٧٣‎"
4266,alrajhi,2024-07-23T06:41:00,"Salary  of AED 51,372.06 credited to account ***366 on 2024-07-23 -alrajhi"
4267,alrajhi,2024-05-07T07:58:00,‏عزيزنا العميل تم تفعيل خدمة المدفوعات الدولية على حسابك ***522 للاستفسار اتصل على 966588601522‎
4268,الأهلي,2024-02-21T22:28:00,"ATM withdrawal USD 37,649.29 from account ***163 on 2024-02-21. Available balance USD 75,344.17"
4269,alrajhi,2024-08-24T06:34:00,"Salary of ر.س 27,279.60 credited to account ***788 on 2024-08-24"
4270,بنك الرياض,2024-10-31T22:57:00,"Transfer  of USD 13,812.29 to خالد العتيبي completed. Ref 453339972. Balance USD 209,261.53"
4271,الأهلي,2024-07-31T05:44:00,عزيزنا العميل تم تفعيل خدمة المدفوعات الدولية على حسابك ***٦١٨ للاستفسار اتصل على ٩٦٦٥١٩١١١٧٤٢
4272,الراجحي,2024-02-28T17:31:00,"ATM withdrawal ر.س 51,304.99 from account ***983 on 2024-02-28. Available balance ر.س 238,890.36"
4273,riyad bank,2024-03-02T06:33:00,"سحب  نقدي 61,704.96 ر.س من الحساب ***364 بتاريخ 02/03/2024 الرصيد المتاح 389,664.84"
4274,الراجحي,2024-07-29T07:47:00,"تم  ايداع راتب بمبلغ 31,273.99 USD في الحساب ***389 بتاريخ 2024-07-29"
4275,بنك الرياض,2024-04-10T10:27:00,"Bill payment USD 15,565.06 to amazon.sa succeeded. Fee USD 4.8"
4276,riyad bank,2024-12-01T13:16:00,"سحب نقدي 44,939.86 ر.س من الحساب ***917 بتاريخ 2024-12-01 الرصيد المتاح 418,226.68"
4277,الراجحي,2024-04-29T01:55:00,رمز التحقق الخاص بك هو 822406 صالح لمدة 5 دقائق لا تشاركه مع احد
4278,alrajhi,2024-07-17T11:54:00,"‏Transfer of AED 54,975.44 to sara a. completed. Ref 980104061. Balance AED 56,901.35‎"
4279,riyad bank,2024-12-11T07:07:00,Your OTP is 773888. Valid for 15 minutes. Do not share it with anyone
4280,riyad bank,2024-08-13T05:18:00,"Salary of ر.س 85,890.72 credited to account ***111 on 13/08/2024 -snb"
4281,بنك الرياض,2024-03-11T01:58:00,"سحب نقدي 18,853.07 AED من الحساب ***898 بتاريخ 11/03/2024 الرصيد المتاح 237,454.30"
4282,الراجحي,2024-09-28T16:56:00,"عملية شراء بمبلغ 14,182.33 USD لدى نون بالبطاقة xxxx2724 بتاريخ 28/09/2024 الرصيد المتاح 254,651.99"
4283,riyad bank,2024-08-02T03:02:00,"تم  تحويل مبلغ 46,873.98 SAR الى mohammed ali رقم المرجع 485721909 الرصيد 14,150.98"
4284,بنك الرياض,2024-09-19T04:50:00,‏خصم رسوم 50.67 USD على الحساب ***250 رقم العملي
4285,بنك الرياض,2024-11-29T15:01:00,"Transfer of SAR 78,805.63 to خالد العتيبي completed. Ref 517747468. Balance SAR 173,012.53"
4286,snb,2024-12-02T03:43:00,"سحب نقدي 51,753.45 SAR من الحساب ***179 بتاريخ 02/12/2024 الرصيد المتاح 276,205.42"
4287,alrajhi,2024-12-12T06:23:00,"Salary of SAR 61,021.18 credited to account ***423 on 12/12/2024"
4288,الأهلي,2024-03-13T20:55:00,"Purchase of AED 41,991.24 at starbucks on card ending ****2173 on 2024-03-13 20:55. Available balance AED 330,834.69"
4289,الراجحي,2024-10-06T08:06:00,"سحب نقدي 86,999.95 SAR من الحساب ***848 بتاريخ 2024-10-06 الرصيد"
4290,snb,2024-03-24T06:51:00,"Purchase of USD 17,250.87 at بنده on card ending xxxx7990 on 2024-03-24 06:51. Available balance USD 336,390.88"
4291,بنك الرياض,2024-03-08T23:11:00,"سحب نقدي 27,715.27 USD من الحساب ***229 بتاريخ 2024-03-08 الرصيد المتاح 342,464.81"
4292,alrajhi,2024-11-30T17:23:00,"تم تحويل مبلغ 70,023.00 SAR الى acme trading llc رقم المرجع 651571671 الرصيد 398,015.48"
4293,الأهلي,2024-10-26T04:11:00,"Transfer of USD 71,546.89 to نورة الشمري completed. Ref 520465039. Balance USD 184,847.30"
4294,riyad bank,2024-08-18T09:09:00,"تم  تحويل مبلغ 66,998.54 SAR الى mohammed ali رقم المرجع 561172495 الرصيد 44,781.55"
4295,riyad bank,2024-11-19T18:49:00,"Transfer of ر.س ٣٤,٨٨٤.١٣ to mohammed ali completed. Ref ٣٢٧٩٥٦٣٨٧. Balance ر.س ١٦١,٤١٩.٧١"
4296,riyad bank,2024-06-05T02:51:00,"Transfer of ر.س ٨١,٦٦٩.١٢ to sara a. completed. Ref ١٨٧٢٤٦٠٢٨. Balance ر.س ٦٦,١٥٦.٤٧"
4297,snb,2024-05-10T05:06:00,"تم ايداع راتب بمبلغ 44,772.80 USD في الحساب ***963 بتاريخ 2024-05-10"
4298,بنك الرياض,2024-10-19T01:57:00,رمز التحقق الخاص بك هو 660920 صالح لمدة 10 دقائق لا تشاركه مع احد
4299,الراجحي,2024-01-12T03:29:00,خصم  رسوم 14.39 USD على الحساب ***551 رقم العملية 851734425
4300,بنك الرياض,2024-02-27T01:49:00,خصم  رسوم 87.14 ر.س على الحساب ***833 رقم العملية 818873811
4301,alrajhi,2024-08-12T21:31:00,"تم تحويل مبلغ 40,273.97 USD الى sara a. رقم المرجع 524453172 الرصيد 189,914.28"
4302,الأهلي,2024-08-30T18:17:00,"Purchase of SAR ٧٢,٣٤٥.٧٨ at نون on card ending xxxx٨٥٣٨ on ٢٠٢٤-٠٨-٣٠ ١٨:١٧. Available balance SAR ٢٠٩,٩٠٣.٥٢"
4303,riyad bank,2024-08-20T23:59:00,"ATM withdrawal USD 72,026.91 from account ***364 on 20/08/2024. Available balance USD 292,696.96"
4304,الأهلي,2024-05-06T12:39:00,"ATM withdrawal AED 62,179.32 from account ***568 on 2024-05-06. Available balance AED 6,655.56"
4305,alrajhi,2024-08-03T20:28:00,"Purchase of SAR 15,781.88 at بنده on card ending ****3783 on 2024-08-03 20:28. Available balance SAR 148,575.30"
4306,snb,2024-07-24T14:43:00,"Salary  of ر.س 66,212.65 credited to account ***708 on 24/07/2024"
4307,riyad bank,2024-09-14T13:07:00,"‏Transfer of USD 25,852.81 to خالد العتيبي completed. Ref 347322446. Balance USD 77,438.42‎"
4308,الأهلي,2024-03-24T14:02:00,"‏سحب نقدي 2,187.89 SAR من الحساب ***401 بتاريخ 2024-03-24 الرصيد المتاح 101,883.04‎"
4309,الراجحي,2024-07-29T02:04:00,"Transfer of ر.س 75,890.23 to sara a. completed. Ref 485870911. Balance ر.س 205,724.33"
4310,الأهلي,2024-04-15T07:54:00,"ATM withdrawal ر.س 9,248.14 from account ***482 on 2024-04-15. Available balance ر.س 224,317.57"
4311,الأهلي,2024-02-06T05:14:00,عزيزنا العميل تم تفعيل خدمة sms alerts على حسابك ***٦٧٨ للاستفسار اتصل على ٩٦٦٥٧١٩٣٣٠٠٣
4312,snb,2024-04-12T09:28:00,"Dear customer, service الحوالات الفورية was activated on account ***٦٩٣. Call ٩٦٦٥٩٠٤٥٩٩٢٤ for help"
4313,snb,2024-06-06T06:27:00,"Purchase of ر.س 19,920.99 at صيدلية النهدي on card ending xxxx6428 on 06/06/2024 06:27. Available balance ر.س 13,156.88"
4314,alrajhi,2024-03-24T05:19:00,"تم ايداع راتب بمبلغ 85,975.32 USD في الحساب ***305 بتاريخ 2024-03-24"
4315,alrajhi,2024-07-31T12:24:00,"Dear  customer, service apple pay was activated on account ***478. Call 966540806690 for help"
4316,snb,2024-11-06T21:25:00,"سحب نقدي 78,080.93 SAR من الحساب ***482 بتاريخ 06/11/2024 الرصيد المتاح 431,342.44"
4317,alrajhi,2024-07-29T23:31:00,عزيزنا العميل تم تفعيل خدمة الحوالات الفورية على حسابك ***760 للاستفسار اتصل على 966559194542
4318,alrajhi,2024-02-11T08:54:00,"Salary of AED 81,026.99 credited to account ***253 on 2024-02-11"
4319,snb,2024-06-29T20:25:00,"ATM withdrawal SAR 64,276.59 from account ***589 on 2024-06-29. Available balance"
4320,بنك الرياض,2024-02-29T06:21:00,Bill payment ر.س 369.68 to amazon.sa succeeded. Fee ر.س 70.8
4321,الأهلي,2024-04-03T22:06:00,"Bill payment SAR 4,928.94 to نون succeeded. Fee SAR 20.79"
4322,alrajhi,2024-11-01T14:17:00,"Dear customer, service apple pay was activated on account ***٣٤٩. Call ٩٦٦٥٨١٠٥٥٩٤٧ for help"
4323,الراجحي,2024-10-03T23:13:00,"تم ايداع راتب بمبلغ 74,293.75 ر.س في الحساب ***238 بتاريخ 2024-10-03"
4324,الأهلي,2024-04-14T16:37:00,Your card ****7341 was declined at بنده due to insufficient funds
4325,الأهلي,2024-11-05T04:09:00,"‏تم ايداع راتب بمبلغ 34,181.03 SAR في الحساب ***595 بتاريخ 05/11/2024‎"
4326,بنك الرياض,2024-02-20T20:39:00,"تم تحويل مبلغ 4,134.19 AED الى acme trading llc رقم المرجع 452922514 الرصيد 443,114.43"
4327,الأهلي,2024-08-29T10:30:00,"Salary  of ر.س 85,091.27 credited to account ***640 on 2024-08-29"
4328,الراجحي,2024-03-05T10:51:00,"سحب نقدي 13,841.52 AED من الحساب ***899 بتاريخ 2024-03-05 الرصيد المتاح 181,300.48"
4329,alrajhi,2024-08-14T19:05:00,Your OTP is 675899. Valid for 10 minutes. Do not share it with anyone
4330,riyad bank,2024-02-10T20:31:00,"Purchase of SAR 26,513.54 at صيدلية النهدي on card ending xxxx5799 on 2024-02-10 20:31. Available balance SAR 405,329.75"
4331,بنك الرياض,2024-04-21T10:05:00,‏عزيزنا العميل تم تفعيل خدمة الحوالات الفورية على حسابك ***٢٥٥ للاستفسار اتصل على ٩٦٦٥٦٠٤٧٩٤١٢‎
4332,بنك الرياض,2024-02-03T16:26:00,"Purchase  of ر.س 74,436.66 at starbucks on card ending xxxx5405 on 03/02/2024 16:26. Available balance ر.س 495,741.91"
4333,riyad bank,2024-07-17T19:27:00,"Salary of SAR 7,606.43 credited to account ***123 on 2024-07-17"
4334,alrajhi,2024-08-25T12:55:00,"Dear customer, service المدفوعات الدولية was activated on account ***264. Call 966565547250 for help"
4335,snb,2024-01-19T10:13:00,"‏Bill payment USD 12,283.98 to هنقرستيشن succeeded. Fee USD 55.09. Ref 574502076‎"
4336,الأهلي,2024-01-25T10:21:00,"ATM  withdrawal ر.س 50,341.86 from account ***481 on 2024-01-25. Available balance ر.س 298,001.85"
4337,snb,2024-10-22T21:06:00,"ATM withdrawal AED 9,668.81 from account ***149 on 22/10/2024. Available balance AED 365,643.09"
4338,بنك الرياض,2024-03-09T05:15:00,رمز التحقق الخاص بك هو 544022 صالح لمدة 15 دقائق لا تشاركه مع احد
4339,alrajhi,2024-02-04T15:54:00,"تم ايداع راتب بمبلغ 39,779.57 SAR في الحساب ***529 بتاريخ 04/02/2024"
4340,بنك الرياض,2024-03-26T15:58:00,"Salary of ر.س 63,116.96 credited to account ***567 "
4341,riyad bank,2024-11-27T14:36:00,Your  card xxxx2825 was declined at carrefour hyper due to insufficient funds
4342,snb,2024-06-25T18:39:00,"سحب نقدي 7,667.35 ر.س من الحساب ***634 بتاريخ 2024-06-25 الرصيد المتاح 374,066.92"
4343,الراجحي,2024-11-13T03:13:00,عزيزنا العميل تم تفعيل خدمة المدفوعات الدولية على حسابك ***372 للاستفسار اتصل على 966553079810
4344,snb,2024-03-11T17:51:00,"تم ØªØ­ÙˆÙŠÙ„ Ù…Ø¨Ù„Øº 43,924.04 AED Ø§Ù„Ù‰ acme trading llc رقم المرجع 562857965 الرصيد 202,489.31"
4345,الأهلي,2024-04-02T19:34:00,"عملية شراء بمبلغ 8,087.23 SAR لدى هنقرستيشن بالبطاقة xxxx8214 بتاريخ 2024-04-02 الرصيد المتاح 64,269.93"
4346,بنك الرياض,2024-01-09T10:58:00,"سحب نقدي ٧,٤٦٨.٧٣ SAR من الحساب ***٢٦٠ بتاريخ ٠٩/٠١/٢٠٢٤ الرصيد المتاح ٣١٤,٦٤٣.٦٣"
4347,الأهلي,2024-06-10T23:26:00,"سحب نقدي 52,109.54 ر.س من الحساب ***698 بتاريخ 2024-06-10 الرصيد المتاح 483,811.24"
4348,riyad bank,2024-10-17T18:48:00,Your card ****6822 was declined at jarir bookstore due to insufficient funds
4349,الأهلي,2024-10-21T23:46:00,"Purchase of SAR ١٨,٤٩٧.٤٠ at jarir bookstore on card ending ****٢٤١٤ on ٢٠٢٤-١٠-٢١ ٢٣:٤٦. Available balance SAR ٢٠,٦٥٨.٠٣"
4350,riyad bank,2024-07-30T22:04:00,"سحب  نقدي 32,714.57 SAR من الحساب ***447 بتاريخ 2024-07-30 الرصيد المتاح 276,752.26"
4351,alrajhi,2024-03-14T22:35:00,"سحب نقدي 49,117.64 ر.س من الحساب ***391 بتاريخ 2024-03-14 الرصيد المتاح 317,764.80"
4352,الأهلي,2024-04-10T08:37:00,عزيزنا العميل تم تفعيل خدمة الحوالات الفورية على حسابك ***٦١٢ للاستفسار اتصل على ٩٦٦٥٩٢٦٣٣١٤٩
4353,الراجحي,2024-01-31T01:41:00,"Salary  of USD 44,173.69 credited to account ***779 on 31/01/2024 thank you"
4354,riyad bank,2024-01-08T17:36:00,"تم تحويل مبلغ 82,814.84 USD الى خالد العتيبي رقم المرجع 679291717 الرصيد 373,438.84"
4355,الأهلي,2024-08-12T04:57:00,"Transfer of SAR 67,262.84 to نورة الشمري completed. Ref 641481406. Balance SAR 6,074.72"
4356,riyad bank,2024-05-04T23:00:00,"Dear customer, service apple pay was activated on account ***697. Call 966532590670 for help"
4357,بنك الرياض,2024-10-01T07:35:00,"تم ايداع راتب بمبلغ 78,913.51 ر.س في الحساب ***789 بتاريخ 2024-10-01"
4358,الأهلي,2024-12-05T04:27:00,"تم تحويل مبلغ 7,262.71 AED الى خالد العتيبي رقم المرجع 465251368 الرصيد 330,742.05"
4359,بنك الرياض,2024-11-27T05:37:00,خصم رسوم 92.95 USD على الحساب ***621 رقم العمل
4360,بنك الرياض,2024-04-08T04:26:00,"Bill payment USD 83,432.22 to jarir bookstore succeeded. Fee USD 71.16. Ref 639123095"
4361,بنك الرياض,2024-03-26T23:11:00,"تم ايداع راتب بمبلغ ٤٥,٢١١.٨٤ AED في الحساب ***١٢٢ بتاريخ ٢٠٢٤-٠٣-٢٦"
4362,riyad bank,2024-09-24T02:29:00,رمز التحقق الخاص بك هو 466862 صالح لمدة 15 دقائق لا تشاركه مع احد
4363,snb,2024-09-26T14:00:00,"Bill payment SAR 18,629.67 to نون succeeded. Fee SAR 78.80. Ref 960800275"
4364,snb,2024-07-22T15:14:00,‏رمز التحقق الخاص بك هو 801971 صالح لمدة 15 دقائق لا تشاركه مع احد‎
4365,riyad bank,2024-04-01T12:51:00,"Bill payment USD 62,257.88 to starbucks succeeded. Fee USD 51.60. Ref 216203884"
4366,riyad bank,2024-04-11T16:29:00,"Transfer of AED 60,730.12 to acme trading llc completed. Ref 970312120. Balance AED 84,570.43 -بنك الرياض"
4367,alrajhi,2024-02-25T19:24:00,"عملية شراء بمبلغ 63,041.45 ر.س لدى نون بالبطاقة xxxx8398 بتاريخ 2024-02-25 الرص"
4368,الراجحي,2024-07-21T17:32:00,"Salary of SAR 77,742.88 credited to account ***620 on 2024-07-21"
4369,بنك الرياض,2024-04-30T20:09:00,Your OTP is 577296. Valid for 15 minutes. Do not share it with anyone
4370,snb,2024-09-05T03:39:00,"Bill payment SAR 89,333.03 to carrefour hyper succeeded. Fee SAR 51.94. Ref 379789251"
4371,riyad bank,2024-11-09T22:27:00,"تم Ø§ÙŠØ¯Ø§Ø¹ Ø±Ø§ØªØ¨ Ø¨Ù…Ø¨Ù„Øº 19,247.25 Ø±.Ø³ Ùي الحساب ***344 بتاريخ 09/11/2024"
4372,الراجحي,2024-10-11T15:38:00,Your OTP is 386592. Valid for 15 minutes. Do not share it with anyone
4373,بنك الرياض,2024-05-24T02:58:00,"ATM withdrawal AED ٣٦,٣٥٧.٥٤ from account ***٢٥٧ on ٢٤/٠٥/٢٠٢٤. Available balance AED ٤٦٨,٥٧٨.٨١"
4374,بنك الرياض,2024-06-20T01:25:00,عزيزنا العميل تم تفعيل خدمة المدفوعات الدولية على حسابك ***750 للاستفسار اتصل على 966532706329
4375,snb,2024-10-25T16:19:00,"تم تحويل مبلغ 36,843.01 ر.س الى mohammed ali رقم المرجع 937416571 الرصيد 377,475.04"
4376,riyad bank,2024-03-19T05:58:00,"تم ايداع راتب بمبلغ 38,036.11 USD في الحساب ***252 بتاريخ 19/03/2024"
4377,الراجحي,2024-07-16T00:15:00,"‏Bill payment USD 32,327.87 to carrefour hyper succeeded. Fee USD 30.38. Ref 910421478‎"
4378,riyad bank,2024-10-28T15:19:00,"سحب  نقدي 51,470.53 AED من الحساب ***504 بتاريخ 28/10/2024 الرصيد المتاح 425,282.20"
4379,snb,2024-08-01T06:13:00,عزيزنا العميل تم تفعيل خدمة المدفوعات الدولية على حسابك ***753 للاستفسار ات
4380,snb,2024-11-06T16:30:00,"Transfer of AED 72,186.98 to sara a. completed. Ref 202156745. Balance AED 436,131.34"
4381,snb,2024-01-19T18:26:00,"Salary of SAR 53,766.67 credited to account ***447 on 19/01/2024"
4382,الأهلي,2024-01-21T10:01:00,"تم ايداع راتب بمبلغ 36,499.90 USD في الحساب ***557 بتاريخ 21/01/2024"
4383,snb,2024-10-04T10:59:00,رمز التحقق الخاص بك هو 76485 صالح لمدة 5 دقائق لا تشاركه مع احد
4384,بنك الرياض,2024-06-22T12:14:00,"سحب نقدي 78,523.17 ر.س من الحساب ***887 بتاريخ 22/06/2024 الرصيد المتاح 250,558.49"
4385,riyad bank,2024-07-10T21:43:00,"Purchase of SAR 851.52 at نون on card ending ****7790 on 2024-07-10 21:43. Available balance SAR 304,482.79"
4386,الراجحي,2024-05-15T19:21:00,"سحب نقدي 70,987.38 USD من الحساب ***852 بتاريخ 2024-05-15 الرصيد المتاح 31,210.28"
4387,الراجحي,2024-11-22T21:26:00,خصم رسوم 27.38 ر.س على الحساب ***728 رقم العملية 111380594
4388,الأهلي,2024-04-18T18:38:00,"سحب  نقدي 78,247.56 USD من الحساب ***511 بتاريخ 18/04/2024 الرصيد المتاح 480,681.48"
4389,بنك الرياض,2024-10-19T06:29:00,"عملية شراء بمبلغ 67,313.14 USD لدى amazon.sa بالبطاقة xxxx8599 بتاريخ 19/10/2024 الرصيد المتاح 135,229.48"
4390,riyad bank,2024-03-07T16:55:00,"تم تحويل مبلغ 48,420.78 USD الى acme trading llc رقم المرجع 366677205 الرصيد 427,358.19"
4391,snb,2024-10-25T05:08:00,"ATM withdrawal SAR 85,292.29 from account ***455 on 2024-10-25. Available balance SAR 59,630.87"
4392,riyad bank,2024-05-17T12:05:00,"سحب نقدي 65,099.28 ر.س من الحساب ***150 بتاريخ 2024-05-17 الرصيد المتاح 287,828.83"
4393,snb,2024-09-03T19:07:00,"Bill payment SAR 28,549.35 to ØµÙŠØ¯Ù„ÙŠØ© Ø§Ù„Ù†Ù‡Ø¯ÙŠ succeeded. Fee SAR 29.88. Ref 323579897"
4394,riyad bank,2024-10-15T14:58:00,عزيزنا العميل تم تفعيل خدمة المدفوعات الدولية على حسابك ***659 للاستفسار اتصل على 966585828106
4395,بنك الرياض,2024-11-01T20:00:00,"Purchase of USD 88,956.29 at بنده on card ending xxxx4982 on 01/11/2024 20:00. Available balance USD 117,162.54"
4396,بنك الرياض,2024-12-02T22:31:00,Your card ****2880 was declined at ØµÙŠØ¯Ù„ية النهدي due to insufficient funds
4397,بنك الرياض,2024-09-04T11:04:00,"Salary of SAR 65,515.13 credited to account ***133 on 04/09/2024"
4398,الأهلي,2024-08-03T23:09:00,عزيزنا Ø§Ù„Ø¹Ù…ÙŠÙ„ ØªÙ… ØªÙØ¹ÙŠÙ„ Ø®Ø¯Ù…Ø© apple pay Ø¹Ù„Ù‰ Ø­Ø³Ø§Ø¨ك ***458 للاستفسار اتصل على 966545664743
4399,الأهلي,2024-06-14T10:41:00,"Dear customer, service sms alerts was activated on account ***726. Call 966582097900 for help"
4400,riyad bank,2024-06-24T09:16:00,"Transfer  of ر.س 55,241.24 to acme trading llc completed. Ref 662724887. Balance ر.س 21,174.32"
4401,بنك الرياض,2024-01-26T23:09:00,عزيزنا العميل تم تفعيل خدمة sms alerts على حسابك ***367 للاستفسار اتصل على 966538288677
4402,alrajhi,2024-11-07T04:56:00,"Transfer of AED 69,905.09 to sara a. completed. Ref 669979089. Balance AED 250,317.58"
4403,الأهلي,2024-09-27T02:36:00,عزيزنا العميل تم تفعيل خدمة sms alerts على حسابك ***230 للاستفسار اتصل على 966573312685
4404,الأهلي,2024-03-20T05:43:00,عزيزنا العميل تم تفعيل خدمة المدفوعات الدولية على حسابك ***٥٨٧ للاستفسار اتصل على ٩٦٦٥٥٠٩٣٨٧٧٨
4405,الأهلي,2024-11-11T01:55:00,عزيزنا العميل تم تفعيل خدمة الحوالات الفورية على حسابك ***990 للاستفسار اتصل على 966521480388
4406,بنك الرياض,2024-05-24T07:02:00,"‏Transfer  of SAR 22,131.02 to mohammed ali completed. Ref 203564951. Balance SAR 306,167.23‎"
4407,riyad bank,2024-01-28T16:53:00,"تم ايداع راتب بمبلغ 13,176.67 SAR في الحساب ***842 بتاريخ 2024-01-28"
4408,snb,2024-02-29T05:13:00,"Transfer of AED 89,176.56 to نورة الشمري completed. Ref 578305342. Balance AED 61,095.97"
4409,الأهلي,2024-01-10T23:24:00,"Purchase of SAR 13,675.22 at jarir bookstore on card ending xxxx3792 on 10/01/2024 23:24. Available balance SAR 236,089.99"
4410,snb,2024-02-10T17:03:00,"سحب نقدي 5,105.51 AED من الحساب ***468 بتاريخ 2024-02-10 الرصيد المتاح 428,162.91"
4411,بنك الرياض,2024-10-02T18:16:00,Your OTP is 118859. Valid for 5 minutes. Do not share it with anyone
4412,بنك الرياض,2024-07-03T00:08:00,"سحب نقدي ٦٠,٦٧٩.٨٢ SAR من الحساب ***٦٤٢ بتاريخ ٠٣/٠٧/٢٠٢٤ الرصيد المتاح ٢٩٨,١٢٠.٣٦"
4413,الأهلي,2024-11-05T13:31:00,Your card xxxx7901 was declined at نون due to insufficient funds
4414,riyad bank,2024-06-08T11:14:00,"تم تحويل مبلغ 30,864.31 ر.س الى نورة الشمري رقم المرجع 300102312 الرصيد 33,418.24"
4415,snb,2024-02-02T15:45:00,"عملية شراء بمبلغ 10,043.66 ر.س لدى jarir bookstore بالبطاقة xxxx4398 بتاريخ 02/02/2024 الرصيد المتاح 61,708.41"
4416,بنك الرياض,2024-11-01T21:40:00,"سحب  نقدي 8,900.96 USD من الحساب ***563 بتاريخ 2024-11-01 الرصيد المتاح 128,048.11"
4417,riyad bank,2024-01-29T10:17:00,"Salary of AED 68,490.50 credited to account ***560 on 2024-01-29"
4418,snb,2024-10-14T08:38:00,Your OTP is 920884. Valid for 15 minutes. Do not share it with anyone thank you
4419,riyad bank,2024-12-09T16:28:00,"Transfer of SAR 39,651.77 to acme trading llc completed. Ref 409140554. Bal"
4420,riyad bank,2024-07-22T18:32:00,عزيزنا العميل تم تفعيل خدمة apple pay على حسابك ***607 للاستفسار اتصل على 966564517559
4421,snb,2024-04-18T22:33:00,‏رمز التحقق الخاص بك هو 735430 صالح لمدة 5 دقائق لا تشاركه مع احد‎
4422,الأهلي,2024-01-13T18:00:00,Your  card ****5446 was declined at نون due to insufficient funds
4423,riyad bank,2024-09-21T07:06:00,"Transfer of Ø±.Ø³ 63,573.46 to acme trading llc completed. Ref 772964988. Balance ر.س 458,976.80"
4424,الأهلي,2024-01-02T22:07:00,خصم رسوم 80.05 AED على الحساب ***984 رقم العملية 942277642
4425,بنك الرياض,2024-06-30T15:47:00,"سحب نقدي 87,213.36 SAR من الحساب ***898 بتاريخ 2024-06-30 الرصيد المتاح 479,177.51"
4426,riyad bank,2024-05-11T21:47:00,رمز التحقق الخاص بك هو 666901 صالح لمدة 15 دقائق لا تشاركه مع احد
4427,riyad bank,2024-04-14T13:33:00,"ATM withdrawal ر.س 10,362.76 from account ***156 on 2024-04-14. Available balance ر.س 262,503.00"
4428,بنك الرياض,2024-10-26T00:18:00,"Purchase of SAR 6,860.44 at هنقرستيشن on card ending xxxx8328 on 2024-10-26 00:18. Available balance SAR 35,691.86"
4429,snb,2024-04-15T21:21:00,"سحب نقدي 11,886.48 ر.س من الحساب ***281 بتاريخ 15/04/2024 الرصيد المتاح 272,022.84"
4430,alrajhi,2024-04-13T10:48:00,"Purchase of AED 35,256.93 at صيدلية النهدي on card ending ****5173 on 2024-04-13 10:48. Available balance AED 112,695.11"
4431,الأهلي,2024-07-10T11:54:00,عزيزنا  العميل تم تفعيل خدمة apple pay على حسابك ***762 للاستفسار اتصل على 966557764344
4432,بنك الرياض,2024-04-14T11:07:00,"تم تحويل مبلغ 26,318.10 AED الى خالد العتيبي رقم المرجع 961249064 الرصيد 342,672.47"
4433,snb,2024-07-27T14:24:00,رمز التحقق الخاص بك هو 775587 صالح لمدة 15 دقائق لا 
4434,الراجحي,2024-06-27T05:02:00,خصم رسوم 94.12 AED على الحساب ***548 رقم العملية 779088817
4435,snb,2024-03-01T23:10:00,"ATM withdrawal AED 87,544.96 from account ***758 on 2024-03-01. Available balance AED 416,505.43"
4436,snb,2024-03-15T04:16:00,"ATM withdrawal AED 15,748.61 from account ***592 on 2024-03-15. Available balance AED 377,439.51"
4437,riyad bank,2024-11-11T16:02:00,"‏Bill payment ر.س 6,364.73 to starbucks succeeded. Fee ر.س 98.06. Ref 968007998‎ -الراجحي"
4438,الراجحي,2024-01-02T14:33:00,"Salary of AED 77,702.03 credited to account ***153 on 2024-01-02"
4439,riyad bank,2024-04-14T08:14:00,"‏عملية شراء بمبلغ 87,633.33 SAR لدى هنقرستيشن بالبطاقة xxxx9155 بتاريخ 2024-04-14 الرصيد المتاح 184,473.73‎"
4440,الأهلي,2024-10-07T14:57:00,"ATM withdrawal USD 14,506.70 from account ***242 on 07/10/2024. Available balance USD 446,799.27 شكرا لك"
4441,snb,2024-11-12T04:27:00,Your  OTP is 843489. Valid for 15 minutes. Do not share it with anyone
4442,snb,2024-06-10T10:11:00,عزيزنا العميل تم تفعيل خدمة sms alerts على حسابك ***453 للاستفسار اتصل على 966534368669
4443,alrajhi,2024-03-08T03:05:00,"Transfer  of SAR 67,308.31 to نورة الشمري completed. Ref 351675383. Balance SAR 385,467.32"
4444,snb,2024-08-29T10:38:00,"Bill payment SAR 10,298.76 to jarir bookstore succeeded. Fee SAR 47.92. Ref 587298789"
4445,snb,2024-04-18T22:12:00,خصم رسوم 46.05 USD على الحساب ***568 رقم العملية 144488516
4446,riyad bank,2024-09-22T07:54:00,"تم  تحويل مبلغ ٢٨,٢٣٧.٥٧ SAR الى خالد العتيبي رقم المرجع ٦١٢٣٥١٠٤٩ الرصيد ٣٥٦,٧٥٩.٥٨"
4447,alrajhi,2024-05-11T18:55:00,"Purchase of USD 49,554.38 at بنده on card ending ****6812 on 11/05/2024 18:55. Available balance USD 238,033.29"
4448,snb,2024-04-11T17:07:00,خصم رسوم 49.71 AED على الحساب ***217 رقم العملية 924567010 شكرا لك
4449,snb,2024-05-30T04:45:00,"Purchase of ر.س ٢٩٢.٥٤ at صيدلية النهدي on card ending ****٦٥٩٢ on ٣٠/٠٥/٢٠٢٤ ٠٤:٤٥. Available balance ر.س ٢٨١,٨٠٣.٠٠"
4450,alrajhi,2024-11-08T16:00:00,"Salary of USD 15,794.45 credited to account ***156 on 2024-11-08"
4451,riyad bank,2024-10-19T15:52:00,Your  OTP is 872529. Valid for 5 minutes. Do not share it with anyone
4452,riyad bank,2024-07-21T01:23:00,"Purchase of SAR 74,102.48 at نون on card ending ****4684 on 21/07/2024 01:23. Available balance SAR 138,118.19"
4453,الراجحي,2024-10-17T01:49:00,Your card xxxx1766 was declined at بنده due to insufficient funds
4454,alrajhi,2024-01-19T15:16:00,"عملية شراء بمبلغ 26,562.49 USD لدى صيدلية النهدي بالبطاقة ****2404 بتاريخ 2024-01-19 الرصيد المتاح 113,170.14 -الراجحي"
4455,riyad bank,2024-11-16T23:26:00,"ATM withdrawal SAR 60,393.25 from account ***721 on 2024-11-16. Available balance SAR 408,733.19"
4456,alrajhi,2024-09-01T18:04:00,"Transfer of SAR 8,189.14 to خالد العتيبي completed. Ref 671702949. Balance SAR 224,000.97"
4457,الأهلي,2024-03-15T13:47:00,"Purchase of USD 88,612.32 at carrefour hyper on card ending ****9418 on 15/03/2024 13:47. Available balance USD 218,617.06"
4458,snb,2024-04-20T16:55:00,عزيزنا العميل تم تفعيل خدمة الحوالات الفورية على حسابك ***656 للاستفسار اتصل على 966510810223
4459,الأهلي,2024-07-04T05:20:00,Your OTP is 318987. Valid for 5 minutes. Do not share it with anyone
4460,snb,2024-05-21T10:07:00,"عملية شراء بمبلغ 22,583.23 USD لدى نون بالبطاقة xxxx7195 بتاريخ 2024-05-21 الرصيد المتاح 82,478.19"
4461,riyad bank,2024-01-30T16:45:00,Your card ****8734 was declined at هنقرستيشن due to insufficient funds
4462,الأهلي,2024-06-26T01:45:00,عزيزنا  العميل تم تفعيل خدمة sms alerts على حسابك ***951 للاستفسار اتصل على 966540495268
4463,riyad bank,2024-03-25T08:57:00,"Transfer of SAR 60,631.14 to sara a. completed. Ref 494598776. Balance SAR 440,633.80"
4464,الراجحي,2024-08-06T23:10:00,"Salary of SAR 88,497.05 credited to account ***625 on 2024-08-06"
4465,riyad bank,2024-07-01T13:22:00,‏عزيزنا العميل تم تفعيل خدمة apple pay على حسابك ***567 للاستفسار اتصل على 966529953900‎
4466,snb,2024-11-04T04:57:00,خصم رسوم ٤٩.٧٣ AED على الحساب ***٤٤٦ رقم العملية ٣٨٥٥٤٣١٤٦
4467,snb,2024-05-22T22:41:00,"تم ايداع راتب بمبلغ 80,966.49 AED في الحساب ***965 بتاريخ 2024-05-22"
4468,الراجحي,2024-11-16T09:20:00,"Salary of SAR 52,080.32 credited to account ***177 on 16/11/2024"
4469,alrajhi,2024-07-30T19:47:00,خصم رسوم ٢١.٣٨ SAR على الحساب ***١٨٩ رقم العملية ٤٨٣٣٨٨٧٤٤
4470,alrajhi,2024-10-30T19:33:00,"Transfer of USD ٦,٠٥٧.٥٤ to sara a. completed. Ref ٣٠٥٩٤٠٣٢٨. Balance USD ٢٧٥,٢٦٧.٥٦"
4471,alrajhi,2024-12-03T22:20:00,"‏Transfer of ر.س 35,118.33 to خالد العتيبي completed. Ref 165791576. Balance ر.س 468,844.74‎"
4472,الأهلي,2024-04-19T15:21:00,"سحب نقدي ١٩,٣٧١.٣٨ AED من الحساب ***٧٦٠ بتاريخ ٢٠٢٤-٠٤-١٩ الرصيد المتاح ٣٢١,١٩٣.٨٤"
4473,riyad bank,2024-07-31T22:44:00,"Dear customer, service الحوالات الفورية was activated on account ***434. Call 966531644047 for help -بنك الرياض"
4474,بنك الرياض,2024-07-23T19:01:00,"Purchase  of ر.س 31,625.45 at هنقرستيشن on card ending ****3989 on 23/07/2024 19:01. Available balance ر.س 143,489.51"
4475,alrajhi,2024-08-27T13:07:00,"Dear customer, service sms alerts was activated on account ***974. Call 96"
4476,snb,2024-11-26T20:03:00,"Transfer of ر.س 41,215.34 to mohammed ali completed. Ref 560138320. Balance ر.س 465,934.39 شكرا لك"
4477,بنك الرياض,2024-01-11T12:31:00,Your OTP is ٨٩٧٨٠١. Valid for ١٠ minutes. Do not share it with anyone
4478,alrajhi,2024-01-09T09:16:00,عزيزنا Ø§Ù„Ø¹Ù…ÙŠÙ„ ØªÙ… ØªÙØ¹ÙŠÙ„ Ø®Ø¯Ù…Ø© Ø§Ù„Ù…Ø¯ÙÙˆØ¹Ø§Øª Ø§Ù„Ø¯ÙˆÙ„ÙŠØ© Ø¹Ù„Ù‰ حسابك ***533 للاستفسار اتصل على 966551256816
4479,الأهلي,2024-12-05T00:09:00,"Dear customer, service الحوالات الفورية was activated on account ***469. Call 966576046018 for help"
4480,الراجحي,2024-11-05T10:08:00,"تم ايداع راتب بمبلغ 22,601.31 AED في الحساب ***686 بتاريخ 2024-11-05"
4481,الراجحي,2024-04-25T04:58:00,رمز  التحقق الخاص بك هو 862649 صالح لمدة 15 دقائق لا تشاركه مع احد
4482,riyad bank,2024-01-31T01:06:00,"Dear customer, service sms alerts was activated on account ***١٣٢. Call ٩٦٦٥٩٠٤٥٢٤٥٤ for help"
4483,بنك الرياض,2024-10-31T18:32:00,"سحب نقدي 84,030.16 AED من الحساب ***964 بتاريخ 2024-10-31 الرصيد المتاح 153,118.40"
4484,بنك الرياض,2024-12-12T16:23:00,"Purchase  of SAR 36,664.07 at starbucks on card ending ****9120 on 2024-12-12 16:23. Available balance SAR 425,661.81"
4485,snb,2024-06-22T16:57:00,عزيزنا العميل تم تفعيل خدمة sms alerts على حسابك ***115 للاستفسار اتصل على 966533892420
4486,riyad bank,2024-09-13T04:43:00,"Dear customer, service sms alerts was activated on account ***899. Call 966540738080 for help"
4487,بنك الرياض,2024-06-13T01:19:00,"Dear customer, service sms alerts was activated on account ***445. Call 966527026561 for help"
4488,بنك الرياض,2024-08-11T19:21:00,خصم رسوم 1.76 AED على الحساب ***960 رقم العملية 119174561
4489,بنك الرياض,2024-09-07T22:37:00,"Purchase of ر.س 3,698.24 at amazon.sa on card ending xxxx8736 on 2024-09-07 22:37. Available balance ر.س 339,726.49"
4490,alrajhi,2024-02-15T10:26:00,"‏Dear customer, service المدفوعات الدولية was activated on account ***783. Call 966520676868 for help‎"
4491,بنك الرياض,2024-05-04T12:37:00,Your card xxxx6145 was declined at هنقرستيشن due to insu
4492,snb,2024-03-30T05:22:00,"Transfer of USD 22,377.18 to نورة الشمري completed. Ref 461679276. Balance USD 455,981.27"
4493,alrajhi,2024-01-10T12:09:00,"Bill payment AED 84,641.33 to هنقرستيشن succeeded. Fee AED 30.29. Ref 983833039"
4494,الأهلي,2024-05-17T22:17:00,"ATM withdrawal AED 44,628.40 from account ***120 on 2024-05-17. Available balance AED 21,782.04"
4495,الأهلي,2024-07-27T02:04:00,Your OTP is 278692. Valid for 5 minutes. Do not share it with anyone
4496,الراجحي,2024-10-02T15:10:00,"ATM withdrawal ر.س 27,407.09 from account ***590 on 02/10/2024. Available balance ر.س 424,384.67"
4497,الراجحي,2024-01-21T06:30:00,"Salary of AED 45,636.08 credited to account ***119 on 2024-01-21"
4498,الأهلي,2024-07-14T21:18:00,"عملية  شراء بمبلغ ٧٥,٢٠١.١٨ SAR لدى jarir bookstore بالبطاقة xxxx٢٠٤٣ بتاريخ ١٤/٠٧/٢٠٢٤ الرصيد المتاح ١٢٧,٥٦٩.٦٧"
4499,الأهلي,2024-10-07T03:09:00,Your OTP is 889467. Valid for 5 minutes. Do not share it with anyone
4500,snb,2024-10-26T19:44:00,"Salary of USD 56,212.74 credited to account ***220 on 2024-10-26"
4501,الراجحي,2024-01-24T13:26:00,خصم رسوم 73.12 USD على الحساب ***129 رقم العملية 658905048
4502,بنك الرياض,2024-04-07T09:31:00,"ATM withdrawal ر.س 84,970.66 from account ***434 on 2024-04-07. Available balance ر.س 430,305.75"
4503,snb,2024-11-28T00:57:00,"عملية شراء بمبلغ 23,512.17 ر.س لدى amazon.sa بالبطاقة xxxx1087 بتاريخ 2024-11-28 الرصيد المتاح 343,156.67"
4504,بنك الرياض,2024-07-10T08:18:00,"عملية شراء بمبلغ 81,939.85 SAR لدى amazon.sa بالبطاقة xxxx1538 بتاريخ 10/07/2024 الرصيد المتاح 418,499.90 شكرا لك"
4505,الراجحي,2024-01-23T17:42:00,"Salary of ر.س 17,541.69 credited to account ***805 on 23/01/2024 thank you"
4506,بنك الرياض,2024-03-31T10:54:00,"عملية شراء بمبلغ 8,733.49 ر.س لدى بنده بالبطاقة xxxx5520 بتاريخ 2024-03-31 الرصيد المتاح 495,267.41"
4507,snb,2024-04-29T12:13:00,خصم رسوم 59.84 USD على الحساب ***462 رقم العملية 416149031
4508,الراجحي,2024-04-04T14:01:00,"ATM withdrawal AED 64,509.42 from account ***685 on 2024-04-04. Available balance AED 68,994.03"
4509,بنك الرياض,2024-03-29T03:04:00,رمز التحقق الخاص بك هو 239473 صالح لمدة 10 دقائق لا تشاركه مع احد
4510,بنك الرياض,2024-07-30T17:16:00,Your  OTP is 826106. Valid for 15 minutes. Do not share it with anyone
4511,alrajhi,2024-09-01T18:13:00,خصم رسوم 69.05 USD على الحساب ***610 رقم العملية 736640593
4512,alrajhi,2024-04-29T14:10:00,"Dear customer, service المدفوعات الدولية was activated on account ***222. Call 966559705608 for help"
4513,snb,2024-10-27T14:24:00,"Salary of USD 2,234.48 credited to account ***383 on 27/10/2024"
4514,الأهلي,2024-02-20T21:59:00,"ATM withdrawal AED 2,740.79 from account ***921 on 2024-02-20. Available balance AED 435,663.70"
4515,الراجحي,2024-10-07T19:25:00,"Purchase of SAR 43,747.98 at هنقرستيشن on card ending ****9397 on 2024-10-07 19:25. Available balance SAR 82,263.52"
4516,alrajhi,2024-08-29T03:52:00,رمز  التحقق الخاص بك هو 987246 صالح لمدة 10 دقائق لا تشاركه مع احد
4517,snb,2024-09-10T18:13:00,رمز التحقق الخاص بك هو 89005 صالح لمدة 5 دقائق لا تشاركه مع احد
4518,riyad bank,2024-02-24T10:59:00,"تم تحويل مبلغ 52,329.56 ر.س الى نورة الشمري رقم المرجع 992344609 الرصيد 367,610.52"
4519,الراجحي,2024-04-17T05:55:00,"عملية شراء بمبلغ 47,593.77 USD لدى نون بالبطاقة ****9089 بتاريخ 2024-04-17 الرصيد المتاح 390,284.74"
4520,الأهلي,2024-04-30T23:40:00,Your OTP is 764231. Valid for 5 minutes. Do not share it with anyone
4521,alrajhi,2024-08-05T00:05:00,"تم  ايداع راتب بمبلغ ٢٧,٠٣٦.٨٣ SAR في الحساب ***٧٥٥ بتاريخ ٠٥/٠٨/٢٠٢٤"
4522,الأهلي,2024-10-26T10:57:00,"Bill payment SAR 61,333.54 to صيدلية النهدي succeeded. Fee SAR 97.00. Ref 228905078"
4523,alrajhi,2024-07-23T06:04:00,"Dear customer, service apple pay was activated on account ***183. Call 966574638534 for help"
4524,riyad bank,2024-08-05T06:55:00,"ATM withdrawal ر.س 35,286.73 from account ***450 on 2024-08-05. Available balance ر.س 363,127.90"
4525,snb,2024-05-12T19:28:00,"Salary of SAR 45,828.22 credited to account ***818 on 2024-05-12"
4526,الراجحي,2024-07-19T11:41:00,"‏تم تحويل مبلغ 11,884.79 AED الى نورة الشمري رقم المرجع 299975012 الرصيد 213,855.54‎"
4527,الأهلي,2024-08-05T15:39:00,عزيزنا العميل تم تفعيل خدمة الحوالات الفورية على حسابك ***103 للاستفسار اتصل على 966532101816
4528,الراجحي,2024-07-07T12:14:00,"Dear customer, service الحوالات الفورية was activated on account ***163. Call 966590139135 for help"
4529,بنك الرياض,2024-11-30T21:13:00,"سحب نقدي 55,283.42 SAR من الحساب ***623 بتاريخ 2024-11-30 الرصيد المتاح 317,422.05 thank you"
4530,الأهلي,2024-02-27T00:15:00,"Salary of SAR ٤٩,٦٣٢.٦١ credited to account ***٩٦٤ on ٢٧/٠٢/٢٠٢٤"
4531,بنك الرياض,2024-10-28T14:58:00,"Purchase of AED ٢٩,٢١٢.٨٢ at amazon.sa on card ending ****١٠٨٩ on ٢٠٢٤-١٠-٢٨ ١٤:٥٨. Available balance AED ٢٨١,٠٩٠.٥٢"
4532,snb,2024-06-27T06:42:00,‏خصم رسوم ٢٥.٤٥ USD على الحساب ***٤٨١ رقم العملية ٢٣٥١١٥٣٧٩‎
4533,snb,2024-02-16T02:23:00,"ATM withdrawal AED 80,562.21 from account ***729 on 2024-02-16. Available balance AED 376,775.05"
4534,بنك الرياض,2024-06-03T07:44:00,خصم رسوم 84.27 AED على الحساب ***665 رقم العملية 999164593 -snb
4535,snb,2024-11-06T03:41:00,"ATM withdrawal USD 70,652.87 from account ***476 on 2024-11-06. Available balance USD 326,268.77"
4536,الأهلي,2024-06-04T06:08:00,رمز  التحقق الخاص بك هو 894804 صالح لمدة 10 دقائق لا تشاركه مع احد
4537,alrajhi,2024-07-28T07:09:00,"Bill payment SAR 51,835.44 to jarir bookstore succeeded. Fee SAR 71.19. Ref 583861932"
4538,riyad bank,2024-07-29T21:41:00,"Salary  of AED 63,225.43 credited to account ***512 on 2024-07-29"
4539,بنك الرياض,2024-08-30T20:50:00,Your OTP is 250052. Valid for 10 minutes. Do not share it with anyone
4540,بنك الرياض,2024-03-14T21:13:00,"Bill payment SAR 88,349.03 to jarir bookstore succeeded. Fee SAR 46.55. Ref 587089667 شكرا لك"
4541,alrajhi,2024-12-12T03:59:00,"تم ايداع راتب بمبلغ 7,828.44 AED في الحساب ***842 بتاريخ 2024-12-12"
4542,بنك الرياض,2024-04-25T06:22:00,عزيزنا العميل تم تفعيل خدمة الحوالات الفورية على حسابك ***٩٤٢ للاستفسار اتصل على ٩٦٦٥٩١٨٠٤٠٧٥
4543,snb,2024-04-14T04:29:00,خصم  رسوم ٢٦.٥٧ ر.س على الحساب ***٢٨٨ رقم العملية ٧٦٧٢٤٧٧٧٥
4544,riyad bank,2024-08-13T08:30:00,Your card ****٥٤٨٥ was declined at نون due to insufficient funds
4545,snb,2024-03-15T04:32:00,"Salary of AED 16,271.61 credited to account ***720 on 2024-03-15"
4546,الراجحي,2024-10-30T03:00:00,"Dear  customer, service الحوالات الفورية was activated on account ***110. Call 966516843484 for help"
4547,snb,2024-03-05T00:43:00,رمز التحقق الخاص بك هو 926390 صالح لمدة 5 دقائق لا تشاركه مع احد
4548,بنك الرياض,2024-10-14T00:42:00,"عملية شراء بمبلغ 44,690.08 AED لدى jarir bookstore بالبطاقة ****5558 بتاريخ 2024-10-14 الرصيد المتاح 201,381.92"
4549,الأهلي,2024-09-07T19:22:00,"عملية شراء بمبلغ 979.95 SAR لدى amazon.sa بالبطاقة xxxx8422 بتاريخ 07/09/2024 الرصيد المتاح 434,589.71"
4550,alrajhi,2024-07-18T15:19:00,"تم ايداع راتب بمبلغ 35,524.33 ر.س في الحساب ***437 بتاريخ 18/07/2024"
4551,alrajhi,2024-11-08T11:17:00,"سحب نقدي 11,029.20 ر.س من الحساب ***106 بتاريخ 08/11/2024 الرصيد المتاح 198,705.50 thank you"
4552,alrajhi,2024-06-13T18:55:00,عزيزنا  العميل تم تفعيل خدمة الحوالات الفورية على حسابك ***475 للاستفسار اتصل على 966579809788
4553,الراجحي,2024-04-24T21:20:00,"Transfer of ر.س 78,828.28 to خالد العتيبي completed. Ref 307970559. Balance ر.س 35,889.67"
4554,snb,2024-09-13T12:39:00,"Bill payment AED 50,852.63 to jarir bookstore succeeded. Fee AED 32.59. Ref 233799776"
4555,riyad bank,2024-01-30T20:21:00,"عملية شراء بمبلغ 28,135.03 USD لدى نون بالبطاقة ****4705 بتاريخ 30/01/2024 الرصيد المتاح 378,819.96"
4556,الأهلي,2024-07-28T10:01:00,‏عزيزنا العميل تم تفعيل خدمة المدفوعات الدولية على حسابك ***955 للاستفسار اتصل على 966547743102‎
4557,الأهلي,2024-05-18T16:13:00,رمز التحقق الخاص بك هو 883916 صالح لمدة 15 دقائق لا تشاركه مع احد
4558,snb,2024-01-17T20:59:00,خصم  رسوم 2.20 AED على الحساب ***977 رقم العملية 708880570
4559,snb,2024-10-22T15:42:00,"سحب نقدي 26,155.73 USD من الحساب ***154 بتاريخ 2024-10-22 الرصيد المتاح 35,837.03"
4560,بنك الرياض,2024-03-29T20:26:00,‏رمز التحقق الخاص بك هو 205828 صالح لمدة 15 دقائق لا تشاركه مع احد‎
4561,riyad bank,2024-10-07T08:05:00,"Transfer  of ر.س 74,887.87 to sara a. completed. Ref 430516846. Balance ر.س 87,851.79"
4562,snb,2024-10-06T22:13:00,رمز التحقق الخاص بك هو 726795 صالح لمدة 5 دقائق لا تشاركه مع احد
4563,الأهلي,2024-02-21T07:09:00,"ATM withdrawal SAR 32,606.78 from account ***986 on 2024-02-21. Available balance SAR 172,012.05"
4564,snb,2024-07-14T03:38:00,Your OTP is 997409. Valid for 15 minutes. Do not share it with anyone
4565,بنك الرياض,2024-10-14T07:24:00,عزيزنا Ø§Ù„Ø¹Ù…ÙŠÙ„ ØªÙ… ØªÙØ¹ÙŠÙ„ Ø®Ø¯Ù…Ø© Ø§Ù„Ø­ÙˆØ§Ù„Ø§Øª Ø§Ù„ÙÙˆØ±ÙŠØ© Ø¹Ù„Ù‰ Ø­سابك ***159 للاستفسار اتصل على 966574507450
4566,riyad bank,2024-06-27T17:23:00,"Purchase  of AED 19,011.54 at amazon.sa on card ending xxxx8149 on 27/06/2024 17:23. Available balance AED 348,168.09"
4567,alrajhi,2024-08-02T15:34:00,Your  OTP is 579544. Valid for 15 minutes. Do not share it with anyone
4568,بنك الرياض,2024-03-18T07:12:00,Your OTP is 547043. Valid for 15 minutes. Do not share it with anyone
4569,الراجحي,2024-06-21T20:19:00,"Purchase of SAR 58,585.09 at amazon.sa on card ending xxxx3525 on 2024-06-21 20:19. Available balance SAR 278,116.74 thank you"
4570,snb,2024-10-21T23:51:00,"تم تحويل مبلغ ٥٦,١٢٥.٦٤ ر.س الى نورة الشمري رقم المرجع ٦٠٤٢٩٥٦٦٩ الرصيد ٤٤٢,٢٩٥.٤٤"
4571,snb,2024-10-03T15:10:00,"‏تم ايداع راتب بمبلغ 47,428.00 ر.س في الحساب ***225 بتاريخ 2024-10-03‎"
4572,بنك الرياض,2024-10-27T00:31:00,"ATM withdrawal AED 49,458.41 from account ***888 on 2024-10-27. Available balance AED 239,631.95"
4573,snb,2024-11-28T07:30:00,"Dear customer, service sms alerts was activated on account ***309. Call 966537231283 for help thank you"
4574,alrajhi,2024-04-21T08:22:00,Your OTP is 632645. Valid for 10 minutes. Do not share it with anyone
4575,riyad bank,2024-10-26T08:36:00,"Dear customer, service apple pay was activated on account ***372. Call 966546785358 for help"
4576,snb,2024-05-31T18:10:00,"عملية شراء بمبلغ 26,160.93 SAR لدى بنده بالبطاقة ****5715 بتاريخ 31/05/2024 الرصيد المتاح 68,012.15"
4577,بنك الرياض,2024-07-19T22:11:00,"Dear  customer, service apple pay was activated on account ***228. Call 966584324862 for help"
4578,بنك الرياض,2024-02-12T02:23:00,"Dear customer, service apple pay was activated on account ***584. Call 966529750095 for help"
4579,الأهلي,2024-01-05T06:11:00,"Dear customer, service المدفوعات الدولية was activated on account ***941. Call 966538177392 for help"
4580,alrajhi,2024-03-20T02:12:00,"سحب نقدي 56,094.93 ر.س من الحساب ***633 بتاريخ 2024-03-20 الرصيد المتاح 391,143.58 -الأهلي"
4581,الراجحي,2024-08-04T12:47:00,"Salary of USD 7,446.96 credited to account ***937 on 2024-08-04"
4582,الراجحي,2024-08-10T17:23:00,"Transfer of AED 68,469.31 to sara a. completed. Ref 413871479. Balance AED 86,191.36"
4583,الراجحي,2024-05-21T13:28:00,"سحب نقدي 63,431.18 ر.س من الحساب ***211 بتاريخ 21/05/2024 الرصيد المتاح 173,688.62"
4584,الأهلي,2024-05-18T13:48:00,‏عزيزنا العميل تم تفعيل خدمة الحوالات الفورية على حسابك ***696 للاستفسار اتصل على 966567586056‎
4585,الأهلي,2024-07-25T15:45:00,"Bill payment USD 76,628.40 to هنقرستيشن succeeded. Fee USD 22.02. Ref 720709667 شكرا لك"
4586,riyad bank,2024-10-07T15:24:00,"سحب  نقدي 2,271.92 AED من الحساب ***439 بتاريخ 2024-10-07 الرصيد المتاح 222,229.41"
4587,الراجحي,2024-02-10T14:44:00,Your  OTP is 395250. Valid for 15 minutes. Do not share it with anyone
4588,الأهلي,2024-11-19T20:01:00,"تم ايداع راتب بمبلغ 46,617.53 USD في الحساب ***787 بتا"
4589,بنك الرياض,2024-07-07T15:26:00,"تم  ايداع راتب بمبلغ 35,601.15 USD في الحساب ***700 بتاريخ 2024-07-07"
4590,الراجحي,2024-03-03T12:15:00,"سحب نقدي 22,597.71 ر.س من الحساب ***463 بتاريخ 2024-03-03 الرصيد المتاح 92,670.71 thank you"
4591,الأهلي,2024-01-25T01:31:00,عزيزنا العميل تم تفعيل خدمة المدفوعات الدولية على حسابك ***944 للاستفسار اتصل على 966548529357
4592,snb,2024-07-05T11:42:00,"تم تحويل مبلغ 74,651.49 SAR الى خالد العتيبي رقم المرجع 443530250 الرصيد 32,596.16"
4593,بنك الرياض,2024-06-12T07:58:00,عزيزنا العميل تم تفعيل خدمة الحوالات الفورية على حسابك ***273 للاستفسار اتصل على 966529213838 -الراجحي
4594,alrajhi,2024-02-04T09:48:00,"Bill payment Ø±.Ø³ 27,958.25 to amazon.sa succeeded. Fee ر.س 9.96. Ref 298284760"
4595,snb,2024-12-05T12:37:00,"‏تم تحويل مبلغ 81,710.18 AED الى mohammed ali رقم المرجع 382492020 الرصيد 103,846.07‎"
4596,الراجحي,2024-04-08T22:26:00,Your card xxxx2767 was declined at صيدلية النهدي due to insufficient funds
4597,الراجحي,2024-01-28T09:49:00,"سحب نقدي 33,202.22 USD من الحساب ***135 بتاريخ 2024-01-28 الرصيد المتاح 159,085.37"
4598,alrajhi,2024-03-13T01:45:00,"عملية شراء بمبلغ 71,484.04 AED لدى نون بالبطاقة xxxx7743 بتاريخ 13/03/2024 الرصيد المتاح 350,992.00"
4599,riyad bank,2024-10-04T01:00:00,"سحب نقدي 84,113.82 AED من الحساب ***796 بتاريخ 2024-10-04 الرصيد المتاح 466,803.15"
4600,riyad bank,2024-05-05T20:18:00,"Bill payment USD 60,316.13 to jarir bookstore succeeded. Fee USD 52.73. Ref 942243985"
4601,riyad bank,2024-09-20T16:47:00,"عملية شراء بمبلغ 65,441.68 SAR لدى صيدلية النهدي بالبطاقة xxxx7943 بتاريخ 2024-09-20 الرصيد المتاح 454,134.13 شكرا لك"
4602,snb,2024-06-26T21:52:00,خصم رسوم 74.15 AED على الحساب ***239 رقم العملية 255018967
4603,الأهلي,2024-03-04T04:12:00,‏رمز التحقق الخاص بك هو 893149 صالح لمدة 5 دقائق لا تشاركه مع احد‎
4604,snb,2024-02-20T18:13:00,"Salary of ر.س 31,549.59 credited to account ***815 on 2024-02-20"
4605,snb,2024-04-21T18:28:00,Your OTP is 91941. Valid for 10 minutes. Do not share it with anyone
4606,الراجحي,2024-12-03T16:47:00,"تم ايداع راتب بمبلغ 47,648.50 USD في الحساب ***898 بتاريخ 03/12/2024"
4607,alrajhi,2024-06-25T22:40:00,"Bill payment USD 60,810.09 to نون succeeded. Fee USD 98.25. Ref 482356033"
4608,الأهلي,2024-05-12T11:25:00,"Purchase of ر.س 89,583.95 at هنقرستيشن on card ending xxxx5771 on 2024-05-12 11:25. Available balance ر.س 258,836.72"
4609,snb,2024-09-17T01:19:00,"Bill payment ر.س 2,945.73 to هنقرستيشن succeeded. Fee ر.س 72.36. Ref 436694711"
4610,snb,2024-10-03T13:53:00,"سحب نقدي 80,336.64 SAR من الحساب ***464 بتاريخ 03/10/2024 الرصيد المتاح 207,214.70"
4611,riyad bank,2024-02-18T02:03:00,"سحب نقدي 18,918.44 USD من الحساب ***510 بتاريخ 2024-02-18 الرصيد"
4612,riyad bank,2024-05-22T19:15:00,"تم ايداع راتب بمبلغ 34,703.31 AED في الحساب ***710 بتاريخ 22/05/2024"
4613,alrajhi,2024-03-03T08:32:00,"ATM withdrawal USD 39,115.56 from account ***635 on 2024-03-03. Available balance USD 374,338.66"
4614,snb,2024-05-18T04:26:00,Your OTP is 977103. Valid for 15 minutes. Do not share it with anyone
4615,الأهلي,2024-11-27T09:51:00,"Salary of USD ٧٩,١٠٢.٨٣ credited to account ***٧٥٥ on ٢٠٢٤-١١-٢٧"
4616,snb,2024-11-02T22:54:00,"‏Purchase of AED 9,781.00 at carrefour hyper on card ending xxxx1226 on 2024-11-02 22:54. Available balance AED 486,296.45‎"
4617,snb,2024-10-18T02:09:00,عزيزنا  Ø§Ù„Ø¹Ù…ÙŠÙ„ ØªÙ… ØªÙØ¹ÙŠÙ„ Ø®Ø¯Ù…Ø© Ø§Ù„Ø­ÙˆØ§Ù„Ø§Øª Ø§Ù„ÙÙˆØ±ÙŠØ© Ø¹Ù„Ù‰ Ø­سابك ***521 للاستفسار اتصل على 966575118973
4618,بنك الرياض,2024-11-14T18:39:00,رمز  التحقق الخاص بك هو 866066 صالح لمدة 5 دقائق لا تشاركه مع احد
4619,riyad bank,2024-05-15T07:12:00,"ATM withdrawal AED 50,741.80 from account ***376 on 15/05/2024. Available balance AED 318,922.58"
4620,الأهلي,2024-01-28T14:25:00,"‏عملية شراء بمبلغ 544.16 AED لدى هنقرستيشن بالبطاقة ****4770 بتاريخ 28/01/2024 الرصيد المتاح 74,960.92‎"
4621,riyad bank,2024-06-18T06:43:00,Your OTP is 244173. Valid for 5 minutes. Do not share it with anyone
4622,بنك الرياض,2024-04-10T21:36:00,"عملية شراء بمبلغ 56,523.34 ر.س لدى amazon.sa بالبطاقة ****5002 بتاريخ 2024-04-10 الرصيد المتاح 357,773.39"
4623,snb,2024-11-18T02:47:00,Your card xxxx7706 was declined at ØµÙŠØ¯Ù„ية النهدي due to insufficient funds thank you
4624,riyad bank,2024-06-19T12:30:00,"Purchase of SAR 6,750.30 at بنده on card ending ****1108 on 2024-06-19 12:30. Available balance SAR 142,602.97"
4625,الراجحي,2024-10-13T02:05:00,"Bill payment AED 37,248.06 to carrefour hyper succeeded. Fee AED 37.55. Ref 117130098"
4626,snb,2024-04-03T06:05:00,"Salary of ر.س 37,304.64 credited to account ***248 on 2024-04-03"
4627,بنك الرياض,2024-09-23T15:05:00,عزيزنا العميل تم تفعيل خدمة المدفوعات الدولية على حسابك ***800 للاستفسار اتصل على 966578864561
4628,الراجحي,2024-10-14T18:05:00,Your OTP is 486968. Valid for 10 minutes. Do not share it with anyone
4629,الراجحي,2024-02-20T17:48:00,"Dear customer, service apple pay was activated on account ***580. Call 966523307496 for help"
4630,بنك الرياض,2024-04-01T12:08:00,عزيزنا  العميل تم تفعيل خدمة المدفوعات الدولية على حسابك ***987 للاستفسار اتصل على 966511932337
4631,riyad bank,2024-05-17T02:34:00,"تم Ø§ÙŠØ¯Ø§Ø¹ Ø±Ø§ØªØ¨ Ø¨Ù…Ø¨Ù„Øº 80,794.73 AED Ùي الحساب ***125 بتاريخ 2024-05-17"
4632,alrajhi,2024-10-30T23:45:00,Salary of SAR 500.51 credited to account ***575 on 2024-10-30
4633,الأهلي,2024-04-10T09:25:00,"سحب نقدي 64,121.16 ر.س من الحساب ***684 بتاريخ 10/04/2024 الرصيد المتاح 31,433.59"
4634,alrajhi,2024-02-18T16:05:00,"Transfer of USD 49,062.91 to mohammed ali completed. Ref 558314887. Balance USD 226,893.14"
4635,riyad bank,2024-09-21T21:30:00,"عملية شراء بمبلغ 55,727.17 USD لدى jarir bookstore بالبطاقة ****1723 بتاريخ 2024-09-21 الرصيد المتاح 360,490.40"
4636,الراجحي,2024-06-06T21:17:00,Your  card ****3763 was declined at jarir bookstore due to insufficient funds
4637,riyad bank,2024-09-01T16:49:00,"Dear customer, service apple pay was activated on account ***722. Call 966573397636 for help"
4638,alrajhi,2024-02-26T08:36:00,"Purchase of AED ٥١,٥٨٣.٦٤ at carrefour hyper on card ending ****٦٦٤٠ on ٢٠٢٤-٠٢-٢٦ ٠٨:٣٦. Available balance AED ١٨٣,٠٨٨.٤٠ شكرا لك"
4639,بنك الرياض,2024-06-21T18:25:00,رمز التحقق الخاص بك هو 441981 صالح لمدة 10 دقائق لا تشاركه مع احد
4640,الأهلي,2024-11-05T19:23:00,‏Your card xxxx7712 was declined at amazon.sa due to insufficient funds‎
4641,بنك الرياض,2024-06-18T02:53:00,خصم رسوم 16.04 SAR على الحساب ***223 رقم العملية 754782524
4642,riyad bank,2024-01-22T07:03:00,"تم تحويل مبلغ 82,082.03 ر.س الى acme trading llc رقم المرجع 755042887 الرصيد 315,914.11 -الأهلي"
4643,بنك الرياض,2024-03-29T13:21:00,Your card xxxx5245 was declined at jarir bookstore due to insufficient funds
4644,بنك الرياض,2024-05-08T08:55:00,"Transfer of SAR 20,784.48 to acme trading llc completed. Ref 688322998. Balance SAR 261,774.53"
4645,alrajhi,2024-05-15T20:23:00,عزيزنا العميل تم تفعيل خدمة الحوالات الفورية على حسابك ***922 للاستفسار اتصل على 966534898565
4646,snb,2024-02-14T11:56:00,عزيزنا العميل تم تفعيل خدمة الحوالات الفورية على حسابك ***679 للاستفسار اتصل على 966510618165
4647,alrajhi,2024-06-21T05:53:00,خصم رسوم ٤.٥٨ USD على الحساب ***٧٠٨ رقم العملية ١٠٧٥٢٥٦٦٠ -riyad bank
4648,riyad bank,2024-08-24T19:32:00,"تم تحويل مبلغ ١٥,٥٠٧.٦٣ ر.س الى acme trading llc رقم المرجع ٤٢٥٦١٥٠١٩ الرصيد ٢٣١,١٦٧.٦١"
4649,بنك الرياض,2024-02-12T12:03:00,"Transfer of USD 52,186.96 to mohammed ali completed. Ref 427188625. Balance USD 219,918.37"
4650,alrajhi,2024-12-10T23:59:00,"Salary of AED 30,538.42 credited to account ***478 on 2024-12-10"
4651,riyad bank,2024-08-21T09:33:00,عزيزنا العميل تم تفعيل خدمة المدفوعات الدولية على حسابك ***789 للاستفسار اتصل على 966555076782 شكرا لك
4652,riyad bank,2024-04-02T15:16:00,"‏Dear customer, service الحوالات الفورية was activated on account ***347. Call 966573266689 for help‎"
4653,riyad bank,2024-09-29T10:20:00,Your card xxxx7083 was declined at jarir bookstore due to insufficient funds
4654,الراجحي,2024-05-10T22:35:00,"Bill payment SAR 82,789.74 to starbucks succeeded. Fee SAR 8.06. Ref 815988299"
4655,alrajhi,2024-07-07T11:02:00,خصم رسوم 24.89 USD على الحساب ***687 رقم العملية 678461867
4656,الأهلي,2024-03-13T03:35:00,رمز  التحقق الخاص بك هو 286060 صالح لمدة 5 دقائق لا تشاركه مع احد
4657,بنك الرياض,2024-12-13T00:04:00,عزيزنا  العميل تم تفعيل خدمة apple pay على حسابك ***467 للاستفسار اتصل على 966584240612
4658,snb,2024-07-18T06:43:00,"سحب Ù†Ù‚Ø¯ÙŠ 59,334.62 Ø±.Ø³ Ù…Ù† Ø§Ù„Ø­Ø³Ø§Ø¨ ***886 Ø¨ØªØ§ريخ 18/07/2024 الرصيد المتاح 281,566.98 thank you"
4659,snb,2024-10-07T23:49:00,"عملية شراء بمبلغ 69,004.98 USD لدى هنقرستيشن بالبطاقة ****9852 بتاريخ 07/10/2024 الرصيد المتاح 341,606.59"
4660,riyad bank,2024-05-22T16:59:00,خصم رسوم 6.75 ر.س على الحساب ***115 رقم العملية 604429791
4661,snb,2024-01-02T03:47:00,"تم تحويل مبلغ 29,390.61 ر.س الى خالد العتيبي رقم المرجع 782080434 الرصيد 171,503.46 شكرا لك"
4662,alrajhi,2024-10-25T19:28:00,"ATM  withdrawal SAR 35,731.20 from account ***624 on 2024-10-25. Available balance SAR 322,059.96"
4663,الراجحي,2024-07-30T21:17:00,‏Your card xxxx3038 was declined at بنده due to insufficient funds‎
4664,alrajhi,2024-03-05T05:20:00,"‏تم تحويل مبلغ 31,031.52 SAR الى acme trading llc رقم المرجع 970670279 الرصيد 486,794.37‎"
4665,riyad bank,2024-04-19T12:00:00,"سحب نقدي 63,661.48 SAR من الحساب ***124 بتاريخ 2024-04-19 الرصيد المتاح 24,501.51"
4666,snb,2024-05-11T03:26:00,"Purchase of AED 63,343.83 at starbucks on card ending ****4359 on 11/05/2024 03:26. Availabl"
4667,alrajhi,2024-09-24T02:17:00,"Transfer of AED 3,864.37 to sara a. completed. Ref 617598589. Balance AED 281,768.98"
4668,alrajhi,2024-04-13T16:47:00,"عملية Ø´Ø±Ø§Ø¡ Ø¨Ù…Ø¨Ù„Øº 65,542.98 USD Ù„Ø¯Ù‰ Ù†ÙˆÙ† Ø¨Ø§Ù„Ø¨Ø·Ø§Ù‚Ø© xxxx2931 بتاريخ 2024-04-13 الرصيد المتاح 462,827.95"
4669,snb,2024-10-30T18:42:00,"سحب نقدي 59,371.27 ر.س من الحساب ***264 بتاريخ 30/10/2024 الرصيد المتاح 370,515.02"
4670,alrajhi,2024-02-25T22:38:00,‏عزيزنا  العميل تم تفعيل خدمة الحوالات الفورية على حسابك ***623 للاستفسار اتصل على 966543642856‎
4671,riyad bank,2024-11-18T05:33:00,"ATM withdrawal AED 25,521.64 from account ***210 on 2024-11-18. Available balance AED 244,926.51"
4672,الراجحي,2024-03-11T05:56:00,رمز التحقق الخاص بك هو 680111 صالح لمدة 5 دقائق لا تشاركه مع احد
4673,بنك الرياض,2024-06-27T00:22:00,Your card ****7389 was declined at هنقرستيشن due to insufficient funds
4674,alrajhi,2024-01-26T09:07:00,"تم ايداع راتب بمبلغ 16,475.49 AED في الحساب ***796 بتاريخ 2024-01-26"
4675,الأهلي,2024-02-15T11:56:00,عزيزنا العميل تم تفعيل خدمة apple pay على حسابك ***692 للاستفسار اتصل على 966579934151
4676,riyad bank,2024-11-28T19:14:00,Your OTP is 861178. Valid for 10 minutes. Do not share it with anyone
4677,riyad bank,2024-01-10T20:26:00,"سحب نقدي 53,287.62 AED من الحساب ***915 بتاريخ 2024-01-10 الرصيد المتاح 153,130.69"
4678,alrajhi,2024-05-02T02:35:00,عزيزنا العميل تم تفعيل خدمة sms alerts على حسابك ***354 للاستفسار اتصل على 966557257739
4679,الأهلي,2024-07-13T20:35:00,"سحب  Ù†Ù‚Ø¯ÙŠ 50,301.52 Ø±.Ø³ Ù…Ù† Ø§Ù„Ø­Ø³Ø§Ø¨ ***849 Ø¨ØªØ§ريخ 2024-07-13 الرصيد المتاح 113,860.81"
4680,snb,2024-11-03T12:46:00,عزيزنا العميل تم تفعيل خدمة sms alerts على حسابك ***504 للاستفسار اتصل على 966564821314
4681,الراجحي,2024-04-18T20:58:00,"Salary of ر.س ٣٦,٥٥٨.٠١ credited to account ***٧٥١ on ١٨/٠٤/٢٠٢٤"
4682,الأهلي,2024-06-12T13:58:00,عزيزنا العميل تم تفعيل خدمة apple pay على حسابك ***201 للاستفسار اتصل على 966519807513
4683,الأهلي,2024-07-20T23:31:00,"Bill payment ر.س 17,895.32 to هنقرستيشن succeeded. Fee ر.س 49.86. Ref 569467866"
4684,snb,2024-10-23T03:44:00,خصم رسوم 72.75 AED على الحساب ***921 رقم العملية 502002615
4685,الأهلي,2024-01-03T17:25:00,خصم رسوم 82.99 ر.س على الحساب ***808 رقم العملية 488007330
4686,الأهلي,2024-01-01T10:24:00,"Salary  of AED 4,580.08 credited to account ***911 on 2024-01-01"
4687,الأهلي,2024-08-21T17:18:00,Your OTP is 531307. Valid for 10 minutes. Do not share it with anyone
4688,الراجحي,2024-05-11T02:15:00,رمز التحقق الخاص بك هو 265776 صالح لمدة 15 دقائق لا تشاركه مع احد
4689,alrajhi,2024-06-29T04:42:00,رمز التحقق الخاص بك هو 27046 صالح لمدة 10 دقائق لا تشاركه مع احد
4690,الراجحي,2024-01-25T05:09:00,عزيزنا العميل تم تفعيل خدمة المدفوعات الدولية على حسابك ***632 للاستفسار اتصل على 966520149562
4691,alrajhi,2024-08-05T21:15:00,"Salary  of AED 18,563.46 credited to account ***566 on 2024-08-05 thank you"
4692,بنك الرياض,2024-04-09T05:00:00,"عملية Ø´Ø±Ø§Ø¡ Ø¨Ù…Ø¨Ù„Øº 61,147.50 Ø±.Ø³ Ù„Ø¯Ù‰ Ù†ÙˆÙ† Ø¨Ø§Ù„Ø¨Ø·Ø§Ù‚Ø© xxxx3163 بتاريخ 2024-04-09 الرصيد المتاح 394,246.82"
4693,alrajhi,2024-08-24T18:27:00,خصم رسوم 23.60 USD على الحساب ***866 رقم العملية 103059321
4694,snb,2024-09-06T09:21:00,"Dear customer, service sms alerts was activated on account ***367. Call 966520379539 for help"
4695,alrajhi,2024-03-22T20:51:00,"Dear customer, service apple pay was activated on account ***235. Call 966574090599 for help"
4696,الأهلي,2024-05-21T13:01:00,"Purchase of AED 79,193.48 at بنده on card ending xxxx5928 on 21/05/2024 13:01. Available balance AED 415,682.09"
4697,alrajhi,2024-08-01T12:25:00,"تم تحويل مبلغ 59,181.09 USD الى نورة الشمري رقم المرجع 903817131 الرصيد 309,106.68 شكرا لك"
4698,alrajhi,2024-06-30T14:07:00,Your card xxxx3662 was declined at starbucks due to insufficient funds
4699,بنك الرياض,2024-12-04T01:40:00,عزيزنا العميل تم تفعيل خدمة sms alerts على حسابك ***941 للاستفسار اتصل على 966556618450
4700,riyad bank,2024-12-12T13:33:00,"Salary of AED 83,905.42 credited to account ***257 on 2024-12-12"
4701,alrajhi,2024-07-18T21:41:00,"Bill payment USD 25,462.17 to بنده succeeded. Fee USD 46.82. Ref 186835668"
4702,بنك الرياض,2024-12-11T15:43:00,"Bill payment Ø±.Ø³ 48,764.57 to ØµÙŠØ¯Ù„ÙŠØ© Ø§Ù„Ù†Ù‡Ø¯ÙŠ succeeded. Fee ر.س 14.44. Ref 570044544"
4703,بنك الرياض,2024-05-28T08:38:00,Your card ****2038 was declined at amazon.sa due to insufficient funds
4704,snb,2024-10-03T00:31:00,"تم ايداع راتب بمبلغ 22,069.37 USD في الحساب ***205 بتاريخ 2024-10-03"
4705,بنك الرياض,2024-10-22T18:54:00,خصم رسوم 71.26 USD على الحساب ***604 رقم العمل
4706,الأهلي,2024-01-10T17:40:00,Your card ****5010 was declined at صيدلية النهدي due to insufficient funds
4707,بنك الرياض,2024-07-24T23:28:00,خصم  رسوم 87.31 AED على الحساب ***596 رقم العملية 302835060
4708,alrajhi,2024-03-25T07:04:00,"Purchase of AED 66,075.77 at jarir bookstore on card ending ****4700 on 2024-03-25 07:04. Available balance AED 328,292.01"
4709,riyad bank,2024-03-09T00:55:00,"Bill payment ر.س 73,453.31 to jarir bookstore succeeded. Fee ر.س 48.30. Ref 675430140"
4710,snb,2024-01-17T16:00:00,"ATM withdrawal SAR 87,501.51 from account ***565 on 17/01/2024. Available balance SAR 249,586.55"
4711,snb,2024-11-28T05:16:00,Your OTP is 488873. Valid for 10 minutes. Do not share 
4712,riyad bank,2024-05-20T04:24:00,"سحب  نقدي 60,368.37 ر.س من الحساب ***959 بتاريخ 20/05/2024 الرصيد المتاح 419,589.36"
4713,الراجحي,2024-07-28T11:16:00,"عملية شراء بمبلغ 12,405.49 ر.س لدى carrefour hyper بالبطاقة ****8197 بتاريخ 2024-07-28 الرصيد المتاح 477,915.51"
4714,الأهلي,2024-03-11T05:24:00,Your card ****5278 was declined at هنقرستيشن due to insufficient funds
4715,riyad bank,2024-12-13T01:13:00,خصم Ø±Ø³ÙˆÙ… 68.17 SAR Ø¹Ù„Ù‰ Ø§Ù„Ø­Ø³Ø§Ø¨ ***992 رقم العملية 738991528 شكرا لك
4716,alrajhi,2024-08-04T19:22:00,"عملية شراء بمبلغ 65,832.50 SAR لدى صيدلية النهدي بالبطاقة ****4394 بتاريخ 2024-08-04 الرصيد المتاح 134,977.00"
4717,riyad bank,2024-05-20T22:46:00,"عملية شراء بمبلغ 6,588.90 ر.س لدى هنقرستيشن بالبطاقة ****8555 بتاريخ 2024-05-20 الرصيد المتاح 101,946.50"
4718,riyad bank,2024-06-27T00:09:00,"تم تحويل مبلغ 44,686.11 USD الى sara a. رقم المرجع 419724175 الرصيد 286,093.11"
4719,riyad bank,2024-09-16T19:16:00,"Salary of SAR 84,738.88 credited to account ***967 on 2024-09-16"
4720,بنك الرياض,2024-03-07T14:39:00,"Bill  payment ر.س 11,427.20 to صيدلية النهدي succeeded. Fee ر.س 3.60. Ref 648177019"
4721,بنك الرياض,2024-02-20T09:33:00,خصم رسوم 22.48 USD على الحساب ***966 رقم العملية 747131271
4722,الأهلي,2024-09-18T21:26:00,"تم ايداع راتب بمبلغ 58,912.92 AED في الحساب ***506 بتاريخ 2024-09-18"
4723,riyad bank,2024-11-08T04:54:00,"سحب  نقدي 43,709.32 USD من الحساب ***885 بتاريخ 08/11/2024 الرصيد المتاح 128,005.75"
4724,alrajhi,2024-11-23T21:58:00,"Dear customer, service apple pay was activated on account ***776. Call 966593514296 for help"
4725,الأهلي,2024-02-22T05:40:00,"عملية شراء بمبلغ ٤,٤٧١.٢١ USD لدى صيدلية النهدي بالبطاقة xxxx٦٩٤٠ بتاريخ ٢٠٢٤-٠٢-٢٢ الرصيد المتاح ٤٨٧,٨٠٩.٣٣"
4726,alrajhi,2024-04-17T05:07:00,"Dear customer, service sms alerts was activated on account ***867. Call 966561848608 for help"
4727,snb,2024-06-10T14:31:00,"Salary of AED 7,135.05 credited to account ***629 on 10/06/2024"
4728,snb,2024-11-06T02:41:00,"Purchase  of ر.س 71,756.85 at carrefour hyper on card ending xxxx4132 on 2024-11-06 02:41. Available balance ر.س 376,257.40"
4729,snb,2024-05-14T13:05:00,"Dear customer, service المدفوعات الدولية was activated on account ***781. Call 966593507161 for help"
4730,riyad bank,2024-03-05T18:36:00,"تم تحويل مبلغ 63,479.91 USD الى sara a. رقم المرجع 989939000 الرصيد 383,408.94"
4731,الأهلي,2024-09-16T08:41:00,"ATM withdrawal USD 44,256.18 from account ***247 on 2024-09-16. Available balance USD 255,002.28"
4732,الراجحي,2024-10-04T20:44:00,"تم  تحويل مبلغ ٤٠٠.٢٥ SAR الى خالد العتيبي رقم المرجع ٧٣٠٩١١٣٤١ الرصيد ٢١٠,٩٣٥.٦٠"
4733,snb,2024-03-26T18:44:00,عزيزنا العميل تم تفعيل خدمة الحوالات الفورية على حسابك ***915 للاستفسار اتصل على 966513111720
4734,بنك الرياض,2024-02-11T18:01:00,"Purchase  of USD 96.06 at هنقرستيشن on card ending ****3567 on 2024-02-11 18:01. Available balance USD 383,301.42"
4735,الأهلي,2024-02-18T13:40:00,"ATM withdrawal SAR 29,469.74 from account ***348 on 18/02/2024. Available balance SAR 105,760.92"
4736,بنك الرياض,2024-06-25T06:02:00,Your  OTP is 722220. Valid for 5 minutes. Do not share it with anyone
4737,riyad bank,2024-04-26T16:06:00,"تم ايداع راتب بمبلغ ٣٦,٠٣٤.٢٦ SAR في الحساب ***٢٧٣ بتاريخ ٢٦/٠٤/٢٠٢٤"
4738,بنك الرياض,2024-06-13T22:00:00,"‏Bill payment ر.س 44,926.27 to نون succeeded. Fee ر.س 99.08. Ref 482824803‎"
4739,بنك الرياض,2024-09-02T11:35:00,"عملية شراء بمبلغ 18,397.16 AED لدى هنقرستيشن بالبطاقة xxxx7361 بتاريخ 2024-09-02 الرصيد المتاح 256,071.18"
4740,riyad bank,2024-03-23T18:40:00,Your card xxxx3639 was declined at jarir bookstore due to insufficient funds
4741,بنك الرياض,2024-12-04T03:57:00,"عملية شراء بمبلغ ٤٠,٢٢١.٤٦ SAR لدى amazon.sa بالبطاقة ****٢٩٨٣ بتاريخ ٢٠٢٤-١٢-٠٤ الرصيد المتاح ٤٦٤,٨٣٧.٦٩ شكرا لك"
4742,الأهلي,2024-08-04T22:00:00,Your OTP is 688069. Valid for 15 minutes. Do not share 
4743,alrajhi,2024-07-01T02:00:00,"تم تحويل مبلغ 46,462.54 ر.س الى نورة الشمري رقم المرجع 326023042 الرصيد 61,466.18"
4744,riyad bank,2024-09-27T13:38:00,"Dear customer, service apple pay was activated on account ***874. Call 966512276910 for help"
4745,الأهلي,2024-05-28T00:27:00,"‏Transfer of USD ٣٧,٨٣٧.٩٠ to خالد العتيبي completed. Ref ٣٧٧٢٢٤١٠٠. Balance USD ٢٨٨,٠٧٦.٥٣‎"
4746,riyad bank,2024-06-13T11:35:00,خصم  رسوم 78.48 USD على الحساب ***463 رقم العملية 939812472 thank you
4747,alrajhi,2024-07-15T08:48:00,رمز التحقق الخاص بك هو ١١٨٧٠٥ صالح لمدة ٥ دقائق لا تشاركه مع احد
4748,الراجحي,2024-02-05T19:32:00,"Bill payment SAR 30,785.51 to هنقرستيشن succeeded. Fee SAR 74.50. Ref 276841691"
4749,بنك الرياض,2024-09-24T01:59:00,خصم رسوم 23.38 ر.س على الحساب ***781 رقم العملية 145785606
4750,riyad bank,2024-04-04T23:22:00,"Bill payment SAR 75,009.29 to amazon.sa succeeded. Fee SAR 72.07. Ref 468939073"
4751,الأهلي,2024-01-27T23:25:00,"تم ايداع راتب بمبلغ 82,614.89 AED في الحساب ***968 بتاريخ 2024-01-27 شكرا لك"
4752,alrajhi,2024-08-10T15:42:00,خصم رسوم 30.41 ر.س على الحساب ***180 رقم العملية 946469032
4753,بنك الرياض,2024-05-29T18:37:00,Your card xxxx2380 was declined at starbucks due to insufficient funds
4754,snb,2024-08-05T20:50:00,‏Your OTP is ٣٦٨٤٩٠. Valid for ١٠ minutes. Do not share it with anyone‎
4755,الراجحي,2024-09-18T23:30:00,"تم ايداع راتب بمبلغ 70,096.93 USD في الحساب ***226 بتاريخ 18/09/2024"
4756,بنك الرياض,2024-09-08T20:48:00,"تم تحويل مبلغ 23,456.39 USD الى mohammed ali رقم المرجع 751961524 الرصيد 83,978.67"
4757,riyad bank,2024-06-08T07:18:00,Your card ****3613 was declined at amazon.sa due to insufficient funds
4758,الأهلي,2024-09-18T09:44:00,"Purchase of AED 14,973.79 at نون on card ending xxxx4237 on 2024-09-18 09:44. Available balance AED 290,010.01 شكرا لك"
4759,alrajhi,2024-03-31T21:13:00,رمز التحقق الخاص بك هو ٢١٣٢٠٠ صالح لمدة ١٠ دقائق لا تشاركه مع احد
4760,بنك الرياض,2024-05-21T22:37:00,عزيزنا العميل تم تفعيل خدمة المدفوعات الدولية على حسابك ***774 للاستفسار اتصل على 966554820465 thank you
4761,بنك الرياض,2024-02-11T04:12:00,"تم ايداع راتب بمبلغ 46,073.38 ر.س في الحساب ***363 بتاريخ 2024-02-11"
4762,alrajhi,2024-01-17T03:42:00,"تم ايداع راتب بمبلغ 8,797.32 AED في الحساب ***346 بتاريخ 2024-01-17"
4763,الأهلي,2024-02-05T01:29:00,"تم تحويل مبلغ 71,652.99 USD الى خالد العتيبي رقم المرجع 769773492 الرصيد 160,462.61"
4764,الأهلي,2024-04-27T09:01:00,Your card xxxx2976 was declined at صيدلية النهدي due to ins
4765,snb,2024-10-05T11:44:00,"تم تحويل مبلغ 11,927.75 ر.س الى نورة الشمري رقم المرجع 917401989 الرصيد 109,436.09"
4766,snb,2024-07-19T02:56:00,"تم ايداع راتب بمبلغ 36,542.42 AED في الحساب ***611 بتاريخ 19/07/2024"
4767,alrajhi,2024-02-02T15:52:00,عزيزنا Ø§Ù„Ø¹Ù…ÙŠÙ„ ØªÙ… ØªÙØ¹ÙŠÙ„ Ø®Ø¯Ù…Ø© Ø§Ù„Ù…Ø¯ÙÙˆØ¹Ø§Øª Ø§Ù„Ø¯ÙˆÙ„ÙŠØ© Ø¹Ù„Ù‰ حسابك ***731 للاست
4768,الراجحي,2024-03-17T07:28:00,"ATM withdrawal SAR 22,167.36 from account ***691 on 2024-03-17. Available balance SAR 303,123.97"
4769,alrajhi,2024-07-31T14:08:00,"تم ايداع راتب بمبلغ 68,631.74 AED في الحساب ***191 بتاريخ 31/07/2024"
4770,الراجحي,2024-03-19T09:06:00,"Transfer of ر.س 27,984.40 to mohammed ali completed. Ref 472129647. Balance ر.س 370,206.28"
4771,بنك الرياض,2024-05-30T07:33:00,رمز  التحقق الخاص بك هو 477279 صالح لمدة 10 دقائق لا تشاركه مع احد
4772,الراجحي,2024-11-22T01:46:00,"‏Salary of ر.س 53,154.50 credited to account ***573 on 22/11/2024‎"
4773,riyad bank,2024-09-13T19:21:00,"‏ATM withdrawal USD 81,414.31 from account ***367 on 2024-09-13. Available balance USD 141,754.35‎"
4774,snb,2024-02-04T08:49:00,"ATM withdrawal SAR ٧٩,٦٦٤.٧٢ from account ***٢١٣ on ٢٠٢٤-٠٢-٠٤. Available balance SAR ٦٨,٣٩٩.١٨"
4775,الأهلي,2024-01-28T23:58:00,"Transfer of SAR 89,960.57 to Ø®Ø§Ù„Ø¯ Ø§Ù„Ø¹ØªÙŠØ¨ÙŠ completed. Ref 848793311. Balance SAR 154,664.61"
4776,snb,2024-01-23T02:55:00,"تم ØªØ­ÙˆÙŠÙ„ Ù…Ø¨Ù„Øº 44,387.78 Ø±.Ø³ Ø§Ù„Ù‰ sara a. رقم المرجع 816180342 الرصيد 490,540.43"
4777,alrajhi,2024-01-12T06:53:00,Your OTP is 120447. Valid for 10 minutes. Do not share it with anyone
4778,riyad bank,2024-01-19T04:04:00,رمز  التحقق الخاص بك هو 450811 صالح لمدة 5 دقائق لا تشاركه مع احد
4779,alrajhi,2024-06-19T11:33:00,"Dear customer, service الحوالات الفورية was activated on account ***157. Call 966570743512 for help"
4780,alrajhi,2024-10-31T15:17:00,"Salary  of ر.س 86,971.04 credited to account ***563 on 2024-10-31"
4781,الراجحي,2024-12-11T23:42:00,"سحب نقدي 9,119.54 ر.س من الحساب ***154 بتاريخ 11/12/2024 الرصيد المتاح 363,113.68"
4782,الراجحي,2024-06-16T13:33:00,عزيزنا العميل تم تفعيل خدمة sms alerts على حسابك ***116 للاستفسار اتصل على 966574255594
4783,الراجحي,2024-09-23T22:03:00,"تم  تحويل مبلغ 50,649.04 SAR الى نورة الشمري رقم المرجع 757375366 الرصيد 309,713.75"
4784,snb,2024-03-29T19:20:00,"Salary of ر.س 43,727.15 credited to account ***808 on 2024-03-29"
4785,alrajhi,2024-08-26T23:41:00,"عملية شراء بمبلغ 59,783.11 SAR لدى carrefour hyper بالبطاقة ****1700 بتاريخ 26/08/2024 الرصيد المتاح 80,384.24"
4786,snb,2024-10-15T10:01:00,"Dear customer, service apple pay was activated on account ***346. Call 966562312718 for help"
4787,الأهلي,2024-02-17T13:44:00,"‏Bill payment AED 28,317.64 to نون succeeded. Fee AED 23.26. Ref 476097290‎"
4788,الراجحي,2024-06-17T09:35:00,Your OTP is 175397. Valid for 5 minutes. Do not share it with anyone
4789,riyad bank,2024-06-14T02:00:00,خصم رسوم 52.48 ر.س على الحساب ***448 رقم العملية 701081988
4790,الراجحي,2024-10-15T17:18:00,"Transfer  of SAR ٨٦,٧٨٦.٠٨ to sara a. completed. Ref ٣١٦٣١٦٧٩٨. Bal"
4791,بنك الرياض,2024-06-15T09:54:00,"ATM withdrawal SAR 70,819.98 from account ***375 on 2024-06-15. Available balance SAR 361,029.21"
4792,alrajhi,2024-05-31T23:23:00,"Dear customer, service sms alerts was activated on account ***776. Call 966575593067 for help"
4793,الراجحي,2024-05-20T12:29:00,"‏سحب نقدي 80,783.55 USD من الحساب ***276 بتاريخ 20/05/2024 الرصيد المتاح 30,026.17‎"
4794,بنك الرياض,2024-02-19T19:40:00,"Dear customer, service apple pay was activated on account ***934. Call 966543450866 for help"
4795,بنك الرياض,2024-10-13T11:43:00,"تم  تحويل مبلغ 44,438.83 AED الى acme trading llc رقم المرجع 399090440 الرصيد 95,613.47"
4796,riyad bank,2024-11-11T11:31:00,"‏Purchase of ر.س 21,767.55 at بنده on card ending xxxx2079 on 2024-11-11 11:31. Available balance ر.س 237,722.47‎"
4797,الراجحي,2024-03-31T11:33:00,"Purchase  of AED 59,734.33 at starbucks on card ending xxxx9983 on 31/03/2024 11:33. Available balance AED 117,334.18"
4798,الراجحي,2024-03-15T23:58:00,"ATM withdrawal ر.س 2,734.70 from account ***984 on 15/03/2024. Available balance ر.س 362,889.14"
4799,بنك الرياض,2024-07-16T20:35:00,خصم رسوم 11.83 AED على الحساب ***665 رقم العملية 680494997
4800,riyad bank,2024-05-24T06:25:00,‏Your card ****8454 was declined at هنقرستيشن due to insufficient funds‎
4801,الأهلي,2024-11-02T07:07:00,‏Your OTP is 81056. Valid for 5 minutes. Do not share it with anyone‎
4802,alrajhi,2024-10-27T17:38:00,خصم رسوم 3.28 AED على الحساب ***299 رقم العملية 710360996
4803,snb,2024-01-02T21:26:00,"Bill payment SAR 82,808.96 to Ù†ÙˆÙ† succeeded. Fee SAR 61.86. Ref 667383192"
4804,بنك الرياض,2024-11-09T01:00:00,"Transfer of SAR 12,254.69 to نورة الشمري completed. Ref 715689713. Balance SAR 160,522.77"
4805,alrajhi,2024-03-18T22:36:00,Your  OTP is 80040. Valid for 5 minutes. Do not share it with anyone
4806,riyad bank,2024-09-03T04:07:00,"تم  ايداع راتب بمبلغ 81,913.52 USD في الحساب ***374 بتاريخ 03/09/2024"
4807,بنك الرياض,2024-06-28T11:16:00,"سحب نقدي 36,024.30 AED من الحساب ***945 بتاريخ 2024-06-28 الرصيد المتاح 407,859.00 -الراجحي"
4808,الأهلي,2024-08-04T10:13:00,‏Your card xxxx9242 was declined at starbucks due to insufficient funds‎
4809,بنك الرياض,2024-08-04T09:37:00,Your card xxxx3094 was declined at هنقرستيشن due to insufficient funds
4810,snb,2024-08-16T02:02:00,خصم  رسوم 21.27 AED على الحساب ***300 رقم العملية 267209774
4811,riyad bank,2024-06-12T10:37:00,"عملية شراء بمبلغ 82,344.04 ر.س لدى amazon.sa بالبطاقة xxxx2820 بتاريخ 12/06/2024 الرصيد المتاح 324,535.88"
4812,الراجحي,2024-03-15T21:44:00,"Purchase of AED 34,206.26 at صيدلية النهدي on card ending xxxx1530 on 2024-03-15 21:44. Available balance AED 383,446.33"
4813,riyad bank,2024-10-04T18:44:00,رمز التحقق الخاص بك هو 979523 صالح لمدة 5 دقائق لا تشاركه مع احد
4814,الراجحي,2024-05-17T20:09:00,"Purchase of SAR 22,846.44 at amazon.sa on card ending xxxx3357 on 2024-05-17 20:09. Available balance SAR 177,613.25 thank you"
4815,الأهلي,2024-07-31T11:45:00,"ATM withdrawal USD ٦٩,١١٥.٧٠ from account ***٦٠٢ on ٣١/٠٧/٢٠٢٤. Available balance USD ١٥٣,٨٣٥.٦٨"
4816,snb,2024-11-28T23:44:00,"Dear customer, service الحوالات الفورية was activated on account ***244. Call 966510540370 for help -alrajhi"
4817,الراجحي,2024-10-14T19:22:00,"تم تحويل مبلغ 72,174.59 AED الى نورة الشمري رقم المرجع 347030024 الرصيد 278,378.28"
4818,snb,2024-05-02T03:36:00,"Bill payment USD 3,205.77 to starbucks succeeded. Fee USD 47.63. Ref 886013551"
4819,الأهلي,2024-06-01T21:55:00,رمز التحقق الخاص بك هو ١١٣٤١١ صالح لمدة ١٠ دقائق لا تشاركه مع احد
4820,snb,2024-06-16T21:45:00,"‏تم  ايداع راتب بمبلغ 15,624.43 ر.س في الحساب ***648 بتاريخ 2024-06-16‎"
4821,بنك الرياض,2024-05-14T16:03:00,"‏Purchase  of USD 38,848.10 at carrefour hyper on card ending ****3089 on 2024-05-14 16:03. Available balance USD 397,041.61‎"
4822,snb,2024-03-04T03:59:00,‏خصم رسوم 31.90 SAR على الحساب ***476 رقم العملية 134356052‎
4823,بنك الرياض,2024-09-25T03:50:00,عزيزنا العميل تم تفعيل خدمة sms alerts على حسابك ***810 للاستفسار اتصل على 966576728937
4824,alrajhi,2024-02-01T05:56:00,"Transfer of SAR 6,950.76 to sara a. completed. Ref 742267734. Balance SAR 95,197.31"
4825,riyad bank,2024-10-17T16:12:00,عزيزنا Ø§Ù„Ø¹Ù…ÙŠÙ„ ØªÙ… ØªÙØ¹ÙŠÙ„ Ø®Ø¯Ù…Ø© sms alerts Ø¹Ù„Ù‰ Ø­Ø³Ø§Ø¨ك ***865 للاستفسار اتصل على 966525854320
4826,الراجحي,2024-01-09T17:55:00,‏رمز التحقق الخاص بك هو 979465 صالح لمدة 10 دقائق لا تشاركه مع احد‎
4827,alrajhi,2024-07-17T11:41:00,"Dear  customer, service apple pay was activated on account ***711. Call 966555921373 for help"
4828,بنك الرياض,2024-11-01T18:48:00,"Bill payment USD 40,100.21 to هنقرستيشن succeeded. Fee USD 81.69. Ref 712022430"
4829,بنك الرياض,2024-12-04T11:36:00,"سحب نقدي 55,497.79 SAR من الحساب ***584 بتاريخ 2024-12-04 الرصيد المتاح 73,805.53"
4830,الأهلي,2024-10-11T03:06:00,"Transfer of ر.س 81,005.09 to acme trading llc completed. Ref 345885877. Balance ر.س 421,135.79"
4831,الأهلي,2024-07-14T09:44:00,Your card ****4790 was declined at بنده due to insufficient funds
4832,الأهلي,2024-02-09T16:28:00,خصم  رسوم 67.80 USD على الحساب ***793 رقم العملية 584309484
4833,snb,2024-01-01T09:22:00,"Dear customer, service apple pay was activated on account ***346. Call 966533601928 for help"
4834,riyad bank,2024-12-04T16:38:00,Your OTP is 246712. Valid for 5 minutes. Do not share it with anyone
4835,بنك الرياض,2024-05-28T16:00:00,"Dear customer, service apple pay was activated on account ***544. Call 966577632735 for help"
4836,snb,2024-09-29T20:52:00,"Purchase of SAR 162.79 at jarir bookstore on card ending xxxx7159 on 2024-09-29 20:52. Available balance SAR 495,107.40"
4837,riyad bank,2024-12-09T13:58:00,"عملية شراء بمبلغ 494.72 AED لدى بنده بالبطاقة ****4835 بتاريخ 09/12/2024 الرصيد المتاح 144,949.14"
4838,بنك الرياض,2024-04-15T21:02:00,"‏تم  ايداع راتب بمبلغ 59,526.27 SAR في الحساب ***298 بتاريخ 15/04/2024‎ شكرا لك"
4839,الراجحي,2024-07-26T02:47:00,"‏Transfer of AED 13,105.41 to sara a. completed. Ref 173087015. Balance AED 450,066.66‎"
4840,snb,2024-03-29T14:16:00,"تم  تحويل مبلغ 22,571.15 ر.س الى sara a. رقم المرجع 668007342 الرصيد 39,481.78"
4841,الراجحي,2024-08-25T12:20:00,"Transfer  of SAR 12,596.73 to sara a. completed. Ref 352026847. Balance SAR 318,566.91"
4842,الراجحي,2024-06-10T14:50:00,رمز التحقق الخاص بك هو 328060 صالح لمدة 15 دقائق لا تشاركه مع احد
4843,الأهلي,2024-05-29T01:51:00,‏خصم رسوم 55.70 ر.س على الحساب ***522 رقم العملية 483535977‎
4844,snb,2024-09-08T04:30:00,خصم رسوم 17.81 ر.س على الحساب ***449 رقم العملية 626052688
4845,بنك الرياض,2024-05-02T04:07:00,"تم ايداع راتب بمبلغ 43,806.43 SAR في الحساب ***229 بتاريخ 2024-05-02"
4846,الأهلي,2024-09-13T11:26:00,‏عزيزنا العميل تم تفعيل خدمة apple pay على حسابك ***450 للاستفسار اتصل على 966598148736‎
4847,snb,2024-10-03T22:25:00,"Dear customer, service الحوالات الفورية was activated on account ***102. Call 966547738584 for help"
4848,بنك الرياض,2024-11-28T12:54:00,عزيزنا العميل تم تفعيل خدمة sms alerts على حسابك ***428 للاستفسار اتصل على 966535431932
4849,الأهلي,2024-04-24T09:59:00,"Bill  payment AED 28,301.70 to carrefour hyper succeeded. Fee AED 34.65. Ref 988412564"
4850,بنك الرياض,2024-03-21T19:30:00,Your card xxxx6854 was declined at نون due to insufficient funds
4851,بنك الرياض,2024-03-14T19:12:00,"عملية شراء بمبلغ 554.43 ر.س لدى amazon.sa بالبطاقة ****9994 بتاريخ 14/03/2024 الرصيد المتاح 302,010.89"
4852,الأهلي,2024-08-18T11:06:00,"Bill payment USD 39,209.43 to carrefour hyper succeeded. Fee USD 67.72. Ref 378475004"
4853,الراجحي,2024-08-19T02:16:00,"ATM withdrawal SAR 84,569.04 from account ***265 on 19/08/2024. Available balance SAR 78,725.55 -riyad bank"
4854,riyad bank,2024-07-17T23:31:00,عزيزنا العميل تم تفعيل خدمة sms alerts على حسابك ***392 للاستفسار اتصل على 966543968855
4855,riyad bank,2024-10-06T14:35:00,خصم رسوم ٤٢.٨٦ SAR على الحساب ***٨٧١ رقم العملية ٩٤٧٤٩٥٦٦٩
4856,alrajhi,2024-11-30T22:48:00,"سحب نقدي 57,805.24 USD من الحساب ***509 بتاريخ 2024-11-30 الرصيد المتاح 150,909.78"
4857,الراجحي,2024-04-25T11:53:00,عزيزنا  Ø§Ù„Ø¹Ù…ÙŠÙ„ ØªÙ… ØªÙØ¹ÙŠÙ„ Ø®Ø¯Ù…Ø© Ø§Ù„Ù…Ø¯ÙÙˆØ¹Ø§Øª Ø§Ù„Ø¯ÙˆÙ„ÙŠØ© Ø¹Ù„Ù‰ حسابك ***978 للاستفسار اتصل على 966562303086
4858,بنك الرياض,2024-07-06T15:47:00,"Dear customer, service الحوالات الفورية was activated on account ***١٥٣. Call ٩٦٦٥٧٢٨٦٣٣٦٤ for help"
4859,snb,2024-09-01T22:23:00,"تم ايداع راتب بمبلغ 13,045.56 ر.س في الحساب ***904 بتاريخ 2024-09-01"
4860,الأهلي,2024-02-04T18:04:00,"‏Bill payment SAR 42,789.11 to jarir bookstore succeeded. Fee SAR 83.84. Ref 671625586‎"
4861,الأهلي,2024-01-15T17:32:00,"‏تم  تحويل مبلغ 88,992.92 SAR الى mohammed ali رقم المرجع 778372912 "
4862,الراجحي,2024-05-12T16:13:00,"تم تحويل مبلغ 73,230.46 USD الى acme trading llc رقم المرجع 232286071 الرصيد 348,522.74"
4863,بنك الرياض,2024-10-26T18:59:00,رمز التحقق الخاص بك هو 812881 صالح لمدة 10 دقائق لا تشاركه مع احد
4864,الراجحي,2024-07-19T11:37:00,خصم رسوم 11.38 AED على الحساب ***875 رقم العملية 484943355
4865,الراجحي,2024-09-03T07:23:00,Your card xxxx1011 was declined at صيدلية النهدي due to insufficient funds
4866,الراجحي,2024-03-01T05:16:00,Your OTP is 398144. Valid for 15 minutes. Do not share it with anyone
4867,الراجحي,2024-03-01T15:13:00,"عملية شراء بمبلغ 73,939.72 AED لدى نون بالبطاقة ****3967 بتاريخ 01/03/2024 الرصيد المتاح 328,908.89"
4868,riyad bank,2024-01-29T23:41:00,"عملية شراء بمبلغ 47,174.63 USD لدى starbucks بالبطاقة ****9902 بتاريخ 29/01/2024 الرصيد المتاح 463,585.56"
4869,snb,2024-11-18T05:55:00,"Transfer  of ر.س 33,460.74 to sara a. completed. Ref 802227301. Balance ر.س 297,903.66"
4870,riyad bank,2024-01-27T07:21:00,عزيزنا  العميل تم تفعيل خدمة الحوالات الفورية على حسابك ***557 للاستفسار اتصل على 966566896595
4871,الراجحي,2024-10-31T04:10:00,"‏Bill payment SAR 36,626.80 to starbucks succeeded. Fee SAR 60.57. Ref 831499401‎"
4872,snb,2024-05-31T06:05:00,"عملية  شراء بمبلغ 29,626.50 ر.س لدى amazon.sa بالبطاقة xxxx8327 بتاريخ 31/05/2024 الرصيد المتاح 22,106.00"
4873,الراجحي,2024-04-03T16:13:00,"ATM withdrawal SAR 60,498.72 from account ***473 on 2024-04-03. Available ba"
4874,الأهلي,2024-01-01T21:21:00,"تم ايداع راتب بمبلغ 14,753.23 AED في الحساب ***638 بتاريخ 2024-01-01"
4875,riyad bank,2024-07-03T07:27:00,رمز التحقق الخاص بك هو 657937 صالح لمدة 15 دقائق لا تشاركه مع احد
4876,بنك الرياض,2024-09-06T18:59:00,عزيزنا العميل تم تفعيل خدمة المدفوعات الدولية على حسابك ***757 للاستفسار اتصل على 966511392798
4877,بنك الرياض,2024-05-21T17:19:00,"ATM withdrawal USD 25,096.88 from account ***169 on 21/05/2024. Available balance USD 101,042.14"
4878,alrajhi,2024-01-25T17:58:00,"تم  ايداع راتب بمبلغ 64,581.63 SAR في الحساب ***423 بتاريخ 25/01/2024"
4879,snb,2024-06-20T21:47:00,"تم تحويل مبلغ 53,074.50 ر.س الى خالد العتيبي رقم المرجع 574929762 الرصيد 229,800.27"
4880,الأهلي,2024-12-06T08:23:00,"Dear customer, service الحوالات الفورية was activated on account ***663. Call 966518608644 for help"
4881,بنك الرياض,2024-01-26T19:01:00,"ATM withdrawal ر.س 2,085.89 from account ***802 on 26/01/2024. Available balance ر.س 245,648.03"
4882,الأهلي,2024-03-29T15:36:00,عزيزنا العميل تم تفعيل خدمة apple pay على حسابك ***339 للاستفسار اتصل على 966564254244
4883,الأهلي,2024-10-30T03:57:00,خصم رسوم 66.79 AED على الحساب ***749 رقم العملية 888799724
4884,الراجحي,2024-06-30T21:50:00,"سحب Ù†Ù‚Ø¯ÙŠ 4,720.45 Ø±.Ø³ Ù…Ù† Ø§Ù„Ø­Ø³Ø§Ø¨ ***947 Ø¨ØªØ§ريخ 30/06/2024 الرصيد المتاح 367,338.61"
4885,الأهلي,2024-06-04T21:20:00,"‏Dear customer, service الحوالات الفورية was activated on account ***536. Call 966574208402 for help‎"
4886,riyad bank,2024-08-20T06:29:00,Your card xxxx4925 was declined at starbucks due to insufficient funds
4887,بنك الرياض,2024-05-05T20:33:00,"تم تحويل مبلغ 52,412.30 SAR الى sara a. رقم المرجع 193351031 الرصيد 376,429.30"
4888,الأهلي,2024-04-12T06:00:00,"Transfer of USD 59,903.93 to نورة الشمري completed. Ref 263396422. Balance USD 311,598.23"
4889,الراجحي,2024-05-19T00:05:00,خصم  رسوم 16.84 AED على الحساب ***890 رقم العملية 545275750 شكرا لك
4890,riyad bank,2024-07-09T19:22:00,رمز  Ø§Ù„ØªØ­Ù‚Ù‚ Ø§Ù„Ø®Ø§Øµ Ø¨Ùƒ Ù‡Ùˆ 271115 ØµØ§Ù„Ø­ لمدة 5 دقائق لا تشاركه مع احد
4891,alrajhi,2024-06-11T04:53:00,رمز التحقق الخاص بك هو 980062 صالح لمدة 10 دقائق لا تشاركه مع احد
4892,riyad bank,2024-05-25T07:24:00,خصم رسوم 85.58 AED على الحساب ***133 رقم العملية 298347593 thank you
4893,الراجحي,2024-11-03T19:05:00,عزيزنا العميل تم تفعيل خدمة apple pay على حسابك ***261 للاستفسار اتصل على 966573042139
4894,riyad bank,2024-10-31T05:29:00,"Purchase of ر.س 69,889.63 at هنقرستيشن on card ending ****5144 on 2024-10-31 05:29. Available balance ر.س 335,548.01"
4895,الأهلي,2024-06-27T08:14:00,"ATM withdrawal ر.س 34,969.99 from account ***896 on 27/06/2024. Available balance ر.س 492,732.04"
4896,الراجحي,2024-11-15T22:25:00,"Purchase of ر.س 5,063.11 at صيدلية النهدي on card ending ****7837 on 2024-11-15 22:25. Available balance ر.س 352,178.87"
4897,الراجحي,2024-03-14T15:48:00,عزيزنا العميل تم تفعيل خدمة sms alerts على حسابك ***549 للاستفسار اتصل على 966594118890
4898,الأهلي,2024-08-26T14:24:00,"سحب  نقدي 79,989.92 AED من الحساب ***985 بتاريخ 26/08/2024 الرصيد "
4899,الأهلي,2024-08-13T04:20:00,عزيزنا  العميل تم تفعيل خدمة المدفوعات الدولية على حسابك ***794 للاستفسار اتصل على 966578888100
4900,بنك الرياض,2024-05-25T11:27:00,خصم  رسوم 59.34 ر.س على الحساب ***253 رقم العملية 371955376
4901,الراجحي,2024-10-16T14:52:00,"تم ايداع راتب بمبلغ 3,540.99 ر.س في الحساب ***342 بتا"
4902,alrajhi,2024-03-06T12:20:00,"Dear customer, service المدفوعات الدولية was activated on account ***288. Call 966577270838 for help"
4903,snb,2024-08-26T09:57:00,"‏Salary of AED 73,601.08 credited to account ***455 on 26/08/2024‎"
4904,بنك الرياض,2024-02-12T18:54:00,"Purchase of USD 22,583.23 at صيدلية النهدي on card ending ****2613 on 2024-02-12 18:54. Available balance USD 447,940.16"
4905,snb,2024-08-21T05:32:00,عزيزنا Ø§Ù„Ø¹Ù…ÙŠÙ„ ØªÙ… ØªÙØ¹ÙŠÙ„ Ø®Ø¯Ù…Ø© sms alerts Ø¹Ù„Ù‰ Ø­Ø³Ø§Ø¨ك ***494 للاستفسار اتصل على 966554882010
4906,الأهلي,2024-06-01T19:16:00,"تم ايداع راتب بمبلغ 14,369.19 AED في الحساب ***816 بتاريخ 2024-06-01"
4907,alrajhi,2024-07-23T09:41:00,"Dear customer, service apple pay was activated on account ***737. Call 966519236527 for help"
4908,بنك الرياض,2024-03-20T05:35:00,"Dear customer, service apple pay was activated on account ***915. Call 966529118098 for help"
4909,riyad bank,2024-10-25T16:06:00,Your card ****8125 was declined at هنقرستيشن due to insufficient funds
4910,riyad bank,2024-11-29T02:07:00,"ATM withdrawal USD 53,017.86 from account ***510 on 29/11/2024. Available balance USD 378,020.30"
4911,riyad bank,2024-08-20T18:26:00,"Bill payment AED 78,682.24 to carrefour hyper succeeded. Fee AED 79.69. Ref 347199532"
4912,alrajhi,2024-08-10T22:23:00,خصم رسوم 21.52 ر.س على الحساب ***875 رقم العملية 430340487
4913,الأهلي,2024-05-09T07:00:00,"Bill payment ر.س 22,452.64 to carrefour hyper succeeded. Fee ر.س 9.35. Ref 658944760"
4914,الأهلي,2024-08-14T02:26:00,"‏عملية شراء بمبلغ 41,016.12 SAR لدى amazon.sa بالبطاقة ****1456 بتاريخ 2024-08-14 الرصيد المتاح 51,304.94‎"
4915,الراجحي,2024-11-23T04:38:00,Your OTP is 32278. Valid for 15 minutes. Do not share it with anyone
4916,الأهلي,2024-06-26T18:31:00,"تم ايداع راتب بمبلغ 53,664.41 ر.س في الحساب ***954 بتاريخ 2024-06-26"
4917,riyad bank,2024-05-13T08:41:00,"تم تحويل مبلغ 35,058.10 USD الى نورة الشمري رقم المرجع 220501886 الرصيد 469,533.58"
4918,الأهلي,2024-04-16T03:25:00,"تم تحويل مبلغ 70,091.05 ر.س الى خالد العتيبي رقم المرجع 995234972 الرصيد 365,456.50 -snb"
4919,بنك الرياض,2024-10-26T23:24:00,"Bill payment SAR 16,719.65 to نون succeeded. Fee SAR 78.97. Ref 245857961"
4920,الأهلي,2024-10-19T13:54:00,‏عزيزنا العميل تم تفعيل خدمة المدفوعات الدولية على حسابك ***433 للاستفسار ات
4921,alrajhi,2024-10-06T14:14:00,"Bill payment SAR 17,214.99 to صيدلية النهدي succeeded. Fee SAR 7.02. Ref 835677991"
4922,بنك الرياض,2024-08-29T05:59:00,"Transfer of SAR ٥,٥٥٩.٧٣ to sara a. completed. Ref ١١٥٩٣١٠٣٣. Balance SAR ١٨٦,٨٦٦.٣١"
4923,alrajhi,2024-10-11T08:32:00,"Salary of AED 40,102.80 credited to account ***998 on 2024-10-11"
4924,alrajhi,2024-05-23T18:36:00,"Bill  payment ر.س 88,799.22 to هنقرستيشن succeeded. Fee ر.س 83.66. Ref 163947351"
4925,alrajhi,2024-05-30T15:41:00,رمز التحقق الخاص بك هو ٤٥٧٥٥٠ صالح لمدة ١٠ دقائق لا تشاركه مع احد
4926,الراجحي,2024-09-17T11:05:00,"ATM withdrawal SAR 4,276.74 from account ***563 on 2024-09-17. Available balance SAR 354,937.45"
4927,riyad bank,2024-09-01T02:02:00,"Purchase of USD 39,493.29 at jarir bookstore on card ending xxxx2161 on 2024-09-01 02:02. Available balance USD 489,718.25"
4928,الراجحي,2024-11-08T13:20:00,"Dear customer, service المدفوعات الدولية was activated on account ***430. Call 966545041381 for help"
4929,snb,2024-12-06T04:29:00,رمز التحقق الخاص بك هو 367681 صالح لمدة 15 دقائق لا تشاركه مع احد
4930,alrajhi,2024-07-10T16:36:00,"عملية شراء بمبلغ ٧٣,٢٥٨.٥٨ SAR لدى amazon.sa بالبطاقة ****٣٤٧٦ بتاريخ ٢٠٢٤-٠٧-١٠ الرصيد المتاح ٤١٨,٧٩٠.٦٢"
4931,الراجحي,2024-03-30T06:50:00,‏Your card ****6472 was declined at amazon.sa due to insufficient funds‎
4932,بنك الرياض,2024-06-25T00:58:00,"Purchase  of ر.س 89,850.89 at carrefour hyper on card ending xxxx5780 on 25/06/2024 00:58. Available balance ر.س 59,132.13"
4933,snb,2024-06-25T20:29:00,‏Your card ****9365 was declined at بنده due to insufficient funds‎
4934,بنك الرياض,2024-04-13T05:23:00,"Dear customer, service sms alerts was activated on account ***265. Call 966588132085 for help"
4935,الأهلي,2024-01-04T04:28:00,"عملية شراء بمبلغ ٧١,٧٧٤.٦٨ USD لدى بنده بالبطاقة ****١٤٦٣ بتاريخ ٠٤/٠١/٢٠٢٤ الرصيد المتاح ٢٨١,٣١٨.٧٦"
4936,الراجحي,2024-10-29T17:50:00,رمز التحقق الخاص بك هو 344756 صالح لمدة 15 دقائق لا تشاركه مع احد
4937,الراجحي,2024-03-28T03:44:00,Your card ****9276 was declined at jarir bookstore due to insufficient funds
4938,الأهلي,2024-01-26T17:30:00,رمز التحقق الخاص بك هو 32460 صالح لمدة 5 دقائق لا تشاركه مع احد
4939,الراجحي,2024-11-19T13:41:00,"سحب  نقدي 46,584.23 SAR من الحساب ***218 بتاريخ 2024-11-19 الرصيد المتاح 216,304.04"
4940,بنك الرياض,2024-10-15T11:25:00,"ATM withdrawal USD 87,644.60 from account ***233 on 15/10/2024. Available balance USD 164,658.19"
4941,الراجحي,2024-08-31T00:00:00,"سحب نقدي 6,175.57 ر.س من الحساب ***691 بتاريخ 31/08/2024 الرصيد المتاح 191,782.00 thank you"
4942,snb,2024-05-19T19:58:00,رمز التحقق الخاص بك هو 647661 صالح لمدة 10 دقائق لا تشاركه مع احد
4943,الراجحي,2024-04-06T15:08:00,"Purchase of SAR 8,209.14 at jarir bookstore on card ending ****6332 on 06/04/2024 15:08. Available balance SAR 391,441.55"
4944,alrajhi,2024-02-18T14:22:00,رمز التحقق الخاص بك هو ٤٣٦١٣٨ صالح لمدة ٥ دقائق لا تشاركه مع احد
4945,الأهلي,2024-09-15T21:25:00,"Salary of ر.س 74,215.03 credited to account ***454 on 2024-09-15"
4946,الراجحي,2024-10-02T02:51:00,"عملية شراء بمبلغ 81,210.58 ر.س لدى amazon.sa بالبطاقة ****3038 بتاريخ 02/10/2024 الرصيد المتاح 359,746.14"
4947,الراجحي,2024-05-03T03:22:00,عزيزنا  العميل تم تفعيل خدمة sms alerts على حسابك ***449 للاستفسار اتصل على 966527920176
4948,riyad bank,2024-04-29T04:40:00,"Salary of USD 58,830.08 credited to account ***916 on 2024-04-29"
4949,alrajhi,2024-05-24T20:43:00,"سحب نقدي 62,213.55 USD من الحساب ***154 بتاريخ 2024-05-24 الرصيد المتاح 385,628.24"
4950,alrajhi,2024-02-10T02:11:00,Your OTP is 846712. Valid for 15 minutes. Do not share it with anyone
4951,alrajhi,2024-02-05T23:28:00,‏Your card ****4490 was declined at صيدلية النهدي due to insufficient funds‎
4952,riyad bank,2024-01-01T13:39:00,"Transfer of SAR 43,912.41 to mohammed ali completed. Ref 299375900. Balance SAR 60,613.10"
4953,riyad bank,2024-07-05T22:09:00,"Bill  payment AED 70,428.07 to jarir bookstore succeeded. Fee AED 87.26. Ref 990136525"
4954,alrajhi,2024-08-04T18:57:00,"Bill payment SAR 85,364.37 to jarir bookstore succeeded. Fee SAR 33.60. Ref 562949709"
4955,الأهلي,2024-03-04T23:31:00,Bill payment ر.س 465.30 to amazon.sa succeeded. Fee ر.س 61.84. Ref 990245045 thank you
4956,الأهلي,2024-10-17T13:11:00,Your  OTP is 55459. Valid for 5 minutes. Do not share it with anyone
4957,snb,2024-08-30T15:17:00,"Dear customer, service apple pay was activated on account ***864. Call 966592388776 for help"
4958,الأهلي,2024-11-10T04:29:00,"Dear customer, service المدفوعات الدولية was activated on account ***782. Call 966582713133 for help"
4959,الراجحي,2024-01-01T18:26:00,"Salary of USD 65,481.12 credited to account ***432 on 01/01/2024"
4960,snb,2024-11-05T23:40:00,خصم رسوم 21.15 USD على الحساب ***125 رقم العملية 335481800
4961,بنك الرياض,2024-05-17T01:00:00,"Bill payment USD 19,088.78 to carrefour hyper succeeded. Fee USD 67.98. Ref 242173769"
4962,الأهلي,2024-02-02T01:03:00,Your OTP is 498731. Valid for 10 minutes. Do not share it with anyone
4963,snb,2024-03-26T12:04:00,Your OTP is 643136. Valid for 5 minutes. Do not share it with anyone
4964,بنك الرياض,2024-05-13T16:27:00,"تم ايداع راتب بمبلغ 13,431.83 ر.س في الحساب ***222 بتاريخ 13/05/2024"
4965,snb,2024-10-24T12:15:00,"سحب نقدي 88,499.05 AED من الحساب ***970 بتاريخ 24/10/2024 الرصيد المتاح 313,199.69"
4966,بنك الرياض,2024-02-18T21:51:00,"سحب نقدي ٢٩,٠٣٦.٣٦ USD من الحساب ***٨٧٤ بتاريخ ١٨/٠٢/٢٠٢٤ الرصيد المتاح ٢١٣,٣٨٨.٤٧"
4967,alrajhi,2024-11-05T23:51:00,"Dear customer, service الحوالات الفورية was activated on account ***576. Call 966582644651 for help"
4968,بنك الرياض,2024-09-02T06:33:00,Your card ****1738 was declined at بنده due to insuf
4969,الراجحي,2024-01-30T17:16:00,"عملية شراء بمبلغ 75,026.12 AED لدى carrefour hyper بالبطاقة xxxx3847 بتاريخ 2024-01-30 الرصيد المتاح 421,095.44"
4970,الأهلي,2024-06-08T12:19:00,"Dear customer, service المدفوعات الدولية was activated on account ***544. Call 966545556492 for help"
4971,الأهلي,2024-02-13T07:50:00,"‏Salary of AED 75,144.03 credited to account ***586 on 13/02/2024‎"
4972,الراجحي,2024-04-20T07:40:00,Your card ****٨٢٧٤ was declined at starbucks due to insufficient funds
4973,بنك الرياض,2024-01-25T21:10:00,"ATM withdrawal USD 9,979.04 from account ***986 on 2024-01-25. Available balance USD 329,468.31"
4974,الراجحي,2024-11-29T02:40:00,"Bill payment SAR 32,214.76 to هنقرستيشن succeeded. Fee SAR 10.41. Ref 153485714 -بنك الرياض"
4975,الأهلي,2024-07-31T01:11:00,"Bill payment SAR 6,949.46 to نون succeeded. Fee SAR 19.84. Ref 629398858"
4976,riyad bank,2024-08-26T05:14:00,"تم تحويل مبلغ 1,305.20 ر.س الى mohammed ali رقم المرجع 232981072 الرصيد 44,088.31"
4977,snb,2024-08-15T21:29:00,"ATM withdrawal ر.س 43,588.46 from account ***980 on 2024-08-15. Available balance ر.س 363,489.55"
4978,riyad bank,2024-01-08T04:39:00,"‏سحب  نقدي 42,038.57 AED من الحساب ***987 بتاريخ 08/01/2024 الرصيد المتاح 188,970.48‎"
4979,الأهلي,2024-11-25T12:26:00,Your card xxxx8973 was declined at carrefour hyper due to insufficient funds
4980,بنك الرياض,2024-04-23T16:58:00,Your card ****7791 was declined at نون due to insufficient funds
4981,الراجحي,2024-02-22T18:50:00,"تم تحويل مبلغ 65,209.34 AED الى نورة الشمري رقم المرجع 848795572 الرصيد 172,265.27"
4982,snb,2024-04-10T09:26:00,رمز التحقق الخاص بك هو 12608 صالح لمدة 10 دقائق لا تشاركه مع احد
4983,الراجحي,2024-04-15T20:06:00,Your OTP is 529555. Valid for 15 minutes. Do not share it with anyone
4984,الأهلي,2024-10-25T18:57:00,"Salary  of ر.س 50,941.29 credited to account ***477 on 2024-10-25"
4985,alrajhi,2024-10-23T13:55:00,Your OTP is 820620. Valid for 10 minutes. Do not share it with anyone
4986,الراجحي,2024-03-02T22:42:00,"عملية  Ø´Ø±Ø§Ø¡ Ø¨Ù…Ø¨Ù„Øº 15,612.68 USD Ù„Ø¯Ù‰ starbucks Ø¨Ø§Ù„Ø¨Ø·Ø§Ù‚Ø© ****5275 بتاريخ 2024-03-02 الرصيد المتاح 380,859.62"
4987,riyad bank,2024-01-05T02:36:00,"تم  تحويل مبلغ 77,237.22 ر.س الى نورة الشمري رقم المرجع 958770894 الرصيد 389,531.45"
4988,snb,2024-02-22T03:14:00,"Dear customer, service الحوالات الفورية was activated on account ***592. Call 966576720460 for help"
4989,snb,2024-08-22T06:21:00,"‏تم ايداع راتب بمبلغ 68,152.05 ر.س في الحساب ***851 بتاريخ 2024-08-22‎"
4990,الأهلي,2024-02-03T16:45:00,خصم رسوم 20.22 SAR على الحساب ***870 رقم العملية 847905150
4991,snb,2024-01-20T02:16:00,Your  card xxxx7344 was declined at صيدلية النهدي due to insufficient funds
4992,alrajhi,2024-08-03T07:46:00,"تم ايداع راتب بمبلغ ٦١,٥٨٧.٨٣ AED في الحساب ***٤٩٨ بتاريخ ٢٠٢٤-٠٨-٠٣"
4993,riyad bank,2024-02-06T20:07:00,"عملية شراء بمبلغ ٥٧,٥٣٥.٩٣ AED لدى نون بالبطاقة ****٧٠٢٧ بتاريخ ٢٠٢٤-٠٢-٠٦ الرصيد المتاح ٢٦٧,١١٦.٠٣"
4994,alrajhi,2024-07-23T16:46:00,عزيزنا العميل تم تفعيل خدمة الحوالات الفورية على حسابك ***٥٨٩ للاستفسار اتصل على ٩٦٦٥٧٦٧١٢٥٢٧
4995,الراجحي,2024-08-14T05:44:00,"عملية شراء بمبلغ 30,967.56 USD لدى صيدلية النهدي بالبطاقة ****5528 بتاريخ 2024-08-14 الرصيد المتاح 438,042.41"
4996,snb,2024-01-07T15:02:00,"تم تحويل مبلغ 74,111.44 USD الى acme trading llc رقم المرجع 534871236 الرصيد 298,577.30"
4997,الأهلي,2024-07-07T08:09:00,Your card xxxx6135 was declined at amazon.sa due to insufficient funds -الراجحي
4998,بنك الرياض,2024-05-18T12:30:00,"Transfer  of USD 64,971.13 to acme trading llc completed. Ref 447242319. Balance USD 333,929.25"
4999,riyad bank,2024-01-03T03:17:00,"Dear customer, service apple pay was activated on account ***632. Call 966553498318 for help"
